Namespace,Pod_Name,Node,Node_Class,Actually_On_Dedicated_Node,Matching_Dedicated_Taint_Toleration,Has_NodeSelector_Or_Affinity,Dedicated_Target_Keys,CPU_Request_Cores,Memory_Request_GiB,Controller
"bab-azure-devops-agents","ado-agent-cortex-dev-n5r29-7mzn5","bab-dev-aro-01-zm4qv-worker-swec-08-9xmrp","SHARED","NO","app=sas:NoSchedule;dedicated=uipath:NoSchedule","NO","","1","2","Job/ado-agent-cortex-dev-n5r29"
"bab-azure-devops-agents","azure-devops-agent-baas-5dfd688444-bg5lq","bab-dev-aro-01-zm4qv-worker-swec-08-9xmrp","SHARED","NO","app=sas:NoSchedule;dedicated=uipath:NoSchedule","NO","","0.5","1","ReplicaSet/azure-devops-agent-baas-5dfd688444"
"bab-azure-devops-agents","azure-devops-agent-baas-5dfd688444-k4c4f","bab-dev-aro-01-zm4qv-worker-swec-06-qvjx6","SHARED","NO","app=sas:NoSchedule;dedicated=uipath:NoSchedule","NO","","0.5","1","ReplicaSet/azure-devops-agent-baas-5dfd688444"
"bab-azure-devops-agents","azure-devops-agent-bib-77cc75bfc6-hskl8","bab-dev-aro-01-zm4qv-worker-swec-01-h4skf","SHARED","NO","app=sas:NoSchedule;dedicated=uipath:NoSchedule","NO","","0.5","1","ReplicaSet/azure-devops-agent-bib-77cc75bfc6"
"bab-azure-devops-agents","azure-devops-agent-bib-liquibase-84db6f87f8-28n4x","bab-dev-aro-01-zm4qv-worker-swec-02-65kw7","SHARED","NO","app=sas:NoSchedule;dedicated=uipath:NoSchedule","NO","","0.5","1","ReplicaSet/azure-devops-agent-bib-liquibase-84db6f87f8"
"bab-azure-devops-agents","azure-devops-agent-dev-sql-5b688d5d8d-szxvf","bab-dev-aro-01-zm4qv-worker-swec-05-rwr4r","SHARED","NO","app=sas:NoSchedule;dedicated=uipath:NoSchedule","NO","","0.5","1","ReplicaSet/azure-devops-agent-dev-sql-5b688d5d8d"
"bab-azure-devops-agents","azure-devops-agent-ibm-55cd7bd5b7-66dfc","bab-dev-aro-01-zm4qv-worker-swec-01-h4skf","SHARED","NO","app=sas:NoSchedule;dedicated=uipath:NoSchedule","NO","","0.5","1","ReplicaSet/azure-devops-agent-ibm-55cd7bd5b7"
"bab-azure-devops-agents","azure-devops-agent-ibm-55cd7bd5b7-xwm6b","bab-dev-aro-01-zm4qv-worker-swec-01-h4skf","SHARED","NO","app=sas:NoSchedule;dedicated=uipath:NoSchedule","NO","","0.5","1","ReplicaSet/azure-devops-agent-ibm-55cd7bd5b7"
"bab-azure-devops-agents","azure-devops-agent-java-microservices-78b69b7947-vlp8k","bab-dev-aro-01-zm4qv-worker-swec-06-qvjx6","SHARED","NO","app=sas:NoSchedule;dedicated=uipath:NoSchedule","NO","","0.5","1","ReplicaSet/azure-devops-agent-java-microservices-78b69b7947"
"bab-azure-devops-agents","azure-devops-agent-tosca-788c948794-89c9q","bab-dev-aro-01-zm4qv-worker-swec-04-25fmv","SHARED","NO","app=sas:NoSchedule;dedicated=uipath:NoSchedule","NO","","0.5","1","ReplicaSet/azure-devops-agent-tosca-788c948794"
"bab-azure-devops-agents","azure-devops-agent-tosca-788c948794-kvcd8","bab-dev-aro-01-zm4qv-worker-swec-08-9xmrp","SHARED","NO","app=sas:NoSchedule;dedicated=uipath:NoSchedule","NO","","0.5","1","ReplicaSet/azure-devops-agent-tosca-788c948794"
"bab-azure-devops-agents","azure-devops-agent-tosca-pwsh-57b6d79d4d-g4zb2","bab-dev-aro-01-zm4qv-worker-swec-08-9xmrp","SHARED","NO","app=sas:NoSchedule;dedicated=uipath:NoSchedule","NO","","0.5","1","ReplicaSet/azure-devops-agent-tosca-pwsh-57b6d79d4d"
"bab-azure-devops-agents","azure-devops-agents-nonprod-enjaz-website-77bbc5df7d-2p9vn","bab-dev-aro-01-zm4qv-worker-swec-01-h4skf","SHARED","NO","app=sas:NoSchedule;dedicated=uipath:NoSchedule","NO","","0.5","1","ReplicaSet/azure-devops-agents-nonprod-enjaz-website-77bbc5df7d"
"bab-azure-devops-agents","azure-devops-agents-srvnow-78cd847bb8-4292h","bab-dev-aro-01-zm4qv-worker-swec-04-25fmv","SHARED","NO","app=sas:NoSchedule;dedicated=uipath:NoSchedule","NO","","0.5","1","ReplicaSet/azure-devops-agents-srvnow-78cd847bb8"
"bab-azure-devops-agents","azure-devops-agents-trivy-5d9d6877d4-d9rjl","bab-dev-aro-01-zm4qv-worker-swec-04-25fmv","SHARED","NO","app=sas:NoSchedule;dedicated=uipath:NoSchedule","NO","","0.5","1","ReplicaSet/azure-devops-agents-trivy-5d9d6877d4"
"bab-dev-baasplatform-apps-01","baas-sdk-manager-api-runtime-79dd6f55fd-2mjsh","bab-dev-aro-01-zm4qv-worker-swec-01-h4skf","SHARED","NO","app=sas:NoSchedule;dedicated=uipath:NoSchedule","NO","","0.25","1","ReplicaSet/baas-sdk-manager-api-runtime-79dd6f55fd"
"bab-dev-baasplatform-apps-01","baas-turmeric-b2b-runtime-8646d9fdff-mhvjj","bab-dev-aro-01-zm4qv-worker-swec-01-h4skf","SHARED","NO","app=sas:NoSchedule;dedicated=uipath:NoSchedule","NO","","0.25","1","ReplicaSet/baas-turmeric-b2b-runtime-8646d9fdff"
"bab-dev-baasplatform-apps-01","baas-turmeric-ob-runtime-7dccd5ddf-q5jzh","bab-dev-aro-01-zm4qv-worker-swec-05-rwr4r","SHARED","NO","app=sas:NoSchedule;dedicated=uipath:NoSchedule","NO","","0.25","1","ReplicaSet/baas-turmeric-ob-runtime-7dccd5ddf"
"bab-dev-baasplatform-apps-01","baas-turmeric-opb-runtime-5fb685d4f-p2rt6","bab-dev-aro-01-zm4qv-worker-swec-06-qvjx6","SHARED","NO","app=sas:NoSchedule;dedicated=uipath:NoSchedule","NO","","0.25","1","ReplicaSet/baas-turmeric-opb-runtime-5fb685d4f"
"bab-dev-baasplatform-apps-01","igcb-arx22-al-5746c8ddc-chj6w","bab-dev-aro-01-zm4qv-worker-swec-04-25fmv","SHARED","NO","app=sas:NoSchedule;dedicated=uipath:NoSchedule","NO","","0.2","0.24","ReplicaSet/igcb-arx22-al-5746c8ddc"
"bab-dev-baasplatform-apps-01","igcb-arx22-launcher-678c574c4-gjv9r","bab-dev-aro-01-zm4qv-worker-swec-01-h4skf","SHARED","NO","app=sas:NoSchedule;dedicated=uipath:NoSchedule","NO","","0.2","0.24","ReplicaSet/igcb-arx22-launcher-678c574c4"
"bab-dev-baasplatform-apps-01","igcb-arx22-sso-6f75958d9b-w6hj9","bab-dev-aro-01-zm4qv-worker-swec-01-h4skf","SHARED","NO","app=sas:NoSchedule;dedicated=uipath:NoSchedule","NO","","0.25","0.24","ReplicaSet/igcb-arx22-sso-6f75958d9b"
"bab-dev-baasplatform-apps-01","igcb-arx22-web-6c6b6bd55c-2jrcj","bab-dev-aro-01-zm4qv-worker-swec-06-qvjx6","SHARED","NO","app=sas:NoSchedule;dedicated=uipath:NoSchedule","NO","","0.2","0.24","ReplicaSet/igcb-arx22-web-6c6b6bd55c"
"bab-dev-baasplatform-apps-01","igcb-itur-api-analytics-7f8bb5d967-xbtx9","bab-dev-aro-01-zm4qv-worker-swec-02-65kw7","SHARED","NO","app=sas:NoSchedule;dedicated=uipath:NoSchedule","NO","","0.25","0.97","ReplicaSet/igcb-itur-api-analytics-7f8bb5d967"
"bab-dev-baasplatform-apps-01","igcb-itur-api-billing-7f678c7b7c-8nbjz","bab-dev-aro-01-zm4qv-worker-swec-05-rwr4r","SHARED","NO","app=sas:NoSchedule;dedicated=uipath:NoSchedule","NO","","0.25","0.97","ReplicaSet/igcb-itur-api-billing-7f678c7b7c"
"bab-dev-baasplatform-apps-01","igcb-itur-api-mpp-5bc9b96487-n5rzn","bab-dev-aro-01-zm4qv-worker-swec-08-9xmrp","SHARED","NO","app=sas:NoSchedule;dedicated=uipath:NoSchedule","NO","","0.25","0.97","ReplicaSet/igcb-itur-api-mpp-5bc9b96487"
"bab-dev-baasplatform-apps-01","igcb-itur-api-pulse-65f7b9c797-fd5fw","bab-dev-aro-01-zm4qv-worker-swec-08-9xmrp","SHARED","NO","app=sas:NoSchedule;dedicated=uipath:NoSchedule","NO","","0.25","0.97","ReplicaSet/igcb-itur-api-pulse-65f7b9c797"
"bab-dev-baasplatform-apps-01","igcb-itur-api-sb-analytics-f9944bcdf-4pk29","bab-dev-aro-01-zm4qv-worker-swec-02-65kw7","SHARED","NO","app=sas:NoSchedule;dedicated=uipath:NoSchedule","NO","","0.25","0.97","ReplicaSet/igcb-itur-api-sb-analytics-f9944bcdf"
"bab-dev-baasplatform-apps-01","igcb-itur-api-sb-billing-648d467497-jfdm6","bab-dev-aro-01-zm4qv-worker-swec-04-25fmv","SHARED","NO","app=sas:NoSchedule;dedicated=uipath:NoSchedule","NO","","0.25","0.97","ReplicaSet/igcb-itur-api-sb-billing-648d467497"
"bab-dev-baasplatform-apps-01","igcb-itur-api-studio-5b5dc69bf-mc7ff","bab-dev-aro-01-zm4qv-worker-swec-08-9xmrp","SHARED","NO","app=sas:NoSchedule;dedicated=uipath:NoSchedule","NO","","0.25","0.97","ReplicaSet/igcb-itur-api-studio-5b5dc69bf"
"bab-dev-baasplatform-apps-01","igcb-itur-runtime-54d658cc-hrv8d","bab-dev-aro-01-zm4qv-worker-swec-02-65kw7","SHARED","NO","app=sas:NoSchedule;dedicated=uipath:NoSchedule","NO","","0.25","1.5","ReplicaSet/igcb-itur-runtime-54d658cc"
"bab-dev-baasplatform-apps-01","igcb-itur-ui-mpp-648cf775cc-nr47v","bab-dev-aro-01-zm4qv-worker-swec-08-9xmrp","SHARED","NO","app=sas:NoSchedule;dedicated=uipath:NoSchedule","NO","","0.2","0.24","ReplicaSet/igcb-itur-ui-mpp-648cf775cc"
"bab-dev-baasplatform-apps-01","igcb-itur-ui-pulse-95b9b7f98-bmgqt","bab-dev-aro-01-zm4qv-worker-swec-02-65kw7","SHARED","NO","app=sas:NoSchedule;dedicated=uipath:NoSchedule","NO","","0.2","0.24","ReplicaSet/igcb-itur-ui-pulse-95b9b7f98"
"bab-dev-baasplatform-apps-01","igcb-itur-ui-sdk-ui-69d7cc585b-d7jjr","bab-dev-aro-01-zm4qv-worker-swec-01-h4skf","SHARED","NO","app=sas:NoSchedule;dedicated=uipath:NoSchedule","NO","","0.2","0.24","ReplicaSet/igcb-itur-ui-sdk-ui-69d7cc585b"
"bab-dev-baasplatform-apps-01","igcb-itur-ui-sdk-ui-manager-748975bbf6-kqjpl","bab-dev-aro-01-zm4qv-worker-swec-05-rwr4r","SHARED","NO","app=sas:NoSchedule;dedicated=uipath:NoSchedule","NO","","0.2","0.24","ReplicaSet/igcb-itur-ui-sdk-ui-manager-748975bbf6"
"bab-dev-baasplatform-apps-01","igcb-itur-ui-studio-5bb85c6479-4c9kv","bab-dev-aro-01-zm4qv-worker-swec-08-9xmrp","SHARED","NO","app=sas:NoSchedule;dedicated=uipath:NoSchedule","NO","","0.25","0.24","ReplicaSet/igcb-itur-ui-studio-5bb85c6479"
"bab-dev-baasplatform-apps-01","igcb-sdk-runtime-7fc6bf5464-72nmj","bab-dev-aro-01-zm4qv-worker-swec-01-h4skf","SHARED","NO","app=sas:NoSchedule;dedicated=uipath:NoSchedule","NO","","0.25","1","ReplicaSet/igcb-sdk-runtime-7fc6bf5464"
"bab-dev-baasplatform-apps-01","igcb-sdk-runtime-api-sb-778898bb87-drjxh","bab-dev-aro-01-zm4qv-worker-swec-01-h4skf","SHARED","NO","app=sas:NoSchedule;dedicated=uipath:NoSchedule","NO","","0.25","1","ReplicaSet/igcb-sdk-runtime-api-sb-778898bb87"
"bab-dev-baasplatform-apps-01","igcb-sdk-runtime-onsite-prod-8544f6dfc-fxpb4","bab-dev-aro-01-zm4qv-worker-swec-07-48zfr","SHARED","NO","app=sas:NoSchedule;dedicated=uipath:NoSchedule","NO","","0.25","1","ReplicaSet/igcb-sdk-runtime-onsite-prod-8544f6dfc"
"bab-dev-baasplatform-apps-01","igcb-sdk-runtime-sb-65c8987895-ghszq","bab-dev-aro-01-zm4qv-worker-swec-01-h4skf","SHARED","NO","app=sas:NoSchedule;dedicated=uipath:NoSchedule","NO","","0.25","1","ReplicaSet/igcb-sdk-runtime-sb-65c8987895"
"bab-dev-cp4i","apic-dev-a7s-director-55fd4f8f78-j6x8r","bab-dev-aro-01-zm4qv-worker-swec-01-h4skf","SHARED","NO","app=sas:NoSchedule;dedicated=uipath:NoSchedule","NO","","0.05","0.12","ReplicaSet/apic-dev-a7s-director-55fd4f8f78"
"bab-dev-cp4i","apic-dev-a7s-ingestion-0","bab-dev-aro-01-zm4qv-worker-swec-02-65kw7","SHARED","NO","app=sas:NoSchedule;dedicated=uipath:NoSchedule","NO","","0.175","7","StatefulSet/apic-dev-a7s-ingestion"
"bab-dev-cp4i","apic-dev-a7s-mtls-gw-65f7b8ddf7-qbz6r","bab-dev-aro-01-zm4qv-worker-swec-05-rwr4r","SHARED","NO","app=sas:NoSchedule;dedicated=uipath:NoSchedule","NO","","0.1","0.12","ReplicaSet/apic-dev-a7s-mtls-gw-65f7b8ddf7"
"bab-dev-cp4i","apic-dev-a7s-storage-0","bab-dev-aro-01-zm4qv-worker-swec-02-65kw7","SHARED","NO","app=sas:NoSchedule;dedicated=uipath:NoSchedule","NO","","0.225","6","StatefulSet/apic-dev-a7s-storage"
"bab-dev-cp4i","apic-dev-gw-0","bab-dev-aro-01-zm4qv-worker-swec-08-9xmrp","SHARED","NO","app=sas:NoSchedule;dedicated=uipath:NoSchedule","NO","","1","8","StatefulSet/apic-dev-gw"
"bab-dev-cp4i","apic-dev-mgmt-analytics-proxy-7c88954b6c-jmsz6","bab-dev-aro-01-zm4qv-worker-swec-05-rwr4r","SHARED","NO","app=sas:NoSchedule;dedicated=uipath:NoSchedule","NO","","0.04","0.12","ReplicaSet/apic-dev-mgmt-analytics-proxy-7c88954b6c"
"bab-dev-cp4i","apic-dev-mgmt-analytics-push-29769675-nbfsb","bab-dev-aro-01-zm4qv-worker-swec-03-pdt28","SHARED","NO","app=sas:NoSchedule;dedicated=uipath:NoSchedule","NO","","0.05","0.25","Job/apic-dev-mgmt-analytics-push-29769675"
"bab-dev-cp4i","apic-dev-mgmt-analytics-ui-54786d94d-h57mh","bab-dev-aro-01-zm4qv-worker-swec-04-25fmv","SHARED","NO","app=sas:NoSchedule;dedicated=uipath:NoSchedule","NO","","0.02","0.06","ReplicaSet/apic-dev-mgmt-analytics-ui-54786d94d"
"bab-dev-cp4i","apic-dev-mgmt-apim-ff9b7f957-fpmzs","bab-dev-aro-01-zm4qv-worker-swec-04-25fmv","SHARED","NO","app=sas:NoSchedule;dedicated=uipath:NoSchedule","NO","","0.2","0.12","ReplicaSet/apic-dev-mgmt-apim-ff9b7f957"
"bab-dev-cp4i","apic-dev-mgmt-client-downloads-server-574994c7fd-2x6vm","bab-dev-aro-01-zm4qv-worker-swec-05-rwr4r","SHARED","NO","app=sas:NoSchedule;dedicated=uipath:NoSchedule","NO","","0.02","0","ReplicaSet/apic-dev-mgmt-client-downloads-server-574994c7fd"
"bab-dev-cp4i","apic-dev-mgmt-consumer-catalog-5446b76557-6pnqh","bab-dev-aro-01-zm4qv-worker-swec-05-rwr4r","SHARED","NO","app=sas:NoSchedule;dedicated=uipath:NoSchedule","NO","","0.02","0.06","ReplicaSet/apic-dev-mgmt-consumer-catalog-5446b76557"
"bab-dev-cp4i","apic-dev-mgmt-juhu-77c886756c-lp9fh","bab-dev-aro-01-zm4qv-worker-swec-01-h4skf","SHARED","NO","app=sas:NoSchedule;dedicated=uipath:NoSchedule","NO","","0.03","0.18","ReplicaSet/apic-dev-mgmt-juhu-77c886756c"
"bab-dev-cp4i","apic-dev-mgmt-ldap-5c5d9d8c7d-4dds9","bab-dev-aro-01-zm4qv-worker-swec-05-rwr4r","SHARED","NO","app=sas:NoSchedule;dedicated=uipath:NoSchedule","NO","","0.02","0.06","ReplicaSet/apic-dev-mgmt-ldap-5c5d9d8c7d"
"bab-dev-cp4i","apic-dev-mgmt-lur-84996fbd7f-tds7z","bab-dev-aro-01-zm4qv-worker-swec-06-qvjx6","SHARED","NO","app=sas:NoSchedule;dedicated=uipath:NoSchedule","NO","","0.02","0.12","ReplicaSet/apic-dev-mgmt-lur-84996fbd7f"
"bab-dev-cp4i","apic-dev-mgmt-natscluster-0","bab-dev-aro-01-zm4qv-worker-swec-06-qvjx6","SHARED","NO","app=sas:NoSchedule;dedicated=uipath:NoSchedule","NO","","0.04","0.01","StatefulSet/apic-dev-mgmt-natscluster"
"bab-dev-cp4i","apic-dev-mgmt-portal-proxy-674bc94cf9-6fws8","bab-dev-aro-01-zm4qv-worker-swec-05-rwr4r","SHARED","NO","app=sas:NoSchedule;dedicated=uipath:NoSchedule","NO","","0.008","0.12","ReplicaSet/apic-dev-mgmt-portal-proxy-674bc94cf9"
"bab-dev-cp4i","apic-dev-mgmt-s3proxy-0","bab-dev-aro-01-zm4qv-worker-swec-06-qvjx6","SHARED","NO","app=sas:NoSchedule;dedicated=uipath:NoSchedule","NO","","0.08","0.04","StatefulSet/apic-dev-mgmt-s3proxy"
"bab-dev-cp4i","apic-dev-mgmt-taskmanager-6cfc6c56d8-lclrv","bab-dev-aro-01-zm4qv-worker-swec-02-65kw7","SHARED","NO","app=sas:NoSchedule;dedicated=uipath:NoSchedule","NO","","0.12","0.5","ReplicaSet/apic-dev-mgmt-taskmanager-6cfc6c56d8"
"bab-dev-cp4i","apic-dev-mgmt-ui-79b4dddfcf-cjtr9","bab-dev-aro-01-zm4qv-worker-swec-06-qvjx6","SHARED","NO","app=sas:NoSchedule;dedicated=uipath:NoSchedule","NO","","0.07","0.12","ReplicaSet/apic-dev-mgmt-ui-79b4dddfcf"
"bab-dev-cp4i","apic-dev-mgmt-websocket-proxy-c6849554-5w2dz","bab-dev-aro-01-zm4qv-worker-swec-01-h4skf","SHARED","NO","app=sas:NoSchedule;dedicated=uipath:NoSchedule","NO","","0.02","0.12","ReplicaSet/apic-dev-mgmt-websocket-proxy-c6849554"
"bab-dev-cp4i","cert-manager-operator-controller-manager-64c45db57d-cwsr2","bab-dev-aro-01-zm4qv-worker-swec-02-65kw7","SHARED","NO","app=sas:NoSchedule;dedicated=uipath:NoSchedule","NO","","0.01","0.03","ReplicaSet/cert-manager-operator-controller-manager-64c45db57d"
"bab-dev-cp4i","cs-keycloak-0","bab-dev-aro-01-zm4qv-worker-swec-02-65kw7","SHARED","NO","app=sas:NoSchedule;dedicated=uipath:NoSchedule","NO","","1","1","StatefulSet/cs-keycloak"
"bab-dev-cp4i","datapower-operator-7bffcc979d-v988z","bab-dev-aro-01-zm4qv-worker-swec-04-25fmv","SHARED","NO","app=sas:NoSchedule;dedicated=uipath:NoSchedule","NO","","0.5","0.5","ReplicaSet/datapower-operator-7bffcc979d"
"bab-dev-cp4i","datapower-operator-conversion-webhook-7579c5f54f-kl99d","bab-dev-aro-01-zm4qv-worker-swec-05-rwr4r","SHARED","NO","app=sas:NoSchedule;dedicated=uipath:NoSchedule","NO","","0.25","0.5","ReplicaSet/datapower-operator-conversion-webhook-7579c5f54f"
"bab-dev-cp4i","db-01-dev-dash-567bccbb88-g4v9k","bab-dev-aro-01-zm4qv-worker-swec-06-qvjx6","SHARED","NO","app=sas:NoSchedule;dedicated=uipath:NoSchedule","NO","","0.1","0.17","ReplicaSet/db-01-dev-dash-567bccbb88"
"bab-dev-cp4i","download-sadad-billers-is-5995b95f4b-p2j4d","bab-dev-aro-01-zm4qv-worker-swec-06-qvjx6","SHARED","NO","app=sas:NoSchedule;dedicated=uipath:NoSchedule","NO","","0.3","0.35","ReplicaSet/download-sadad-billers-is-5995b95f4b"
"bab-dev-cp4i","dummy-is-86b69f5c45-qzzql","bab-dev-aro-01-zm4qv-worker-swec-05-rwr4r","SHARED","NO","app=sas:NoSchedule;dedicated=uipath:NoSchedule","NO","","0.3","0.35","ReplicaSet/dummy-is-86b69f5c45"
"bab-dev-cp4i","get-billers-list-is-64cddb98-zprf6","bab-dev-aro-01-zm4qv-worker-swec-05-rwr4r","SHARED","NO","app=sas:NoSchedule;dedicated=uipath:NoSchedule","NO","","0.5","0.5","ReplicaSet/get-billers-list-is-64cddb98"
"bab-dev-cp4i","get-charge-card-list-is-7f8777775d-cvnff","bab-dev-aro-01-zm4qv-worker-swec-08-9xmrp","SHARED","NO","app=sas:NoSchedule;dedicated=uipath:NoSchedule","NO","","0.3","0.35","ReplicaSet/get-charge-card-list-is-7f8777775d"
"bab-dev-cp4i","get-cust-accts-list-is-77cb47f456-mw8pp","bab-dev-aro-01-zm4qv-worker-swec-04-25fmv","SHARED","NO","app=sas:NoSchedule;dedicated=uipath:NoSchedule","NO","","0.3","0.35","ReplicaSet/get-cust-accts-list-is-77cb47f456"
"bab-dev-cp4i","ibm-apiconnect-7f5b79fd65-4qkwc","bab-dev-aro-01-zm4qv-worker-swec-08-9xmrp","SHARED","NO","app=sas:NoSchedule;dedicated=uipath:NoSchedule","NO","","0.075","0.12","ReplicaSet/ibm-apiconnect-7f5b79fd65"
"bab-dev-cp4i","ibm-appconnect-operator-6fd97d6b77-nd2hp","bab-dev-aro-01-zm4qv-worker-swec-02-65kw7","SHARED","NO","app=sas:NoSchedule;dedicated=uipath:NoSchedule","NO","","0.1","0.12","ReplicaSet/ibm-appconnect-operator-6fd97d6b77"
"bab-dev-cp4i","ibm-common-service-operator-8654c486dd-sdjfp","bab-dev-aro-01-zm4qv-worker-swec-06-qvjx6","SHARED","NO","app=sas:NoSchedule;dedicated=uipath:NoSchedule","NO","","0.1","0.19","ReplicaSet/ibm-common-service-operator-8654c486dd"
"bab-dev-cp4i","ibm-integration-platform-navigator-operator-7955dfb7d-jnvtb","bab-dev-aro-01-zm4qv-worker-swec-02-65kw7","SHARED","NO","app=sas:NoSchedule;dedicated=uipath:NoSchedule","NO","","0.2","1","ReplicaSet/ibm-integration-platform-navigator-operator-7955dfb7d"
"bab-dev-cp4i","ibm-mq-operator-6bc6fd547d-ptl4k","bab-dev-aro-01-zm4qv-worker-swec-06-qvjx6","SHARED","NO","app=sas:NoSchedule;dedicated=uipath:NoSchedule","NO","","1","1","ReplicaSet/ibm-mq-operator-6bc6fd547d"
"bab-dev-cp4i","integration-navigator-ibm-inte-3c22-deployment-57bcbc486f-rvh5q","bab-dev-aro-01-zm4qv-worker-swec-06-qvjx6","SHARED","NO","app=sas:NoSchedule;dedicated=uipath:NoSchedule","NO","","1","1","ReplicaSet/integration-navigator-ibm-inte-3c22-deployment-57bcbc486f"
"bab-dev-cp4i","keycloak-edb-cluster-2","bab-dev-aro-01-zm4qv-worker-swec-05-rwr4r","SHARED","NO","app=sas:NoSchedule;dedicated=uipath:NoSchedule","NO","","0.2","0.5","Cluster/keycloak-edb-cluster"
"bab-dev-cp4i","mq-test-is-844786764d-68q4r","bab-dev-aro-01-zm4qv-worker-swec-08-9xmrp","SHARED","NO","app=sas:NoSchedule;dedicated=uipath:NoSchedule","NO","","0.5","0.5","ReplicaSet/mq-test-is-844786764d"
"bab-dev-cp4i","operand-deployment-lifecycle-manager-87c79cc85-m89k8","bab-dev-aro-01-zm4qv-worker-swec-06-qvjx6","SHARED","NO","app=sas:NoSchedule;dedicated=uipath:NoSchedule","NO","","0.2","0.19","ReplicaSet/operand-deployment-lifecycle-manager-87c79cc85"
"bab-dev-cp4i","postgresql-operator-controller-manager-1-22-8-5d6765d5d4-vtfh4","bab-dev-aro-01-zm4qv-worker-swec-05-rwr4r","SHARED","NO","app=sas:NoSchedule;dedicated=uipath:NoSchedule","NO","","0.5","0.19","ReplicaSet/postgresql-operator-controller-manager-1-22-8-5d6765d5d4"
"bab-dev-cp4i","rhbk-operator-549dbdd689-szpks","bab-dev-aro-01-zm4qv-worker-swec-02-65kw7","SHARED","NO","app=sas:NoSchedule;dedicated=uipath:NoSchedule","NO","","0.3","0.43","ReplicaSet/rhbk-operator-549dbdd689"
"bab-dev-dgpdpl-bigid-01","bigid-ml-worker-84f96f8799-77s8s","bab-dev-aro-01-zm4qv-worker-swec-05-rwr4r","SHARED","NO","app=sas:NoSchedule;dedicated=uipath:NoSchedule","NO","","0.5","0.48","ReplicaSet/bigid-ml-worker-84f96f8799"
"bab-dev-dgpdpl-bigid-01","bigid-remediation-ui-bff-77c565db78-gqchg","bab-dev-aro-01-zm4qv-worker-swec-02-65kw7","SHARED","NO","app=sas:NoSchedule;dedicated=uipath:NoSchedule","NO","","0.25","1","ReplicaSet/bigid-remediation-ui-bff-77c565db78"
"bab-dev-dgpdpl-bigid-01","data-retention-ui-service-b57b4dcd-x8xx2","bab-dev-aro-01-zm4qv-worker-swec-02-65kw7","SHARED","NO","app=sas:NoSchedule;dedicated=uipath:NoSchedule","NO","","0.1","0.25","ReplicaSet/data-retention-ui-service-b57b4dcd"
"bab-dev-dgpdpl-bigid-01","informatica-edc-5698cd765d-8d595","bab-dev-aro-01-zm4qv-worker-swec-02-65kw7","SHARED","NO","app=sas:NoSchedule;dedicated=uipath:NoSchedule","NO","","0.5","0.25","ReplicaSet/informatica-edc-5698cd765d"
"bab-dev-dgpdpl-bigid-01","ucapi-855b988bf9-f4s8f","bab-dev-aro-01-zm4qv-worker-swec-05-rwr4r","SHARED","NO","","NO","","0","0","ReplicaSet/ucapi-855b988bf9"
"bab-dev-dgpdpl-bigid-01","ucapi-nginx-reverse-proxy-5c95d4d489-4xkwk","bab-dev-aro-01-zm4qv-worker-swec-02-65kw7","SHARED","NO","","NO","","0","0","ReplicaSet/ucapi-nginx-reverse-proxy-5c95d4d489"
"bab-dev-dgpdpl-bigid-privacy-01","pp-bigidme-connectors-manager-67d97fdf99-c669z","bab-dev-aro-01-zm4qv-worker-swec-02-65kw7","SHARED","NO","app=sas:NoSchedule;dedicated=uipath:NoSchedule","NO","","1","1.46","ReplicaSet/pp-bigidme-connectors-manager-67d97fdf99"
"bab-dev-dgpdpl-bigid-privacy-01","pp-postgresql-user-manager-pgpool-7f869dc7d-lpczf","bab-dev-aro-01-zm4qv-worker-swec-05-rwr4r","SHARED","NO","","NO","","0","0","ReplicaSet/pp-postgresql-user-manager-pgpool-7f869dc7d"
"bab-dev-dgpdpl-bigid-privacy-01","pp-postgresql-user-manager-postgresql-0","bab-dev-aro-01-zm4qv-worker-swec-05-rwr4r","SHARED","NO","","NO","","0","0","StatefulSet/pp-postgresql-user-manager-postgresql"
"bab-dev-dgpdpl-bigid-privacy-01","pp-rabbitmq-2","bab-dev-aro-01-zm4qv-worker-swec-05-rwr4r","SHARED","NO","","NO","","0","0","StatefulSet/pp-rabbitmq"
"bab-dev-dgpdpl-bigid-privacy-01","pp-redis-node-0","bab-dev-aro-01-zm4qv-worker-swec-05-rwr4r","SHARED","NO","app=sas:NoSchedule;dedicated=uipath:NoSchedule","NO","","0.2","0.25","StatefulSet/pp-redis-node"
"bab-dev-k8s-secrets-store-csi","azure-csi-provider-csi-secrets-store-provider-azure-5nxw6","bab-dev-aro-01-zm4qv-worker-swec-10-62m4m","DEDICATED","YES","app=sas:NoSchedule;dedicated=uipath:NoSchedule","NO","","0.05","0.09","DaemonSet/azure-csi-provider-csi-secrets-store-provider-azure"
"bab-dev-k8s-secrets-store-csi","azure-csi-provider-csi-secrets-store-provider-azure-5qmmj","bab-dev-aro-01-zm4qv-worker-rpa-swec-01-979xq","DEDICATED","YES","app=sas:NoSchedule;dedicated=uipath:NoSchedule","NO","","0.05","0.09","DaemonSet/azure-csi-provider-csi-secrets-store-provider-azure"
"bab-dev-k8s-secrets-store-csi","azure-csi-provider-csi-secrets-store-provider-azure-6f76v","bab-dev-aro-01-zm4qv-worker-swec-04-25fmv","SHARED","NO","app=sas:NoSchedule;dedicated=uipath:NoSchedule","NO","","0.05","0.09","DaemonSet/azure-csi-provider-csi-secrets-store-provider-azure"
"bab-dev-k8s-secrets-store-csi","azure-csi-provider-csi-secrets-store-provider-azure-79ctr","bab-dev-aro-01-zm4qv-master-2","NO NODE","NO","app=sas:NoSchedule;dedicated=uipath:NoSchedule","NO","","0.05","0.09","DaemonSet/azure-csi-provider-csi-secrets-store-provider-azure"
"bab-dev-k8s-secrets-store-csi","azure-csi-provider-csi-secrets-store-provider-azure-8d6ps","bab-dev-aro-01-zm4qv-worker-swec-02-65kw7","SHARED","NO","app=sas:NoSchedule;dedicated=uipath:NoSchedule","NO","","0.05","0.09","DaemonSet/azure-csi-provider-csi-secrets-store-provider-azure"
"bab-dev-k8s-secrets-store-csi","azure-csi-provider-csi-secrets-store-provider-azure-959t8","bab-dev-aro-01-zm4qv-worker-swec-07-48zfr","SHARED","NO","app=sas:NoSchedule;dedicated=uipath:NoSchedule","NO","","0.05","0.09","DaemonSet/azure-csi-provider-csi-secrets-store-provider-azure"
"bab-dev-k8s-secrets-store-csi","azure-csi-provider-csi-secrets-store-provider-azure-9dgp7","bab-dev-aro-01-zm4qv-master-0","NO NODE","NO","app=sas:NoSchedule;dedicated=uipath:NoSchedule","NO","","0.05","0.09","DaemonSet/azure-csi-provider-csi-secrets-store-provider-azure"
"bab-dev-k8s-secrets-store-csi","azure-csi-provider-csi-secrets-store-provider-azure-9tfhd","bab-dev-aro-01-zm4qv-worker-swec-11-tqb4f","DEDICATED","YES","app=sas:NoSchedule;dedicated=uipath:NoSchedule","NO","","0.05","0.09","DaemonSet/azure-csi-provider-csi-secrets-store-provider-azure"
"bab-dev-k8s-secrets-store-csi","azure-csi-provider-csi-secrets-store-provider-azure-cqmzx","bab-dev-aro-01-zm4qv-worker-swec-09-7d9zr","DEDICATED","YES","app=sas:NoSchedule;dedicated=uipath:NoSchedule","NO","","0.05","0.09","DaemonSet/azure-csi-provider-csi-secrets-store-provider-azure"
"bab-dev-k8s-secrets-store-csi","azure-csi-provider-csi-secrets-store-provider-azure-cvltv","bab-dev-aro-01-zm4qv-worker-swec-03-pdt28","SHARED","NO","app=sas:NoSchedule;dedicated=uipath:NoSchedule","NO","","0.05","0.09","DaemonSet/azure-csi-provider-csi-secrets-store-provider-azure"
"bab-dev-k8s-secrets-store-csi","azure-csi-provider-csi-secrets-store-provider-azure-g2zr4","bab-dev-aro-01-zm4qv-worker-swec-05-rwr4r","SHARED","NO","app=sas:NoSchedule;dedicated=uipath:NoSchedule","NO","","0.05","0.09","DaemonSet/azure-csi-provider-csi-secrets-store-provider-azure"
"bab-dev-k8s-secrets-store-csi","azure-csi-provider-csi-secrets-store-provider-azure-ndzmb","bab-dev-aro-01-zm4qv-worker-swec-01-h4skf","SHARED","NO","app=sas:NoSchedule;dedicated=uipath:NoSchedule","NO","","0.05","0.09","DaemonSet/azure-csi-provider-csi-secrets-store-provider-azure"
"bab-dev-k8s-secrets-store-csi","azure-csi-provider-csi-secrets-store-provider-azure-sgmst","bab-dev-aro-01-zm4qv-master-1","NO NODE","NO","app=sas:NoSchedule;dedicated=uipath:NoSchedule","NO","","0.05","0.09","DaemonSet/azure-csi-provider-csi-secrets-store-provider-azure"
"bab-dev-k8s-secrets-store-csi","azure-csi-provider-csi-secrets-store-provider-azure-tqrr5","bab-dev-aro-01-zm4qv-worker-swec-08-9xmrp","SHARED","NO","app=sas:NoSchedule;dedicated=uipath:NoSchedule","NO","","0.05","0.09","DaemonSet/azure-csi-provider-csi-secrets-store-provider-azure"
"bab-dev-k8s-secrets-store-csi","azure-csi-provider-csi-secrets-store-provider-azure-xfjgx","bab-dev-aro-01-zm4qv-worker-rpa-swec-02-s9mnt","DEDICATED","YES","app=sas:NoSchedule;dedicated=uipath:NoSchedule","NO","","0.05","0.09","DaemonSet/azure-csi-provider-csi-secrets-store-provider-azure"
"bab-dev-k8s-secrets-store-csi","azure-csi-provider-csi-secrets-store-provider-azure-xwt9m","bab-dev-aro-01-zm4qv-worker-swec-06-qvjx6","SHARED","NO","app=sas:NoSchedule;dedicated=uipath:NoSchedule","NO","","0.05","0.09","DaemonSet/azure-csi-provider-csi-secrets-store-provider-azure"
"bab-dev-k8s-secrets-store-csi","csi-secrets-store-secrets-store-csi-driver-5lqnc","bab-dev-aro-01-zm4qv-worker-swec-02-65kw7","SHARED","NO","app=sas:NoSchedule;dedicated=uipath:NoSchedule","NO","","0.07","0.13","DaemonSet/csi-secrets-store-secrets-store-csi-driver"
"bab-dev-k8s-secrets-store-csi","csi-secrets-store-secrets-store-csi-driver-5vldj","bab-dev-aro-01-zm4qv-master-2","NO NODE","NO","app=sas:NoSchedule;dedicated=uipath:NoSchedule","NO","","0.07","0.13","DaemonSet/csi-secrets-store-secrets-store-csi-driver"
"bab-dev-k8s-secrets-store-csi","csi-secrets-store-secrets-store-csi-driver-cbxvl","bab-dev-aro-01-zm4qv-master-1","NO NODE","NO","app=sas:NoSchedule;dedicated=uipath:NoSchedule","NO","","0.07","0.13","DaemonSet/csi-secrets-store-secrets-store-csi-driver"
"bab-dev-k8s-secrets-store-csi","csi-secrets-store-secrets-store-csi-driver-fm6pf","bab-dev-aro-01-zm4qv-master-0","NO NODE","NO","app=sas:NoSchedule;dedicated=uipath:NoSchedule","NO","","0.07","0.13","DaemonSet/csi-secrets-store-secrets-store-csi-driver"
"bab-dev-k8s-secrets-store-csi","csi-secrets-store-secrets-store-csi-driver-w8hsw","bab-dev-aro-01-zm4qv-worker-swec-06-qvjx6","SHARED","NO","app=sas:NoSchedule;dedicated=uipath:NoSchedule","NO","","0.07","0.13","DaemonSet/csi-secrets-store-secrets-store-csi-driver"
"bab-dev-k8s-secrets-store-csi","csi-secrets-store-secrets-store-csi-driver-zrtkh","bab-dev-aro-01-zm4qv-worker-swec-05-rwr4r","SHARED","NO","app=sas:NoSchedule;dedicated=uipath:NoSchedule","NO","","0.07","0.13","DaemonSet/csi-secrets-store-secrets-store-csi-driver"
"bab-dev-newbib","accountservices-5f4fdfdbb7-tf46q","bab-dev-aro-01-zm4qv-worker-swec-01-h4skf","SHARED","NO","","NO","","0","0","ReplicaSet/accountservices-5f4fdfdbb7"
"bab-dev-newbib","arxidam-7bb9dd4df5-gx4s7","bab-dev-aro-01-zm4qv-worker-swec-06-qvjx6","SHARED","NO","","NO","","0","0","ReplicaSet/arxidam-7bb9dd4df5"
"bab-dev-newbib","arxlauncher-d4f96bf67-q62tg","bab-dev-aro-01-zm4qv-worker-swec-01-h4skf","SHARED","NO","app=sas:NoSchedule;dedicated=uipath:NoSchedule","NO","","0.6","0.92","ReplicaSet/arxlauncher-d4f96bf67"
"bab-dev-newbib","arxsso-6c4b969f6d-4hf69","bab-dev-aro-01-zm4qv-worker-swec-08-9xmrp","SHARED","NO","","NO","","0","0","ReplicaSet/arxsso-6c4b969f6d"
"bab-dev-newbib","arxwebapp-74967c8bc9-klwqk","bab-dev-aro-01-zm4qv-worker-swec-01-h4skf","SHARED","NO","","NO","","0","0","ReplicaSet/arxwebapp-74967c8bc9"
"bab-dev-newbib","cbxflash-66ccff47b6-d7674","bab-dev-aro-01-zm4qv-worker-swec-08-9xmrp","SHARED","NO","","NO","","0","0","ReplicaSet/cbxflash-66ccff47b6"
"bab-dev-newbib","cpadminservicescbx-784b897fb9-7cf7f","bab-dev-aro-01-zm4qv-worker-swec-02-65kw7","SHARED","NO","","NO","","0","0","ReplicaSet/cpadminservicescbx-784b897fb9"
"bab-dev-newbib","dtbwebappcbx-746bf59776-xcb2x","bab-dev-aro-01-zm4qv-worker-swec-01-h4skf","SHARED","NO","","NO","","0","0","ReplicaSet/dtbwebappcbx-746bf59776"
"bab-dev-newbib","entlwebcbx-689d9c496c-tmvm6","bab-dev-aro-01-zm4qv-worker-swec-04-25fmv","SHARED","NO","","NO","","0","0","ReplicaSet/entlwebcbx-689d9c496c"
"bab-dev-newbib","ex-aao-ss-0","bab-dev-aro-01-zm4qv-worker-swec-01-h4skf","SHARED","NO","app=sas:NoSchedule;dedicated=uipath:NoSchedule","NO","","0.5","0.5","StatefulSet/ex-aao-ss"
"bab-dev-newbib","ex-aao-ss-1","bab-dev-aro-01-zm4qv-worker-swec-02-65kw7","SHARED","NO","app=sas:NoSchedule;dedicated=uipath:NoSchedule","NO","","0.5","0.5","StatefulSet/ex-aao-ss"
"bab-dev-newbib","ofapplication-75bf978564-5n522","bab-dev-aro-01-zm4qv-worker-swec-08-9xmrp","SHARED","NO","","NO","","0","0","ReplicaSet/ofapplication-75bf978564"
"bab-dev-newbib","paymentsalertservice-69ccf89f68-7w2br","bab-dev-aro-01-zm4qv-worker-swec-06-qvjx6","SHARED","NO","","NO","","0","0","ReplicaSet/paymentsalertservice-69ccf89f68"
"bab-dev-newbib","paymentschargesservice-7fdc6fd4fc-t9cq5","bab-dev-aro-01-zm4qv-worker-swec-04-25fmv","SHARED","NO","","NO","","0","0","ReplicaSet/paymentschargesservice-7fdc6fd4fc"
"bab-dev-newbib","paymentservice-58577bb4b5-m2r2j","bab-dev-aro-01-zm4qv-worker-swec-08-9xmrp","SHARED","NO","","NO","","0","0","ReplicaSet/paymentservice-58577bb4b5"
"bab-dev-newbib","paymentservicescbx-865dbbbb44-pmjlj","bab-dev-aro-01-zm4qv-worker-swec-04-25fmv","SHARED","NO","","NO","","0","0","ReplicaSet/paymentservicescbx-865dbbbb44"
"bab-dev-newbib","paymentsinquiryservice-7bdcb5958b-bk46b","bab-dev-aro-01-zm4qv-worker-swec-06-qvjx6","SHARED","NO","","NO","","0","0","ReplicaSet/paymentsinquiryservice-7bdcb5958b"
"bab-dev-newbib","paymentsonboardingservice-64bf4668b8-tv6l7","bab-dev-aro-01-zm4qv-worker-swec-01-h4skf","SHARED","NO","","NO","","0","0","ReplicaSet/paymentsonboardingservice-64bf4668b8"
"bab-dev-newbib","paymentsonboardingservice-684c86599c-tzz2j","bab-dev-aro-01-zm4qv-worker-swec-08-9xmrp","SHARED","NO","","NO","","0","0","ReplicaSet/paymentsonboardingservice-684c86599c"
"bab-dev-newbib","pncweb-c6b55b5bc-vxbjw","bab-dev-aro-01-zm4qv-worker-swec-06-qvjx6","SHARED","NO","","NO","","0","0","ReplicaSet/pncweb-c6b55b5bc"
"bab-dev-newbib","producttourcbx-758d6c656b-m4w85","bab-dev-aro-01-zm4qv-worker-swec-05-rwr4r","SHARED","NO","","NO","","0","0","ReplicaSet/producttourcbx-758d6c656b"
"bab-dev-newbib","statementservicescbx-69b5bc86bc-vxc8p","bab-dev-aro-01-zm4qv-worker-swec-01-h4skf","SHARED","NO","","NO","","0","0","ReplicaSet/statementservicescbx-69b5bc86bc"
"bab-dev-newbib","xxarxidamxx-778d4f9f56-lq6nd","bab-dev-aro-01-zm4qv-worker-swec-08-9xmrp","SHARED","NO","","NO","","0","0","ReplicaSet/xxarxidamxx-778d4f9f56"
"bab-dev-observe","dev-baas-collector-5c6ddb9468-p9fkn","bab-dev-aro-01-zm4qv-worker-swec-02-65kw7","SHARED","NO","","NO","","0","0","ReplicaSet/dev-baas-collector-5c6ddb9468"
"bab-dev-observe","tempo-dev-tempo-compactor-6fd5dd4f86-lwvqx","bab-dev-aro-01-zm4qv-worker-swec-05-rwr4r","SHARED","NO","app=sas:NoSchedule;dedicated=uipath:NoSchedule","NO","","0.09","0.15","ReplicaSet/tempo-dev-tempo-compactor-6fd5dd4f86"
"bab-dev-observe","tempo-dev-tempo-distributor-b85899fbc-c2f8s","bab-dev-aro-01-zm4qv-worker-swec-01-h4skf","SHARED","NO","app=sas:NoSchedule;dedicated=uipath:NoSchedule","NO","","0.156","0.09","ReplicaSet/tempo-dev-tempo-distributor-b85899fbc"
"bab-dev-observe","tempo-dev-tempo-gateway-79766cdf9d-kkblr","bab-dev-aro-01-zm4qv-worker-swec-05-rwr4r","SHARED","NO","app=sas:NoSchedule;dedicated=uipath:NoSchedule","NO","","0.036","0.04","ReplicaSet/tempo-dev-tempo-gateway-79766cdf9d"
"bab-dev-observe","tempo-dev-tempo-querier-74f9774db-hdwvp","bab-dev-aro-01-zm4qv-worker-swec-01-h4skf","SHARED","NO","app=sas:NoSchedule;dedicated=uipath:NoSchedule","NO","","0.054","0.12","ReplicaSet/tempo-dev-tempo-querier-74f9774db"
"bab-dev-observe","tempo-dev-tempo-query-frontend-5598cb8f7f-fct5j","bab-dev-aro-01-zm4qv-worker-swec-02-65kw7","SHARED","NO","app=sas:NoSchedule;dedicated=uipath:NoSchedule","NO","","0.07200000000000001","0.05","ReplicaSet/tempo-dev-tempo-query-frontend-5598cb8f7f"
"bab-dev-rpa-apps-01","9aae22bb-4b8a-431f-8685-5b90eb13e509-22-977cf4ff9-pwnvn","bab-dev-aro-01-zm4qv-worker-rpa-swec-01-979xq","DEDICATED","YES","app=sas:NoSchedule;dedicated=uipath:NoSchedule","NO","","0.6","2.09","ReplicaSet/9aae22bb-4b8a-431f-8685-5b90eb13e509-22-977cf4ff9"
"bab-dev-rpa-apps-01","ai-app-deployment-7f448d88cc-8c2m7","bab-dev-aro-01-zm4qv-worker-rpa-swec-02-s9mnt","DEDICATED","YES","app=sas:NoSchedule;dedicated=uipath:NoSchedule","NO","","0.31","1.12","ReplicaSet/ai-app-deployment-7f448d88cc"
"bab-dev-rpa-apps-01","ai-app-deployment-7f448d88cc-q9b9d","bab-dev-aro-01-zm4qv-worker-rpa-swec-01-979xq","DEDICATED","YES","app=sas:NoSchedule;dedicated=uipath:NoSchedule","NO","","0.31","1.12","ReplicaSet/ai-app-deployment-7f448d88cc"
"bab-dev-rpa-apps-01","ai-appmanager-deployment-cf8977d94-tqf6f","bab-dev-aro-01-zm4qv-worker-rpa-swec-02-s9mnt","DEDICATED","YES","app=sas:NoSchedule;dedicated=uipath:NoSchedule","NO","","0.31","1.12","ReplicaSet/ai-appmanager-deployment-cf8977d94"
"bab-dev-rpa-apps-01","ai-appmanager-deployment-cf8977d94-vw4zn","bab-dev-aro-01-zm4qv-worker-rpa-swec-02-s9mnt","DEDICATED","YES","app=sas:NoSchedule;dedicated=uipath:NoSchedule","NO","","0.31","1.12","ReplicaSet/ai-appmanager-deployment-cf8977d94"
"bab-dev-rpa-apps-01","ai-deployer-deployment-b69d5c9d7-42884","bab-dev-aro-01-zm4qv-worker-rpa-swec-02-s9mnt","DEDICATED","YES","app=sas:NoSchedule;dedicated=uipath:NoSchedule","NO","","0.31","2.12","ReplicaSet/ai-deployer-deployment-b69d5c9d7"
"bab-dev-rpa-apps-01","ai-deployer-deployment-b69d5c9d7-jt4zz","bab-dev-aro-01-zm4qv-worker-rpa-swec-02-s9mnt","DEDICATED","YES","app=sas:NoSchedule;dedicated=uipath:NoSchedule","NO","","0.31","2.12","ReplicaSet/ai-deployer-deployment-b69d5c9d7"
"bab-dev-rpa-apps-01","ai-helper-deployment-84d899c857-fpvnr","bab-dev-aro-01-zm4qv-worker-rpa-swec-02-s9mnt","DEDICATED","YES","app=sas:NoSchedule;dedicated=uipath:NoSchedule","NO","","0.31","2.12","ReplicaSet/ai-helper-deployment-84d899c857"
"bab-dev-rpa-apps-01","ai-helper-deployment-84d899c857-zzskt","bab-dev-aro-01-zm4qv-worker-rpa-swec-01-979xq","DEDICATED","YES","app=sas:NoSchedule;dedicated=uipath:NoSchedule","NO","","0.31","2.12","ReplicaSet/ai-helper-deployment-84d899c857"
"bab-dev-rpa-apps-01","ai-pkgmanager-deployment-6ff68b4f7b-8csxc","bab-dev-aro-01-zm4qv-worker-rpa-swec-02-s9mnt","DEDICATED","YES","app=sas:NoSchedule;dedicated=uipath:NoSchedule","NO","","0.31","1.12","ReplicaSet/ai-pkgmanager-deployment-6ff68b4f7b"
"bab-dev-rpa-apps-01","ai-pkgmanager-deployment-6ff68b4f7b-b4sdx","bab-dev-aro-01-zm4qv-worker-rpa-swec-01-979xq","DEDICATED","YES","app=sas:NoSchedule;dedicated=uipath:NoSchedule","NO","","0.31","1.12","ReplicaSet/ai-pkgmanager-deployment-6ff68b4f7b"
"bab-dev-rpa-apps-01","ai-trainer-deployment-68b76c8744-84cs5","bab-dev-aro-01-zm4qv-worker-rpa-swec-01-979xq","DEDICATED","YES","app=sas:NoSchedule;dedicated=uipath:NoSchedule","NO","","0.31","2.12","ReplicaSet/ai-trainer-deployment-68b76c8744"
"bab-dev-rpa-apps-01","ai-trainer-deployment-68b76c8744-tslpm","bab-dev-aro-01-zm4qv-worker-rpa-swec-01-979xq","DEDICATED","YES","app=sas:NoSchedule;dedicated=uipath:NoSchedule","NO","","0.31","2.12","ReplicaSet/ai-trainer-deployment-68b76c8744"
"bab-dev-rpa-apps-01","aievents-deploy-647b446899-fzlvj","bab-dev-aro-01-zm4qv-worker-rpa-swec-02-s9mnt","DEDICATED","YES","app=sas:NoSchedule;dedicated=uipath:NoSchedule","NO","","0.5","0.25","ReplicaSet/aievents-deploy-647b446899"
"bab-dev-rpa-apps-01","aievents-deploy-647b446899-hj9ql","bab-dev-aro-01-zm4qv-worker-swec-01-h4skf","SHARED","NO","app=sas:NoSchedule;dedicated=uipath:NoSchedule","NO","","0.5","0.25","ReplicaSet/aievents-deploy-647b446899"
"bab-dev-rpa-apps-01","aievents-deploy-647b446899-mw5rn","bab-dev-aro-01-zm4qv-worker-swec-06-qvjx6","SHARED","NO","app=sas:NoSchedule;dedicated=uipath:NoSchedule","NO","","0.5","0.25","ReplicaSet/aievents-deploy-647b446899"
"bab-dev-rpa-apps-01","aievents-deploy-647b446899-ppwgw","bab-dev-aro-01-zm4qv-worker-swec-04-25fmv","SHARED","NO","app=sas:NoSchedule;dedicated=uipath:NoSchedule","NO","","0.5","0.25","ReplicaSet/aievents-deploy-647b446899"
"bab-dev-rpa-apps-01","aievents-deploy-647b446899-ssjq8","bab-dev-aro-01-zm4qv-worker-rpa-swec-01-979xq","DEDICATED","YES","app=sas:NoSchedule;dedicated=uipath:NoSchedule","NO","","0.5","0.25","ReplicaSet/aievents-deploy-647b446899"
"bab-dev-rpa-apps-01","aimetering-5fbbb6b4b4-6x9r6","bab-dev-aro-01-zm4qv-worker-rpa-swec-02-s9mnt","DEDICATED","YES","app=sas:NoSchedule;dedicated=uipath:NoSchedule","NO","","0.11","0.22","ReplicaSet/aimetering-5fbbb6b4b4"
"bab-dev-rpa-apps-01","aimetering-5fbbb6b4b4-ltqbb","bab-dev-aro-01-zm4qv-worker-swec-01-h4skf","SHARED","NO","app=sas:NoSchedule;dedicated=uipath:NoSchedule","NO","","0.11","0.22","ReplicaSet/aimetering-5fbbb6b4b4"
"bab-dev-rpa-apps-01","aimetering-5fbbb6b4b4-m7dgf","bab-dev-aro-01-zm4qv-worker-swec-04-25fmv","SHARED","NO","app=sas:NoSchedule;dedicated=uipath:NoSchedule","NO","","0.11","0.22","ReplicaSet/aimetering-5fbbb6b4b4"
"bab-dev-rpa-apps-01","aimetering-5fbbb6b4b4-q6bd9","bab-dev-aro-01-zm4qv-worker-swec-06-qvjx6","SHARED","NO","app=sas:NoSchedule;dedicated=uipath:NoSchedule","NO","","0.11","0.22","ReplicaSet/aimetering-5fbbb6b4b4"
"bab-dev-rpa-apps-01","aimetering-5fbbb6b4b4-xfxz2","bab-dev-aro-01-zm4qv-worker-rpa-swec-01-979xq","DEDICATED","YES","app=sas:NoSchedule;dedicated=uipath:NoSchedule","NO","","0.11","0.22","ReplicaSet/aimetering-5fbbb6b4b4"
"bab-dev-rpa-apps-01","aistorage-c6ffd7495-j7vbc","bab-dev-aro-01-zm4qv-worker-rpa-swec-01-979xq","DEDICATED","YES","app=sas:NoSchedule;dedicated=uipath:NoSchedule","NO","","0.5","1","ReplicaSet/aistorage-c6ffd7495"
"bab-dev-rpa-apps-01","aistorage-c6ffd7495-wgtgz","bab-dev-aro-01-zm4qv-worker-rpa-swec-02-s9mnt","DEDICATED","YES","app=sas:NoSchedule;dedicated=uipath:NoSchedule","NO","","0.5","1","ReplicaSet/aistorage-c6ffd7495"
"bab-dev-rpa-apps-01","demo-app-79f774f96f-drgl9","bab-dev-aro-01-zm4qv-worker-rpa-swec-02-s9mnt","DEDICATED","YES","app=sas:NoSchedule;dedicated=uipath:NoSchedule","NO","","0.01","0","ReplicaSet/demo-app-79f774f96f"
"bab-dev-rpa-apps-01","du-digitizer-54457f6f9-9s5pc","bab-dev-aro-01-zm4qv-worker-rpa-swec-01-979xq","DEDICATED","YES","app=sas:NoSchedule;dedicated=uipath:NoSchedule","NO","","0.5","1","ReplicaSet/du-digitizer-54457f6f9"
"bab-dev-rpa-apps-01","du-digitizer-54457f6f9-rv69g","bab-dev-aro-01-zm4qv-worker-swec-06-qvjx6","SHARED","NO","app=sas:NoSchedule;dedicated=uipath:NoSchedule","NO","","0.5","1","ReplicaSet/du-digitizer-54457f6f9"
"bab-dev-rpa-apps-01","du-digitizer-cleanup-66bfd5bcfc-nhqgg","bab-dev-aro-01-zm4qv-worker-swec-05-rwr4r","SHARED","NO","app=sas:NoSchedule;dedicated=uipath:NoSchedule","NO","","0.5","0.25","ReplicaSet/du-digitizer-cleanup-66bfd5bcfc"
"bab-dev-rpa-apps-01","du-digitizer-worker-deployment-7c7c477955-kvlq7","bab-dev-aro-01-zm4qv-worker-swec-08-9xmrp","SHARED","NO","app=sas:NoSchedule;dedicated=uipath:NoSchedule","NO","","1.01","2.12","ReplicaSet/du-digitizer-worker-deployment-7c7c477955"
"bab-dev-rpa-apps-01","du-digitizer-worker-deployment-7c7c477955-lnn7n","bab-dev-aro-01-zm4qv-worker-swec-02-65kw7","SHARED","NO","app=sas:NoSchedule;dedicated=uipath:NoSchedule","NO","","1.01","2.12","ReplicaSet/du-digitizer-worker-deployment-7c7c477955"
"bab-dev-rpa-apps-01","du-digitizer-worker-deployment-7c7c477955-lv8rp","bab-dev-aro-01-zm4qv-worker-swec-05-rwr4r","SHARED","NO","app=sas:NoSchedule;dedicated=uipath:NoSchedule","NO","","1.01","2.12","ReplicaSet/du-digitizer-worker-deployment-7c7c477955"
"bab-dev-rpa-apps-01","du-documentmanager-dm-5bbc767787-ffb7r","bab-dev-aro-01-zm4qv-worker-rpa-swec-01-979xq","DEDICATED","YES","app=sas:NoSchedule;dedicated=uipath:NoSchedule","NO","","0.25","0.46","ReplicaSet/du-documentmanager-dm-5bbc767787"
"bab-dev-rpa-apps-01","du-documentmanager-dm-5bbc767787-jnwgm","bab-dev-aro-01-zm4qv-worker-rpa-swec-01-979xq","DEDICATED","YES","app=sas:NoSchedule;dedicated=uipath:NoSchedule","NO","","0.25","0.46","ReplicaSet/du-documentmanager-dm-5bbc767787"
"bab-dev-rpa-apps-01","du-documentmanager-dm-5bbc767787-qdr7g","bab-dev-aro-01-zm4qv-worker-rpa-swec-02-s9mnt","DEDICATED","YES","app=sas:NoSchedule;dedicated=uipath:NoSchedule","NO","","0.25","0.46","ReplicaSet/du-documentmanager-dm-5bbc767787"
"bab-dev-rpa-apps-01","du-extended-ocr-844f8f5c9d-4nxt7","bab-dev-aro-01-zm4qv-worker-swec-06-qvjx6","SHARED","NO","app=sas:NoSchedule;dedicated=uipath:NoSchedule","NO","","0.02","0.06","ReplicaSet/du-extended-ocr-844f8f5c9d"
"bab-dev-rpa-apps-01","du-extended-ocr-844f8f5c9d-z9c77","bab-dev-aro-01-zm4qv-worker-rpa-swec-02-s9mnt","DEDICATED","YES","app=sas:NoSchedule;dedicated=uipath:NoSchedule","NO","","0.02","0.06","ReplicaSet/du-extended-ocr-844f8f5c9d"
"bab-dev-rpa-apps-01","du-extended-ocr-proxy-5794f7d6bd-gk9qc","bab-dev-aro-01-zm4qv-worker-swec-05-rwr4r","SHARED","NO","app=sas:NoSchedule;dedicated=uipath:NoSchedule","NO","","0.01","0","ReplicaSet/du-extended-ocr-proxy-5794f7d6bd"
"bab-dev-rpa-apps-01","du-extended-ocr-proxy-5794f7d6bd-lfw9z","bab-dev-aro-01-zm4qv-worker-rpa-swec-01-979xq","DEDICATED","YES","app=sas:NoSchedule;dedicated=uipath:NoSchedule","NO","","0.01","0","ReplicaSet/du-extended-ocr-proxy-5794f7d6bd"
"bab-dev-rpa-apps-01","du-frontend-6496865f75-g82qb","bab-dev-aro-01-zm4qv-worker-rpa-swec-01-979xq","DEDICATED","YES","app=sas:NoSchedule;dedicated=uipath:NoSchedule","NO","","0.11","0.21","ReplicaSet/du-frontend-6496865f75"
"bab-dev-rpa-apps-01","du-frontend-6496865f75-zs2wd","bab-dev-aro-01-zm4qv-worker-rpa-swec-02-s9mnt","DEDICATED","YES","app=sas:NoSchedule;dedicated=uipath:NoSchedule","NO","","0.11","0.21","ReplicaSet/du-frontend-6496865f75"
"bab-dev-rpa-apps-01","du-provisioning-8569b48b59-jq7pf","bab-dev-aro-01-zm4qv-worker-rpa-swec-02-s9mnt","DEDICATED","YES","app=sas:NoSchedule;dedicated=uipath:NoSchedule","NO","","0.11","0.25","ReplicaSet/du-provisioning-8569b48b59"
"bab-dev-rpa-apps-01","du-provisioning-8569b48b59-rwg4q","bab-dev-aro-01-zm4qv-worker-rpa-swec-01-979xq","DEDICATED","YES","app=sas:NoSchedule;dedicated=uipath:NoSchedule","NO","","0.11","0.25","ReplicaSet/du-provisioning-8569b48b59"
"bab-dev-rpa-apps-01","du-services-fe-b8f84d79d-lqptk","bab-dev-aro-01-zm4qv-worker-rpa-swec-02-s9mnt","DEDICATED","YES","app=sas:NoSchedule;dedicated=uipath:NoSchedule","NO","","0.25","1","ReplicaSet/du-services-fe-b8f84d79d"
"bab-dev-rpa-apps-01","du-services-fe-b8f84d79d-x78nz","bab-dev-aro-01-zm4qv-worker-rpa-swec-01-979xq","DEDICATED","YES","app=sas:NoSchedule;dedicated=uipath:NoSchedule","NO","","0.25","1","ReplicaSet/du-services-fe-b8f84d79d"
"bab-dev-rpa-apps-01","du-services-ikc-7b8d97b688-dr279","bab-dev-aro-01-zm4qv-worker-swec-03-pdt28","SHARED","NO","app=sas:NoSchedule;dedicated=uipath:NoSchedule","NO","","0.25","1","ReplicaSet/du-services-ikc-7b8d97b688"
"bab-dev-rpa-apps-01","du-services-ikc-7b8d97b688-znc46","bab-dev-aro-01-zm4qv-worker-rpa-swec-01-979xq","DEDICATED","YES","app=sas:NoSchedule;dedicated=uipath:NoSchedule","NO","","0.25","1","ReplicaSet/du-services-ikc-7b8d97b688"
"bab-dev-rpa-apps-01","identity-service-api-669c7678bd-xk57n","bab-dev-aro-01-zm4qv-worker-rpa-swec-01-979xq","DEDICATED","YES","app=sas:NoSchedule;dedicated=uipath:NoSchedule","NO","","0.61","1","ReplicaSet/identity-service-api-669c7678bd"
"bab-dev-rpa-apps-01","identity-service-api-669c7678bd-zm25b","bab-dev-aro-01-zm4qv-worker-rpa-swec-02-s9mnt","DEDICATED","YES","app=sas:NoSchedule;dedicated=uipath:NoSchedule","NO","","0.61","1","ReplicaSet/identity-service-api-669c7678bd"
"bab-dev-rpa-apps-01","identity-service-web-848d457d47-8chqh","bab-dev-aro-01-zm4qv-worker-rpa-swec-01-979xq","DEDICATED","YES","app=sas:NoSchedule;dedicated=uipath:NoSchedule","NO","","0.060000000000000005","0.17","ReplicaSet/identity-service-web-848d457d47"
"bab-dev-rpa-apps-01","identity-service-web-848d457d47-dmvcz","bab-dev-aro-01-zm4qv-worker-rpa-swec-02-s9mnt","DEDICATED","YES","app=sas:NoSchedule;dedicated=uipath:NoSchedule","NO","","0.060000000000000005","0.17","ReplicaSet/identity-service-web-848d457d47"
"bab-dev-rpa-apps-01","orchestrator-7cc89fc9d4-8k2qz","bab-dev-aro-01-zm4qv-worker-rpa-swec-02-s9mnt","DEDICATED","YES","app=sas:NoSchedule;dedicated=uipath:NoSchedule","NO","","1.01","2.12","ReplicaSet/orchestrator-7cc89fc9d4"
"bab-dev-rpa-apps-01","orchestrator-7cc89fc9d4-m6p6v","bab-dev-aro-01-zm4qv-worker-rpa-swec-01-979xq","DEDICATED","YES","app=sas:NoSchedule;dedicated=uipath:NoSchedule","NO","","1.01","2.12","ReplicaSet/orchestrator-7cc89fc9d4"
"bab-dev-rpa-apps-01","platform-authorization-service-588889fb64-kjgxq","bab-dev-aro-01-zm4qv-worker-rpa-swec-02-s9mnt","DEDICATED","YES","app=sas:NoSchedule;dedicated=uipath:NoSchedule","NO","","0.11","0.71","ReplicaSet/platform-authorization-service-588889fb64"
"bab-dev-rpa-apps-01","platform-authorization-service-588889fb64-ptjxb","bab-dev-aro-01-zm4qv-worker-rpa-swec-01-979xq","DEDICATED","YES","app=sas:NoSchedule;dedicated=uipath:NoSchedule","NO","","0.11","0.71","ReplicaSet/platform-authorization-service-588889fb64"
"bab-dev-rpa-apps-01","platform-license-accountant-76f498d745-9nvps","bab-dev-aro-01-zm4qv-worker-rpa-swec-01-979xq","DEDICATED","YES","app=sas:NoSchedule;dedicated=uipath:NoSchedule","NO","","0.61","0.9","ReplicaSet/platform-license-accountant-76f498d745"
"bab-dev-rpa-apps-01","platform-license-accountant-76f498d745-xnxcm","bab-dev-aro-01-zm4qv-worker-rpa-swec-02-s9mnt","DEDICATED","YES","app=sas:NoSchedule;dedicated=uipath:NoSchedule","NO","","0.61","0.9","ReplicaSet/platform-license-accountant-76f498d745"
"bab-dev-rpa-apps-01","platform-license-accountant-worker-f964fd5b8-bh6w9","bab-dev-aro-01-zm4qv-worker-rpa-swec-02-s9mnt","DEDICATED","YES","app=sas:NoSchedule;dedicated=uipath:NoSchedule","NO","","0.61","0.9","ReplicaSet/platform-license-accountant-worker-f964fd5b8"
"bab-dev-rpa-apps-01","platform-license-accountant-worker-f964fd5b8-hl4h8","bab-dev-aro-01-zm4qv-worker-swec-05-rwr4r","SHARED","NO","app=sas:NoSchedule;dedicated=uipath:NoSchedule","NO","","0.61","0.9","ReplicaSet/platform-license-accountant-worker-f964fd5b8"
"bab-dev-rpa-apps-01","platform-license-resource-manager-7795f6d96d-pl25c","bab-dev-aro-01-zm4qv-worker-rpa-swec-01-979xq","DEDICATED","YES","app=sas:NoSchedule;dedicated=uipath:NoSchedule","NO","","0.11","0.9","ReplicaSet/platform-license-resource-manager-7795f6d96d"
"bab-dev-rpa-apps-01","platform-license-resource-manager-7795f6d96d-st2kg","bab-dev-aro-01-zm4qv-worker-rpa-swec-02-s9mnt","DEDICATED","YES","app=sas:NoSchedule;dedicated=uipath:NoSchedule","NO","","0.11","0.9","ReplicaSet/platform-license-resource-manager-7795f6d96d"
"bab-dev-rpa-apps-01","platform-license-resource-manager-worker-74846f8fb9-2ngsb","bab-dev-aro-01-zm4qv-worker-swec-01-h4skf","SHARED","NO","app=sas:NoSchedule;dedicated=uipath:NoSchedule","NO","","0.11","0.9","ReplicaSet/platform-license-resource-manager-worker-74846f8fb9"
"bab-dev-rpa-apps-01","platform-license-resource-manager-worker-74846f8fb9-5tbkg","bab-dev-aro-01-zm4qv-worker-rpa-swec-01-979xq","DEDICATED","YES","app=sas:NoSchedule;dedicated=uipath:NoSchedule","NO","","0.11","0.9","ReplicaSet/platform-license-resource-manager-worker-74846f8fb9"
"bab-dev-rpa-apps-01","platform-location-service-7d9fd7744d-8mgdp","bab-dev-aro-01-zm4qv-worker-rpa-swec-02-s9mnt","DEDICATED","YES","app=sas:NoSchedule;dedicated=uipath:NoSchedule","NO","","0.41000000000000003","0.61","ReplicaSet/platform-location-service-7d9fd7744d"
"bab-dev-rpa-apps-01","platform-location-service-7d9fd7744d-r99d5","bab-dev-aro-01-zm4qv-worker-rpa-swec-01-979xq","DEDICATED","YES","app=sas:NoSchedule;dedicated=uipath:NoSchedule","NO","","0.41000000000000003","0.61","ReplicaSet/platform-location-service-7d9fd7744d"
"bab-dev-rpa-apps-01","platform-messagebus-service-5d45cdf5bc-2h5j6","bab-dev-aro-01-zm4qv-worker-rpa-swec-02-s9mnt","DEDICATED","YES","app=sas:NoSchedule;dedicated=uipath:NoSchedule","NO","","0.11","0.9","ReplicaSet/platform-messagebus-service-5d45cdf5bc"
"bab-dev-rpa-apps-01","platform-messagebus-service-5d45cdf5bc-722hn","bab-dev-aro-01-zm4qv-worker-swec-06-qvjx6","SHARED","NO","app=sas:NoSchedule;dedicated=uipath:NoSchedule","NO","","0.11","0.9","ReplicaSet/platform-messagebus-service-5d45cdf5bc"
"bab-dev-rpa-apps-01","platform-messagebus-service-5d45cdf5bc-9cht7","bab-dev-aro-01-zm4qv-worker-rpa-swec-01-979xq","DEDICATED","YES","app=sas:NoSchedule;dedicated=uipath:NoSchedule","NO","","0.11","0.9","ReplicaSet/platform-messagebus-service-5d45cdf5bc"
"bab-dev-rpa-apps-01","platform-messagebus-service-5d45cdf5bc-9g2np","bab-dev-aro-01-zm4qv-worker-rpa-swec-01-979xq","DEDICATED","YES","app=sas:NoSchedule;dedicated=uipath:NoSchedule","NO","","0.11","0.9","ReplicaSet/platform-messagebus-service-5d45cdf5bc"
"bab-dev-rpa-apps-01","platform-messagebus-service-5d45cdf5bc-cff9z","bab-dev-aro-01-zm4qv-worker-rpa-swec-02-s9mnt","DEDICATED","YES","app=sas:NoSchedule;dedicated=uipath:NoSchedule","NO","","0.11","0.9","ReplicaSet/platform-messagebus-service-5d45cdf5bc"
"bab-dev-rpa-apps-01","platform-messagebus-service-5d45cdf5bc-grsrt","bab-dev-aro-01-zm4qv-worker-rpa-swec-02-s9mnt","DEDICATED","YES","app=sas:NoSchedule;dedicated=uipath:NoSchedule","NO","","0.11","0.9","ReplicaSet/platform-messagebus-service-5d45cdf5bc"
"bab-dev-rpa-apps-01","platform-messagebus-service-5d45cdf5bc-hkxwj","bab-dev-aro-01-zm4qv-worker-swec-02-65kw7","SHARED","NO","app=sas:NoSchedule;dedicated=uipath:NoSchedule","NO","","0.11","0.9","ReplicaSet/platform-messagebus-service-5d45cdf5bc"
"bab-dev-rpa-apps-01","platform-messagebus-service-5d45cdf5bc-r5v5r","bab-dev-aro-01-zm4qv-worker-swec-01-h4skf","SHARED","NO","app=sas:NoSchedule;dedicated=uipath:NoSchedule","NO","","0.11","0.9","ReplicaSet/platform-messagebus-service-5d45cdf5bc"
"bab-dev-rpa-apps-01","platform-messagebus-service-5d45cdf5bc-txgr2","bab-dev-aro-01-zm4qv-worker-swec-01-h4skf","SHARED","NO","app=sas:NoSchedule;dedicated=uipath:NoSchedule","NO","","0.11","0.9","ReplicaSet/platform-messagebus-service-5d45cdf5bc"
"bab-dev-rpa-apps-01","platform-messagebus-service-5d45cdf5bc-zcqw4","bab-dev-aro-01-zm4qv-worker-swec-04-25fmv","SHARED","NO","app=sas:NoSchedule;dedicated=uipath:NoSchedule","NO","","0.11","0.9","ReplicaSet/platform-messagebus-service-5d45cdf5bc"
"bab-dev-rpa-apps-01","platform-organization-management-service-698d8bb864-g6rfb","bab-dev-aro-01-zm4qv-worker-rpa-swec-01-979xq","DEDICATED","YES","app=sas:NoSchedule;dedicated=uipath:NoSchedule","NO","","0.41000000000000003","0.71","ReplicaSet/platform-organization-management-service-698d8bb864"
"bab-dev-rpa-apps-01","platform-organization-management-service-698d8bb864-xvt6v","bab-dev-aro-01-zm4qv-worker-rpa-swec-02-s9mnt","DEDICATED","YES","app=sas:NoSchedule;dedicated=uipath:NoSchedule","NO","","0.41000000000000003","0.71","ReplicaSet/platform-organization-management-service-698d8bb864"
"bab-dev-rpa-apps-01","platform-portal-7d46cf498-9d9jf","bab-dev-aro-01-zm4qv-worker-rpa-swec-02-s9mnt","DEDICATED","YES","app=sas:NoSchedule;dedicated=uipath:NoSchedule","NO","","0.41000000000000003","0.41","ReplicaSet/platform-portal-7d46cf498"
"bab-dev-rpa-apps-01","platform-portal-7d46cf498-9zkpb","bab-dev-aro-01-zm4qv-worker-rpa-swec-01-979xq","DEDICATED","YES","app=sas:NoSchedule;dedicated=uipath:NoSchedule","NO","","0.41000000000000003","0.41","ReplicaSet/platform-portal-7d46cf498"
"bab-dev-rpa-apps-01","platform-resource-catalog-service-559d7d5cb9-t4qmn","bab-dev-aro-01-zm4qv-worker-rpa-swec-02-s9mnt","DEDICATED","YES","app=sas:NoSchedule;dedicated=uipath:NoSchedule","NO","","0.11","0.9","ReplicaSet/platform-resource-catalog-service-559d7d5cb9"
"bab-dev-rpa-apps-01","platform-resource-catalog-service-559d7d5cb9-wv6sh","bab-dev-aro-01-zm4qv-worker-rpa-swec-01-979xq","DEDICATED","YES","app=sas:NoSchedule;dedicated=uipath:NoSchedule","NO","","0.11","0.9","ReplicaSet/platform-resource-catalog-service-559d7d5cb9"
"bab-dev-rpa-apps-01","pushgateway-prometheus-pushgateway-78cff4c854-w4nl2","bab-dev-aro-01-zm4qv-worker-rpa-swec-02-s9mnt","DEDICATED","YES","app=sas:NoSchedule;dedicated=uipath:NoSchedule","NO","","0.04","0.05","ReplicaSet/pushgateway-prometheus-pushgateway-78cff4c854"
"bab-dev-rpa-apps-01","reloader-reloader-759f74966c-2t2xz","bab-dev-aro-01-zm4qv-worker-rpa-swec-02-s9mnt","DEDICATED","YES","app=sas:NoSchedule;dedicated=uipath:NoSchedule","NO","","0.01","0.09","ReplicaSet/reloader-reloader-759f74966c"
"bab-dev-rpa-apps-01","robotube-6cc8cd7db8-7hpxj","bab-dev-aro-01-zm4qv-worker-rpa-swec-02-s9mnt","DEDICATED","YES","app=sas:NoSchedule;dedicated=uipath:NoSchedule","NO","","0.11","0.36","ReplicaSet/robotube-6cc8cd7db8"
"bab-dev-rpa-apps-01","robotube-6cc8cd7db8-ns6wb","bab-dev-aro-01-zm4qv-worker-rpa-swec-01-979xq","DEDICATED","YES","app=sas:NoSchedule;dedicated=uipath:NoSchedule","NO","","0.11","0.36","ReplicaSet/robotube-6cc8cd7db8"
"bab-dev-rpa-apps-01","webhook-service-56f89965bc-hpsd6","bab-dev-aro-01-zm4qv-worker-rpa-swec-01-979xq","DEDICATED","YES","app=sas:NoSchedule;dedicated=uipath:NoSchedule","NO","","0.11","0.8","ReplicaSet/webhook-service-56f89965bc"
"bab-dev-rpa-apps-01","webhook-service-56f89965bc-rd85w","bab-dev-aro-01-zm4qv-worker-rpa-swec-02-s9mnt","DEDICATED","YES","app=sas:NoSchedule;dedicated=uipath:NoSchedule","NO","","0.11","0.8","ReplicaSet/webhook-service-56f89965bc"
"bab-dev-web-baas","abb-account-statement-service-5ffb5766fb-5mcsj","bab-dev-aro-01-zm4qv-worker-swec-02-65kw7","SHARED","NO","app=sas:NoSchedule;dedicated=uipath:NoSchedule","NO","","0.3","0.5","ReplicaSet/abb-account-statement-service-5ffb5766fb"
"bab-dev-web-baas","abb-account-statement-service-amr-tarek-7fd95b5c44-ldzg6","bab-dev-aro-01-zm4qv-worker-swec-02-65kw7","SHARED","NO","app=sas:NoSchedule;dedicated=uipath:NoSchedule","NO","","0.3","0.5","ReplicaSet/abb-account-statement-service-amr-tarek-7fd95b5c44"
"bab-dev-web-baas","abb-card-statement-service-777d5bdd76-m8bv9","bab-dev-aro-01-zm4qv-worker-swec-01-h4skf","SHARED","NO","app=sas:NoSchedule;dedicated=uipath:NoSchedule","NO","","0.3","0.5","ReplicaSet/abb-card-statement-service-777d5bdd76"
"bab-dev-web-baas","active-directory-service-57586ff94c-wh8jl","bab-dev-aro-01-zm4qv-worker-swec-02-65kw7","SHARED","NO","","NO","","0","0","ReplicaSet/active-directory-service-57586ff94c"
"bab-dev-web-baas","auth-service-54b4bcb84b-qtknk","bab-dev-aro-01-zm4qv-worker-swec-04-25fmv","SHARED","NO","app=sas:NoSchedule;dedicated=uipath:NoSchedule","NO","","0.3","0.5","ReplicaSet/auth-service-54b4bcb84b"
"bab-dev-web-baas","branch-app-ui-845b765b4f-q6976","bab-dev-aro-01-zm4qv-worker-swec-04-25fmv","SHARED","NO","app=sas:NoSchedule;dedicated=uipath:NoSchedule","NO","","0.3","0.5","ReplicaSet/branch-app-ui-845b765b4f"
"bab-dev-web-baas","branch-statement-service-86b4d9dfc9-wgr7v","bab-dev-aro-01-zm4qv-worker-swec-06-qvjx6","SHARED","NO","app=sas:NoSchedule;dedicated=uipath:NoSchedule","NO","","0.3","0.5","ReplicaSet/branch-statement-service-86b4d9dfc9"
"bab-dev-web-baas","efatourah-xml-5f6bfd4c-2577w","bab-dev-aro-01-zm4qv-worker-swec-02-65kw7","SHARED","NO","app=sas:NoSchedule;dedicated=uipath:NoSchedule","NO","","0.3","0.5","ReplicaSet/efatourah-xml-5f6bfd4c"
"bab-dev-web-baas","enjaz-contacts-service-864649b46-gwgcn","bab-dev-aro-01-zm4qv-worker-swec-01-h4skf","SHARED","NO","app=sas:NoSchedule;dedicated=uipath:NoSchedule","NO","","0.3","0.5","ReplicaSet/enjaz-contacts-service-864649b46"
"bab-dev-web-baas","error-message-service-6959c87dcc-2sqtt","bab-dev-aro-01-zm4qv-worker-swec-06-qvjx6","SHARED","NO","app=sas:NoSchedule;dedicated=uipath:NoSchedule","NO","","0.3","0.5","ReplicaSet/error-message-service-6959c87dcc"
"bab-dev-web-baas","error-message-service-8545846c6c-j9848","bab-dev-aro-01-zm4qv-worker-swec-06-qvjx6","SHARED","NO","app=sas:NoSchedule;dedicated=uipath:NoSchedule","NO","","0.3","0.5","ReplicaSet/error-message-service-8545846c6c"
"bab-dev-web-baas","ldap-service-859b87466f-6rhwq","bab-dev-aro-01-zm4qv-worker-swec-01-h4skf","SHARED","NO","app=sas:NoSchedule;dedicated=uipath:NoSchedule","NO","","0.3","0.5","ReplicaSet/ldap-service-859b87466f"
"bab-dev-web-baas","mock-api-app-5cd6d77b96-vk2nw","bab-dev-aro-01-zm4qv-worker-swec-08-9xmrp","SHARED","NO","app=sas:NoSchedule;dedicated=uipath:NoSchedule","NO","","0.3","0.5","ReplicaSet/mock-api-app-5cd6d77b96"
"bab-dev-web-baas","moi-cache-578dcbd44d-7qxwq","bab-dev-aro-01-zm4qv-worker-swec-06-qvjx6","SHARED","NO","app=sas:NoSchedule;dedicated=uipath:NoSchedule","NO","","0.3","0.5","ReplicaSet/moi-cache-578dcbd44d"
"bab-dev-web-baas","moi-cache-67d79b69cb-m99t7","bab-dev-aro-01-zm4qv-worker-swec-06-qvjx6","SHARED","NO","app=sas:NoSchedule;dedicated=uipath:NoSchedule","NO","","0.3","0.5","ReplicaSet/moi-cache-67d79b69cb"
"bab-dev-web-baas","mongo-db-handler-87489c4c8-zrfz2","bab-dev-aro-01-zm4qv-worker-swec-08-9xmrp","SHARED","NO","app=sas:NoSchedule;dedicated=uipath:NoSchedule","NO","","0.3","0.5","ReplicaSet/mongo-db-handler-87489c4c8"
"bab-dev-web-baas","net-utils1-f99966b64-cbdtc","bab-dev-aro-01-zm4qv-worker-swec-05-rwr4r","SHARED","NO","","NO","","0","0","ReplicaSet/net-utils1-f99966b64"
"bab-dev-web-baas","otel-collector-5fc799f7f8-gm2zm","bab-dev-aro-01-zm4qv-worker-swec-05-rwr4r","SHARED","NO","","NO","","0","0","ReplicaSet/otel-collector-5fc799f7f8"
"bab-dev-web-baas","retail-onboarding-54d94b8d85-4b5mp","bab-dev-aro-01-zm4qv-worker-swec-04-25fmv","SHARED","NO","app=sas:NoSchedule;dedicated=uipath:NoSchedule","NO","","0.3","0.5","ReplicaSet/retail-onboarding-54d94b8d85"
"bab-dev-web-baas","retail-onboarding-77966944f5-m9mwx","bab-dev-aro-01-zm4qv-worker-swec-04-25fmv","SHARED","NO","app=sas:NoSchedule;dedicated=uipath:NoSchedule","NO","","0.3","0.5","ReplicaSet/retail-onboarding-77966944f5"
"bab-dev-web-baas","rmb-docs-service-8484ddfd44-rdvvs","bab-dev-aro-01-zm4qv-worker-swec-04-25fmv","SHARED","NO","app=sas:NoSchedule;dedicated=uipath:NoSchedule","NO","","0.3","0.5","ReplicaSet/rmb-docs-service-8484ddfd44"
"bab-dev-web-baas","session-rules-manager-bfc9f4867-k2whz","bab-dev-aro-01-zm4qv-worker-swec-02-65kw7","SHARED","NO","app=sas:NoSchedule;dedicated=uipath:NoSchedule","NO","","0.3","0.5","ReplicaSet/session-rules-manager-bfc9f4867"
"bab-dev-web-baas","shorten-url-ms-74b585cd97-nb8lk","bab-dev-aro-01-zm4qv-worker-swec-04-25fmv","SHARED","NO","app=sas:NoSchedule;dedicated=uipath:NoSchedule","NO","","0.3","0.5","ReplicaSet/shorten-url-ms-74b585cd97"
"bab-dev-web-baas","sme-loan-app-6ddb659b9b-gfxj4","bab-dev-aro-01-zm4qv-worker-swec-06-qvjx6","SHARED","NO","app=sas:NoSchedule;dedicated=uipath:NoSchedule","NO","","0.3","0.5","ReplicaSet/sme-loan-app-6ddb659b9b"
"bab-dev-web-baas","statement-integrator-service-65fd9cb648-w6qdz","bab-dev-aro-01-zm4qv-worker-swec-05-rwr4r","SHARED","NO","app=sas:NoSchedule;dedicated=uipath:NoSchedule","NO","","0.3","0.5","ReplicaSet/statement-integrator-service-65fd9cb648"
"bab-dev-web-baas","statement-manager-service-577df64484-8c959","bab-dev-aro-01-zm4qv-worker-swec-01-h4skf","SHARED","NO","app=sas:NoSchedule;dedicated=uipath:NoSchedule","NO","","0.3","0.5","ReplicaSet/statement-manager-service-577df64484"
"bab-dev-web-baas","statement-poller-59f8c94f4d-pst7w","bab-dev-aro-01-zm4qv-worker-swec-08-9xmrp","SHARED","NO","app=sas:NoSchedule;dedicated=uipath:NoSchedule","NO","","0.3","0.5","ReplicaSet/statement-poller-59f8c94f4d"
"bab-dev-web-baas","tanfeeth-report-poller-6f88db9f75-xgmqf","bab-dev-aro-01-zm4qv-worker-swec-08-9xmrp","SHARED","NO","app=sas:NoSchedule;dedicated=uipath:NoSchedule","NO","","0.3","0.5","ReplicaSet/tanfeeth-report-poller-6f88db9f75"
"bab-dev-web-baas","utility-service-689f58d9f-dxlbp","bab-dev-aro-01-zm4qv-worker-swec-08-9xmrp","SHARED","NO","app=sas:NoSchedule;dedicated=uipath:NoSchedule","NO","","0.3","0.5","ReplicaSet/utility-service-689f58d9f"
"babamldev","sas-aml-core-79d8bc4-nphkx","bab-dev-aro-01-zm4qv-worker-swec-10-62m4m","DEDICATED","YES","app=sas:NoSchedule;dedicated=uipath:NoSchedule","YES","app","0.05","0.6","ReplicaSet/sas-aml-core-79d8bc4"
"babamldev","sas-analytics-events-84849cbfcd-zftb2","bab-dev-aro-01-zm4qv-worker-swec-09-7d9zr","DEDICATED","YES","app=sas:NoSchedule;dedicated=uipath:NoSchedule","YES","app","0.1","0.08","ReplicaSet/sas-analytics-events-84849cbfcd"
"babamldev","sas-analytics-execution-84d7d47858-v7tnk","bab-dev-aro-01-zm4qv-worker-swec-11-tqb4f","DEDICATED","YES","app=sas:NoSchedule;dedicated=uipath:NoSchedule","YES","app","0.1","0.08","ReplicaSet/sas-analytics-execution-84d7d47858"
"babamldev","sas-analytics-gateway-ccfcbbfd5-2ljhw","bab-dev-aro-01-zm4qv-worker-swec-10-62m4m","DEDICATED","YES","app=sas:NoSchedule;dedicated=uipath:NoSchedule","YES","app","0.05","1","ReplicaSet/sas-analytics-gateway-ccfcbbfd5"
"babamldev","sas-analytics-resources-f54d84c9d-mdxmb","bab-dev-aro-01-zm4qv-worker-swec-10-62m4m","DEDICATED","YES","app=sas:NoSchedule;dedicated=uipath:NoSchedule","YES","app","0.1","0.29","ReplicaSet/sas-analytics-resources-f54d84c9d"
"babamldev","sas-annotations-7fb76948bd-vh7bc","bab-dev-aro-01-zm4qv-worker-swec-11-tqb4f","DEDICATED","YES","app=sas:NoSchedule;dedicated=uipath:NoSchedule","YES","app","0.1","0.08","ReplicaSet/sas-annotations-7fb76948bd"
"babamldev","sas-app-registry-5cd88fcccb-rtmt4","bab-dev-aro-01-zm4qv-worker-swec-11-tqb4f","DEDICATED","YES","app=sas:NoSchedule;dedicated=uipath:NoSchedule","YES","app","0.1","0.08","ReplicaSet/sas-app-registry-5cd88fcccb"
"babamldev","sas-arke-7c6b6c56c8-zptg2","bab-dev-aro-01-zm4qv-worker-swec-10-62m4m","DEDICATED","YES","app=sas:NoSchedule;dedicated=uipath:NoSchedule","YES","app","0.05","0.04","ReplicaSet/sas-arke-7c6b6c56c8"
"babamldev","sas-audit-bf6b9b44c-mdbhm","bab-dev-aro-01-zm4qv-worker-swec-09-7d9zr","DEDICATED","YES","app=sas:NoSchedule;dedicated=uipath:NoSchedule","YES","app","0.1","0.08","ReplicaSet/sas-audit-bf6b9b44c"
"babamldev","sas-authorization-54f48588b7-tf88h","bab-dev-aro-01-zm4qv-worker-swec-09-7d9zr","DEDICATED","YES","app=sas:NoSchedule;dedicated=uipath:NoSchedule","YES","app","0.05","1","ReplicaSet/sas-authorization-54f48588b7"
"babamldev","sas-batch-594d5f668c-64kx8","bab-dev-aro-01-zm4qv-worker-swec-09-7d9zr","DEDICATED","YES","app=sas:NoSchedule;dedicated=uipath:NoSchedule","YES","app","0.1","0.08","ReplicaSet/sas-batch-594d5f668c"
"babamldev","sas-cas-control-57bf95d7-r6l42","bab-dev-aro-01-zm4qv-worker-swec-11-tqb4f","DEDICATED","YES","app=sas:NoSchedule;dedicated=uipath:NoSchedule","YES","app","0.05","0.04","ReplicaSet/sas-cas-control-57bf95d7"
"babamldev","sas-cas-operator-576fb96b5d-pq22b","bab-dev-aro-01-zm4qv-worker-swec-11-tqb4f","DEDICATED","YES","app=sas:NoSchedule;dedicated=uipath:NoSchedule","YES","app","0.05","0.04","ReplicaSet/sas-cas-operator-576fb96b5d"
"babamldev","sas-cas-server-default-controller","bab-dev-aro-01-zm4qv-worker-swec-09-7d9zr","DEDICATED","YES","app=sas:NoSchedule;dedicated=uipath:NoSchedule","YES","app","1","4.48","CASDeployment/default"
"babamldev","sas-catalog-services-7496d5cdbb-r7rzz","bab-dev-aro-01-zm4qv-worker-swec-09-7d9zr","DEDICATED","YES","app=sas:NoSchedule;dedicated=uipath:NoSchedule","YES","app","0.5","0.48","ReplicaSet/sas-catalog-services-7496d5cdbb"
"babamldev","sas-chromium-server-7c677d66d6-rn6pw","bab-dev-aro-01-zm4qv-worker-swec-11-tqb4f","DEDICATED","YES","app=sas:NoSchedule;dedicated=uipath:NoSchedule","YES","app","0.1","0.4","ReplicaSet/sas-chromium-server-7c677d66d6"
"babamldev","sas-code-debugger-9dc6886b4-7j769","bab-dev-aro-01-zm4qv-worker-swec-10-62m4m","DEDICATED","YES","app=sas:NoSchedule;dedicated=uipath:NoSchedule","YES","app","0.05","0.04","ReplicaSet/sas-code-debugger-9dc6886b4"
"babamldev","sas-code-debugger-app-7dfd4c67d5-9bsrk","bab-dev-aro-01-zm4qv-worker-swec-11-tqb4f","DEDICATED","YES","app=sas:NoSchedule;dedicated=uipath:NoSchedule","YES","app","0.05","0.04","ReplicaSet/sas-code-debugger-app-7dfd4c67d5"
"babamldev","sas-collaboration-99bf88b7d-dcvkc","bab-dev-aro-01-zm4qv-worker-swec-10-62m4m","DEDICATED","YES","app=sas:NoSchedule;dedicated=uipath:NoSchedule","YES","app","0.1","0.08","ReplicaSet/sas-collaboration-99bf88b7d"
"babamldev","sas-compute-84f6bbc7f9-nrvq2","bab-dev-aro-01-zm4qv-worker-swec-10-62m4m","DEDICATED","YES","app=sas:NoSchedule;dedicated=uipath:NoSchedule","YES","app","0.1","0.08","ReplicaSet/sas-compute-84f6bbc7f9"
"babamldev","sas-compute-server-8e1dc6c1-ad43-49da-9739-befc0c80e29c-fpd96","bab-dev-aro-01-zm4qv-worker-swec-11-tqb4f","DEDICATED","YES","app=sas:NoSchedule;dedicated=uipath:NoSchedule","YES","app","0.05","0.27","Job/sas-compute-server-8e1dc6c1-ad43-49da-9739-befc0c80e29c"
"babamldev","sas-configuration-5cd9675b6d-wcxmx","bab-dev-aro-01-zm4qv-worker-swec-11-tqb4f","DEDICATED","YES","app=sas:NoSchedule;dedicated=uipath:NoSchedule","YES","app","0.5","0.04","ReplicaSet/sas-configuration-5cd9675b6d"
"babamldev","sas-connect-7b9d7676f-59cmc","bab-dev-aro-01-zm4qv-worker-swec-10-62m4m","DEDICATED","YES","app=sas:NoSchedule;dedicated=uipath:NoSchedule","YES","app","0.1","0.08","ReplicaSet/sas-connect-7b9d7676f"
"babamldev","sas-connect-spawner-656c669db6-hjbpc","bab-dev-aro-01-zm4qv-worker-swec-09-7d9zr","DEDICATED","YES","app=sas:NoSchedule;dedicated=uipath:NoSchedule","YES","app","0.075","0.12","ReplicaSet/sas-connect-spawner-656c669db6"
"babamldev","sas-consul-server-0","bab-dev-aro-01-zm4qv-worker-swec-11-tqb4f","DEDICATED","YES","app=sas:NoSchedule;dedicated=uipath:NoSchedule","YES","app","0.25","0.14","StatefulSet/sas-consul-server"
"babamldev","sas-consul-server-1","bab-dev-aro-01-zm4qv-worker-swec-10-62m4m","DEDICATED","YES","app=sas:NoSchedule;dedicated=uipath:NoSchedule","YES","app","0.25","0.14","StatefulSet/sas-consul-server"
"babamldev","sas-consul-server-2","bab-dev-aro-01-zm4qv-worker-swec-09-7d9zr","DEDICATED","YES","app=sas:NoSchedule;dedicated=uipath:NoSchedule","YES","app","0.25","0.14","StatefulSet/sas-consul-server"
"babamldev","sas-content-6d754d954f-dgt8t","bab-dev-aro-01-zm4qv-worker-swec-10-62m4m","DEDICATED","YES","app=sas:NoSchedule;dedicated=uipath:NoSchedule","YES","app","0.1","0.08","ReplicaSet/sas-content-6d754d954f"
"babamldev","sas-credentials-998489b5f-hfnqv","bab-dev-aro-01-zm4qv-worker-swec-09-7d9zr","DEDICATED","YES","app=sas:NoSchedule;dedicated=uipath:NoSchedule","YES","app","0.05","0.6","ReplicaSet/sas-credentials-998489b5f"
"babamldev","sas-data-agent-server-colocated-0","bab-dev-aro-01-zm4qv-worker-swec-10-62m4m","DEDICATED","YES","app=sas:NoSchedule;dedicated=uipath:NoSchedule","YES","app","0.05","0.63","StatefulSet/sas-data-agent-server-colocated"
"babamldev","sas-data-agent-services-745745f597-ck8jc","bab-dev-aro-01-zm4qv-worker-swec-10-62m4m","DEDICATED","YES","app=sas:NoSchedule;dedicated=uipath:NoSchedule","YES","app","0.05","0.04","ReplicaSet/sas-data-agent-services-745745f597"
"babamldev","sas-data-explorer-app-7859594c4b-gvw69","bab-dev-aro-01-zm4qv-worker-swec-09-7d9zr","DEDICATED","YES","app=sas:NoSchedule;dedicated=uipath:NoSchedule","YES","app","0.05","0.6","ReplicaSet/sas-data-explorer-app-7859594c4b"
"babamldev","sas-data-flows-6549b66bb7-j95t4","bab-dev-aro-01-zm4qv-worker-swec-10-62m4m","DEDICATED","YES","app=sas:NoSchedule;dedicated=uipath:NoSchedule","YES","app","0.1","0.08","ReplicaSet/sas-data-flows-6549b66bb7"
"babamldev","sas-data-mining-models-7668b87d76-67st9","bab-dev-aro-01-zm4qv-worker-swec-10-62m4m","DEDICATED","YES","app=sas:NoSchedule;dedicated=uipath:NoSchedule","YES","app","0.1","0.08","ReplicaSet/sas-data-mining-models-7668b87d76"
"babamldev","sas-data-mining-project-resources-689df8bcf9-wqtcf","bab-dev-aro-01-zm4qv-worker-swec-09-7d9zr","DEDICATED","YES","app=sas:NoSchedule;dedicated=uipath:NoSchedule","YES","app","0.1","0.08","ReplicaSet/sas-data-mining-project-resources-689df8bcf9"
"babamldev","sas-data-mining-results-cbb58fbfc-kt2g8","bab-dev-aro-01-zm4qv-worker-swec-10-62m4m","DEDICATED","YES","app=sas:NoSchedule;dedicated=uipath:NoSchedule","YES","app","0.1","0.08","ReplicaSet/sas-data-mining-results-cbb58fbfc"
"babamldev","sas-data-mining-risk-models-6f4cf6f7cd-jvd6z","bab-dev-aro-01-zm4qv-worker-swec-11-tqb4f","DEDICATED","YES","app=sas:NoSchedule;dedicated=uipath:NoSchedule","YES","app","0.05","0.04","ReplicaSet/sas-data-mining-risk-models-6f4cf6f7cd"
"babamldev","sas-data-plans-6879f7d7c4-bnsbw","bab-dev-aro-01-zm4qv-worker-swec-11-tqb4f","DEDICATED","YES","app=sas:NoSchedule;dedicated=uipath:NoSchedule","YES","app","0.05","0.6","ReplicaSet/sas-data-plans-6879f7d7c4"
"babamldev","sas-data-quality-services-6d7b7f54b6-pkvfx","bab-dev-aro-01-zm4qv-worker-swec-09-7d9zr","DEDICATED","YES","app=sas:NoSchedule;dedicated=uipath:NoSchedule","YES","app","0.1","0.09","ReplicaSet/sas-data-quality-services-6d7b7f54b6"
"babamldev","sas-data-server-operator-f7f48bdc9-h4xg2","bab-dev-aro-01-zm4qv-worker-swec-10-62m4m","DEDICATED","YES","app=sas:NoSchedule;dedicated=uipath:NoSchedule","YES","app","0.05","0.04","ReplicaSet/sas-data-server-operator-f7f48bdc9"
"babamldev","sas-data-sources-6cb6ff5ff8-qqcd4","bab-dev-aro-01-zm4qv-worker-swec-11-tqb4f","DEDICATED","YES","app=sas:NoSchedule;dedicated=uipath:NoSchedule","YES","app","0.1","0.08","ReplicaSet/sas-data-sources-6cb6ff5ff8"
"babamldev","sas-data-studio-app-6849f5db7f-8jzm8","bab-dev-aro-01-zm4qv-worker-swec-10-62m4m","DEDICATED","YES","app=sas:NoSchedule;dedicated=uipath:NoSchedule","YES","app","0.05","0.04","ReplicaSet/sas-data-studio-app-6849f5db7f"
"babamldev","sas-decision-manager-app-86d4554fdb-28h8b","bab-dev-aro-01-zm4qv-worker-swec-09-7d9zr","DEDICATED","YES","app=sas:NoSchedule;dedicated=uipath:NoSchedule","YES","app","0.05","0.04","ReplicaSet/sas-decision-manager-app-86d4554fdb"
"babamldev","sas-decisions-55b68fcfc4-cdqkf","bab-dev-aro-01-zm4qv-worker-swec-11-tqb4f","DEDICATED","YES","app=sas:NoSchedule;dedicated=uipath:NoSchedule","YES","app","0.05","0.75","ReplicaSet/sas-decisions-55b68fcfc4"
"babamldev","sas-decisions-framework-9d4ffb54c-cmlbg","bab-dev-aro-01-zm4qv-worker-swec-10-62m4m","DEDICATED","YES","app=sas:NoSchedule;dedicated=uipath:NoSchedule","YES","app","0.05","0.75","ReplicaSet/sas-decisions-framework-9d4ffb54c"
"babamldev","sas-decisions-runtime-builder-86c9cc77db-mw658","bab-dev-aro-01-zm4qv-worker-swec-09-7d9zr","DEDICATED","YES","app=sas:NoSchedule;dedicated=uipath:NoSchedule","YES","app","0.05","0.04","ReplicaSet/sas-decisions-runtime-builder-86c9cc77db"
"babamldev","sas-deployment-data-66b4dc848c-b24jc","bab-dev-aro-01-zm4qv-worker-swec-10-62m4m","DEDICATED","YES","app=sas:NoSchedule;dedicated=uipath:NoSchedule","YES","app","0.1","0.08","ReplicaSet/sas-deployment-data-66b4dc848c"
"babamldev","sas-device-management-55894d74d5-mwc87","bab-dev-aro-01-zm4qv-worker-swec-09-7d9zr","DEDICATED","YES","app=sas:NoSchedule;dedicated=uipath:NoSchedule","YES","app","0.1","0.08","ReplicaSet/sas-device-management-55894d74d5"
"babamldev","sas-discovery-services-68bd79844d-gkf2c","bab-dev-aro-01-zm4qv-worker-swec-10-62m4m","DEDICATED","YES","app=sas:NoSchedule;dedicated=uipath:NoSchedule","YES","app","0.5","0.48","ReplicaSet/sas-discovery-services-68bd79844d"
"babamldev","sas-document-generator-adapter-6bf5fb69d4-8gk5w","bab-dev-aro-01-zm4qv-worker-swec-11-tqb4f","DEDICATED","YES","app=sas:NoSchedule;dedicated=uipath:NoSchedule","YES","app","0.05","0.6","ReplicaSet/sas-document-generator-adapter-6bf5fb69d4"
"babamldev","sas-drive-app-5fb9cd54c-mg6t7","bab-dev-aro-01-zm4qv-worker-swec-11-tqb4f","DEDICATED","YES","app=sas:NoSchedule;dedicated=uipath:NoSchedule","YES","app","0.05","0.04","ReplicaSet/sas-drive-app-5fb9cd54c"
"babamldev","sas-environment-manager-app-85c85d5d45-8lz7m","bab-dev-aro-01-zm4qv-worker-swec-11-tqb4f","DEDICATED","YES","app=sas:NoSchedule;dedicated=uipath:NoSchedule","YES","app","0.05","0.04","ReplicaSet/sas-environment-manager-app-85c85d5d45"
"babamldev","sas-feature-flags-574744965f-mjst5","bab-dev-aro-01-zm4qv-worker-swec-09-7d9zr","DEDICATED","YES","app=sas:NoSchedule;dedicated=uipath:NoSchedule","YES","app","0.1","0.08","ReplicaSet/sas-feature-flags-574744965f"
"babamldev","sas-file-store-867df6cdf-jsx5c","bab-dev-aro-01-zm4qv-worker-swec-11-tqb4f","DEDICATED","YES","app=sas:NoSchedule;dedicated=uipath:NoSchedule","YES","app","0.1","0.08","ReplicaSet/sas-file-store-867df6cdf"
"babamldev","sas-files-656d4bd8bf-x5g5q","bab-dev-aro-01-zm4qv-worker-swec-09-7d9zr","DEDICATED","YES","app=sas:NoSchedule;dedicated=uipath:NoSchedule","YES","app","0.05","0.6","ReplicaSet/sas-files-656d4bd8bf"
"babamldev","sas-formats-6598c846df-578cv","bab-dev-aro-01-zm4qv-worker-swec-09-7d9zr","DEDICATED","YES","app=sas:NoSchedule;dedicated=uipath:NoSchedule","YES","app","0.8500000000000001","0.05","ReplicaSet/sas-formats-6598c846df"
"babamldev","sas-geography-6959584c7c-dtrh5","bab-dev-aro-01-zm4qv-worker-swec-11-tqb4f","DEDICATED","YES","app=sas:NoSchedule;dedicated=uipath:NoSchedule","YES","app","0.1","0.08","ReplicaSet/sas-geography-6959584c7c"
"babamldev","sas-graph-builder-app-57d4f958f9-fdjsx","bab-dev-aro-01-zm4qv-worker-swec-11-tqb4f","DEDICATED","YES","app=sas:NoSchedule;dedicated=uipath:NoSchedule","YES","app","0.05","0.04","ReplicaSet/sas-graph-builder-app-57d4f958f9"
"babamldev","sas-graph-templates-d88df4559-dxstp","bab-dev-aro-01-zm4qv-worker-swec-11-tqb4f","DEDICATED","YES","app=sas:NoSchedule;dedicated=uipath:NoSchedule","YES","app","0.1","0.08","ReplicaSet/sas-graph-templates-d88df4559"
"babamldev","sas-identities-7c7fcc4954-dlcv6","bab-dev-aro-01-zm4qv-worker-swec-10-62m4m","DEDICATED","YES","app=sas:NoSchedule;dedicated=uipath:NoSchedule","YES","app","0.05","0.6","ReplicaSet/sas-identities-7c7fcc4954"
"babamldev","sas-import-9-55b8f4cc85-br6q9","bab-dev-aro-01-zm4qv-worker-swec-11-tqb4f","DEDICATED","YES","app=sas:NoSchedule;dedicated=uipath:NoSchedule","YES","app","0.05","1","ReplicaSet/sas-import-9-55b8f4cc85"
"babamldev","sas-information-catalog-app-559c94bd8-sk876","bab-dev-aro-01-zm4qv-worker-swec-11-tqb4f","DEDICATED","YES","app=sas:NoSchedule;dedicated=uipath:NoSchedule","YES","app","0.05","0.04","ReplicaSet/sas-information-catalog-app-559c94bd8"
"babamldev","sas-insights-867d897769-wsmpg","bab-dev-aro-01-zm4qv-worker-swec-11-tqb4f","DEDICATED","YES","app=sas:NoSchedule;dedicated=uipath:NoSchedule","YES","app","0.15000000000000002","0.44","ReplicaSet/sas-insights-867d897769"
"babamldev","sas-job-execution-54988fdddb-bh22s","bab-dev-aro-01-zm4qv-worker-swec-10-62m4m","DEDICATED","YES","app=sas:NoSchedule;dedicated=uipath:NoSchedule","YES","app","0.05","0.6","ReplicaSet/sas-job-execution-54988fdddb"
"babamldev","sas-job-execution-app-6f9ccdd567-6c9k7","bab-dev-aro-01-zm4qv-worker-swec-10-62m4m","DEDICATED","YES","app=sas:NoSchedule;dedicated=uipath:NoSchedule","YES","app","0.05","0.04","ReplicaSet/sas-job-execution-app-6f9ccdd567"
"babamldev","sas-job-flow-scheduling-84677c4c4-mmvh7","bab-dev-aro-01-zm4qv-worker-swec-10-62m4m","DEDICATED","YES","app=sas:NoSchedule;dedicated=uipath:NoSchedule","YES","app","0.1","0.08","ReplicaSet/sas-job-flow-scheduling-84677c4c4"
"babamldev","sas-landing-app-9f6ccbfcf-kpvf8","bab-dev-aro-01-zm4qv-worker-swec-10-62m4m","DEDICATED","YES","app=sas:NoSchedule;dedicated=uipath:NoSchedule","YES","app","0.05","0.04","ReplicaSet/sas-landing-app-9f6ccbfcf"
"babamldev","sas-launcher-7bdd7b6597-ghwvt","bab-dev-aro-01-zm4qv-worker-swec-10-62m4m","DEDICATED","YES","app=sas:NoSchedule;dedicated=uipath:NoSchedule","YES","app","0.05","1","ReplicaSet/sas-launcher-7bdd7b6597"
"babamldev","sas-lineage-app-7cd94fbd77-9jrdn","bab-dev-aro-01-zm4qv-worker-swec-09-7d9zr","DEDICATED","YES","app=sas:NoSchedule;dedicated=uipath:NoSchedule","YES","app","0.05","0.04","ReplicaSet/sas-lineage-app-7cd94fbd77"
"babamldev","sas-list-data-84848cff8f-kph22","bab-dev-aro-01-zm4qv-worker-swec-11-tqb4f","DEDICATED","YES","app=sas:NoSchedule;dedicated=uipath:NoSchedule","YES","app","0.1","0.08","ReplicaSet/sas-list-data-84848cff8f"
"babamldev","sas-localization-6c777fdd5-7h7vk","bab-dev-aro-01-zm4qv-worker-swec-09-7d9zr","DEDICATED","YES","app=sas:NoSchedule;dedicated=uipath:NoSchedule","YES","app","0.1","0.08","ReplicaSet/sas-localization-6c777fdd5"
"babamldev","sas-logon-app-cbb88895b-r7s4n","bab-dev-aro-01-zm4qv-worker-swec-10-62m4m","DEDICATED","YES","app=sas:NoSchedule;dedicated=uipath:NoSchedule","YES","app","0.5","1","ReplicaSet/sas-logon-app-cbb88895b"
"babamldev","sas-microanalytic-score-59547bd465-hk9mm","bab-dev-aro-01-zm4qv-worker-swec-11-tqb4f","DEDICATED","YES","app=sas:NoSchedule;dedicated=uipath:NoSchedule","YES","app","0.5","0.69","ReplicaSet/sas-microanalytic-score-59547bd465"
"babamldev","sas-ml-pipeline-automation-86bc8c89c5-8qbsf","bab-dev-aro-01-zm4qv-worker-swec-10-62m4m","DEDICATED","YES","app=sas:NoSchedule;dedicated=uipath:NoSchedule","YES","app","0.1","0.08","ReplicaSet/sas-ml-pipeline-automation-86bc8c89c5"
"babamldev","sas-mobile-investigator-app-98bbd65f6-k2hqx","bab-dev-aro-01-zm4qv-worker-swec-09-7d9zr","DEDICATED","YES","app=sas:NoSchedule;dedicated=uipath:NoSchedule","YES","app","0.05","0.6","ReplicaSet/sas-mobile-investigator-app-98bbd65f6"
"babamldev","sas-model-management-66dd488679-6tb89","bab-dev-aro-01-zm4qv-worker-swec-10-62m4m","DEDICATED","YES","app=sas:NoSchedule;dedicated=uipath:NoSchedule","YES","app","0.1","0.08","ReplicaSet/sas-model-management-66dd488679"
"babamldev","sas-model-manager-app-5fcbc7546d-dwkzm","bab-dev-aro-01-zm4qv-worker-swec-11-tqb4f","DEDICATED","YES","app=sas:NoSchedule;dedicated=uipath:NoSchedule","YES","app","0.05","0.04","ReplicaSet/sas-model-manager-app-5fcbc7546d"
"babamldev","sas-model-publish-74c688595f-bzs4w","bab-dev-aro-01-zm4qv-worker-swec-09-7d9zr","DEDICATED","YES","app=sas:NoSchedule;dedicated=uipath:NoSchedule","YES","app","0.1","0.08","ReplicaSet/sas-model-publish-74c688595f"
"babamldev","sas-model-repository-7d78bbf44c-68g6x","bab-dev-aro-01-zm4qv-worker-swec-11-tqb4f","DEDICATED","YES","app=sas:NoSchedule;dedicated=uipath:NoSchedule","YES","app","0.1","0.08","ReplicaSet/sas-model-repository-7d78bbf44c"
"babamldev","sas-model-studio-app-8f46f5d45-jscrs","bab-dev-aro-01-zm4qv-worker-swec-10-62m4m","DEDICATED","YES","app=sas:NoSchedule;dedicated=uipath:NoSchedule","YES","app","0.05","0.04","ReplicaSet/sas-model-studio-app-8f46f5d45"
"babamldev","sas-natural-language-generation-9895f8d79-68rft","bab-dev-aro-01-zm4qv-worker-swec-09-7d9zr","DEDICATED","YES","app=sas:NoSchedule;dedicated=uipath:NoSchedule","YES","app","0.05","0.6","ReplicaSet/sas-natural-language-generation-9895f8d79"
"babamldev","sas-office-addin-app-64c5879b54-ztwwt","bab-dev-aro-01-zm4qv-worker-swec-09-7d9zr","DEDICATED","YES","app=sas:NoSchedule;dedicated=uipath:NoSchedule","YES","app","0.05","0.04","ReplicaSet/sas-office-addin-app-64c5879b54"
"babamldev","sas-opendistro-operator-8c887bb85-tqxmt","bab-dev-aro-01-zm4qv-worker-swec-09-7d9zr","DEDICATED","YES","app=sas:NoSchedule;dedicated=uipath:NoSchedule","YES","app","0.05","0.04","ReplicaSet/sas-opendistro-operator-8c887bb85"
"babamldev","sas-preferences-7458b74669-psbzm","bab-dev-aro-01-zm4qv-worker-swec-09-7d9zr","DEDICATED","YES","app=sas:NoSchedule;dedicated=uipath:NoSchedule","YES","app","0.1","0.08","ReplicaSet/sas-preferences-7458b74669"
"babamldev","sas-prepull-865b94ffdc-sgdhs","bab-dev-aro-01-zm4qv-worker-swec-11-tqb4f","DEDICATED","YES","app=sas:NoSchedule;dedicated=uipath:NoSchedule","YES","app","0.05","0.04","ReplicaSet/sas-prepull-865b94ffdc"
"babamldev","sas-rabbitmq-server-0","bab-dev-aro-01-zm4qv-worker-swec-11-tqb4f","DEDICATED","YES","app=sas:NoSchedule;dedicated=uipath:NoSchedule","YES","app","1","2","StatefulSet/sas-rabbitmq-server"
"babamldev","sas-rabbitmq-server-1","bab-dev-aro-01-zm4qv-worker-swec-09-7d9zr","DEDICATED","YES","app=sas:NoSchedule;dedicated=uipath:NoSchedule","YES","app","1","2","StatefulSet/sas-rabbitmq-server"
"babamldev","sas-rabbitmq-server-2","bab-dev-aro-01-zm4qv-worker-swec-10-62m4m","DEDICATED","YES","app=sas:NoSchedule;dedicated=uipath:NoSchedule","YES","app","1","2","StatefulSet/sas-rabbitmq-server"
"babamldev","sas-readiness-69d8544fb8-d4h5v","bab-dev-aro-01-zm4qv-worker-swec-10-62m4m","DEDICATED","YES","app=sas:NoSchedule;dedicated=uipath:NoSchedule","YES","app","0.05","0.04","ReplicaSet/sas-readiness-69d8544fb8"
"babamldev","sas-redis-operator-787c8f657f-nv8th","bab-dev-aro-01-zm4qv-worker-swec-09-7d9zr","DEDICATED","YES","app=sas:NoSchedule;dedicated=uipath:NoSchedule","YES","app","0.05","0.04","ReplicaSet/sas-redis-operator-787c8f657f"
"babamldev","sas-redis-server-0","bab-dev-aro-01-zm4qv-worker-swec-11-tqb4f","DEDICATED","YES","app=sas:NoSchedule;dedicated=uipath:NoSchedule","YES","app","0.05","0.29","StatefulSet/sas-redis-server"
"babamldev","sas-redis-server-1","bab-dev-aro-01-zm4qv-worker-swec-09-7d9zr","DEDICATED","YES","app=sas:NoSchedule;dedicated=uipath:NoSchedule","YES","app","0.05","0.29","StatefulSet/sas-redis-server"
"babamldev","sas-report-alerts-58dd6df58-mxrjq","bab-dev-aro-01-zm4qv-worker-swec-11-tqb4f","DEDICATED","YES","app=sas:NoSchedule;dedicated=uipath:NoSchedule","YES","app","0.1","0.08","ReplicaSet/sas-report-alerts-58dd6df58"
"babamldev","sas-report-distribution-77fc8b746d-gs7fb","bab-dev-aro-01-zm4qv-worker-swec-10-62m4m","DEDICATED","YES","app=sas:NoSchedule;dedicated=uipath:NoSchedule","YES","app","0.1","0.08","ReplicaSet/sas-report-distribution-77fc8b746d"
"babamldev","sas-report-execution-6977db85f9-jlnq5","bab-dev-aro-01-zm4qv-worker-swec-10-62m4m","DEDICATED","YES","app=sas:NoSchedule;dedicated=uipath:NoSchedule","YES","app","0.05","2","ReplicaSet/sas-report-execution-6977db85f9"
"babamldev","sas-report-renderers-78479fc86f-9sj98","bab-dev-aro-01-zm4qv-worker-swec-10-62m4m","DEDICATED","YES","app=sas:NoSchedule;dedicated=uipath:NoSchedule","YES","app","0.1","0.4","ReplicaSet/sas-report-renderers-78479fc86f"
"babamldev","sas-report-services-group-699698479d-qnwzg","bab-dev-aro-01-zm4qv-worker-swec-11-tqb4f","DEDICATED","YES","app=sas:NoSchedule;dedicated=uipath:NoSchedule","YES","app","0.05","2","ReplicaSet/sas-report-services-group-699698479d"
"babamldev","sas-scheduler-5954cf8dd4-v4pcp","bab-dev-aro-01-zm4qv-worker-swec-11-tqb4f","DEDICATED","YES","app=sas:NoSchedule;dedicated=uipath:NoSchedule","YES","app","0.05","0.6","ReplicaSet/sas-scheduler-5954cf8dd4"
"babamldev","sas-score-definitions-549bff899f-pwksx","bab-dev-aro-01-zm4qv-worker-swec-09-7d9zr","DEDICATED","YES","app=sas:NoSchedule;dedicated=uipath:NoSchedule","YES","app","0.1","0.08","ReplicaSet/sas-score-definitions-549bff899f"
"babamldev","sas-score-execution-5d7c479d4-5mrq6","bab-dev-aro-01-zm4qv-worker-swec-11-tqb4f","DEDICATED","YES","app=sas:NoSchedule;dedicated=uipath:NoSchedule","YES","app","0.1","0.08","ReplicaSet/sas-score-execution-5d7c479d4"
"babamldev","sas-search-6b996c7b5d-vgm2q","bab-dev-aro-01-zm4qv-worker-swec-11-tqb4f","DEDICATED","YES","app=sas:NoSchedule;dedicated=uipath:NoSchedule","YES","app","0.1","0.08","ReplicaSet/sas-search-6b996c7b5d"
"babamldev","sas-studio-58486ddb86-tbt4f","bab-dev-aro-01-zm4qv-worker-swec-10-62m4m","DEDICATED","YES","app=sas:NoSchedule;dedicated=uipath:NoSchedule","YES","app","0.1","0.08","ReplicaSet/sas-studio-58486ddb86"
"babamldev","sas-studio-app-8556b4c685-pptdk","bab-dev-aro-01-zm4qv-worker-swec-10-62m4m","DEDICATED","YES","app=sas:NoSchedule;dedicated=uipath:NoSchedule","YES","app","0.05","0.6","ReplicaSet/sas-studio-app-8556b4c685"
"babamldev","sas-studio-development-7df76bc6bb-h7nmg","bab-dev-aro-01-zm4qv-worker-swec-09-7d9zr","DEDICATED","YES","app=sas:NoSchedule;dedicated=uipath:NoSchedule","YES","app","0.05","0.04","ReplicaSet/sas-studio-development-7df76bc6bb"
"babamldev","sas-subject-contacts-556ff8586-mx2bk","bab-dev-aro-01-zm4qv-worker-swec-11-tqb4f","DEDICATED","YES","app=sas:NoSchedule;dedicated=uipath:NoSchedule","YES","app","0.05","0.6","ReplicaSet/sas-subject-contacts-556ff8586"
"babamldev","sas-svi-alert-55cf85bf89-nqfzv","bab-dev-aro-01-zm4qv-worker-swec-11-tqb4f","DEDICATED","YES","app=sas:NoSchedule;dedicated=uipath:NoSchedule","YES","app","0.05","0.6","ReplicaSet/sas-svi-alert-55cf85bf89"
"babamldev","sas-svi-data-export-57bbfd69b8-vk96k","bab-dev-aro-01-zm4qv-worker-swec-10-62m4m","DEDICATED","YES","app=sas:NoSchedule;dedicated=uipath:NoSchedule","YES","app","0.05","0.6","ReplicaSet/sas-svi-data-export-57bbfd69b8"
"babamldev","sas-svi-datahub-646c4bd57-sxkdx","bab-dev-aro-01-zm4qv-worker-swec-09-7d9zr","DEDICATED","YES","app=sas:NoSchedule;dedicated=uipath:NoSchedule","YES","app","0.05","0.63","ReplicaSet/sas-svi-datahub-646c4bd57"
"babamldev","sas-svi-feature-66c9db89b-5p2lv","bab-dev-aro-01-zm4qv-worker-swec-09-7d9zr","DEDICATED","YES","app=sas:NoSchedule;dedicated=uipath:NoSchedule","YES","app","0.05","0.63","ReplicaSet/sas-svi-feature-66c9db89b"
"babamldev","sas-svi-indexer-588b8b754f-9ndnb","bab-dev-aro-01-zm4qv-worker-swec-11-tqb4f","DEDICATED","YES","app=sas:NoSchedule;dedicated=uipath:NoSchedule","YES","app","0.05","0.63","ReplicaSet/sas-svi-indexer-588b8b754f"
"babamldev","sas-svi-sand-547bbdb9c9-cl2cg","bab-dev-aro-01-zm4qv-worker-swec-09-7d9zr","DEDICATED","YES","app=sas:NoSchedule;dedicated=uipath:NoSchedule","YES","app","0.05","0.63","ReplicaSet/sas-svi-sand-547bbdb9c9"
"babamldev","sas-svi-scorecard-98b56768-tzr2s","bab-dev-aro-01-zm4qv-worker-swec-09-7d9zr","DEDICATED","YES","app=sas:NoSchedule;dedicated=uipath:NoSchedule","YES","app","0.05","0.6","ReplicaSet/sas-svi-scorecard-98b56768"
"babamldev","sas-svi-transport-75d96d7d9c-p5kld","bab-dev-aro-01-zm4qv-worker-swec-10-62m4m","DEDICATED","YES","app=sas:NoSchedule;dedicated=uipath:NoSchedule","YES","app","0.05","0.63","ReplicaSet/sas-svi-transport-75d96d7d9c"
"babamldev","sas-svi-vsd-service-5bb9f5b4c9-wq2rb","bab-dev-aro-01-zm4qv-worker-swec-11-tqb4f","DEDICATED","YES","app=sas:NoSchedule;dedicated=uipath:NoSchedule","YES","app","0.05","0.6","ReplicaSet/sas-svi-vsd-service-5bb9f5b4c9"
"babamldev","sas-text-analytics-data-659f4c7c74-4cnkz","bab-dev-aro-01-zm4qv-worker-swec-10-62m4m","DEDICATED","YES","app=sas:NoSchedule;dedicated=uipath:NoSchedule","YES","app","0.05","0.04","ReplicaSet/sas-text-analytics-data-659f4c7c74"
"babamldev","sas-text-analytics-taxonomies-58f57c4bc7-rskjm","bab-dev-aro-01-zm4qv-worker-swec-09-7d9zr","DEDICATED","YES","app=sas:NoSchedule;dedicated=uipath:NoSchedule","YES","app","0.1","0.08","ReplicaSet/sas-text-analytics-taxonomies-58f57c4bc7"
"babamldev","sas-theme-designer-app-c6ffb69c5-spd2x","bab-dev-aro-01-zm4qv-worker-swec-09-7d9zr","DEDICATED","YES","app=sas:NoSchedule;dedicated=uipath:NoSchedule","YES","app","0.05","0.04","ReplicaSet/sas-theme-designer-app-c6ffb69c5"
"babamldev","sas-transfer-5f4c887f84-nvsxh","bab-dev-aro-01-zm4qv-worker-swec-10-62m4m","DEDICATED","YES","app=sas:NoSchedule;dedicated=uipath:NoSchedule","YES","app","0.05","0.6","ReplicaSet/sas-transfer-5f4c887f84"
"babamldev","sas-transformations-5cb966db9-556jk","bab-dev-aro-01-zm4qv-worker-swec-10-62m4m","DEDICATED","YES","app=sas:NoSchedule;dedicated=uipath:NoSchedule","YES","app","0.05","0.6","ReplicaSet/sas-transformations-5cb966db9"
"babamldev","sas-treatment-definitions-7b6dcfd4f8-dtq66","bab-dev-aro-01-zm4qv-worker-swec-10-62m4m","DEDICATED","YES","app=sas:NoSchedule;dedicated=uipath:NoSchedule","YES","app","0.05","0.6","ReplicaSet/sas-treatment-definitions-7b6dcfd4f8"
"babamldev","sas-visual-analytics-app-658498fcd5-89wbd","bab-dev-aro-01-zm4qv-worker-swec-09-7d9zr","DEDICATED","YES","app=sas:NoSchedule;dedicated=uipath:NoSchedule","YES","app","0.1","0.08","ReplicaSet/sas-visual-analytics-app-658498fcd5"
"babamldev","sas-visual-analytics-c8b4b457f-c5bd6","bab-dev-aro-01-zm4qv-worker-swec-11-tqb4f","DEDICATED","YES","app=sas:NoSchedule;dedicated=uipath:NoSchedule","YES","app","0.15000000000000002","0.24","ReplicaSet/sas-visual-analytics-c8b4b457f"
"babamldev","sas-visual-investigator-app-795877c899-8g8dg","bab-dev-aro-01-zm4qv-worker-swec-10-62m4m","DEDICATED","YES","app=sas:NoSchedule;dedicated=uipath:NoSchedule","YES","app","0.05","0.6","ReplicaSet/sas-visual-investigator-app-795877c899"
"babamldev","sas-web-assets-f89f98c69-qdpp7","bab-dev-aro-01-zm4qv-worker-swec-10-62m4m","DEDICATED","YES","app=sas:NoSchedule;dedicated=uipath:NoSchedule","YES","app","0.5","0.73","ReplicaSet/sas-web-assets-f89f98c69"
"babamldev","sas-web-renderer-7c85dc67c-7sh57","bab-dev-aro-01-zm4qv-worker-swec-11-tqb4f","DEDICATED","YES","app=sas:NoSchedule;dedicated=uipath:NoSchedule","YES","app","0.1","0.4","ReplicaSet/sas-web-renderer-7c85dc67c"
"babamldev","sas-webhooks-5b749cb45d-vsfpj","bab-dev-aro-01-zm4qv-worker-swec-09-7d9zr","DEDICATED","YES","app=sas:NoSchedule;dedicated=uipath:NoSchedule","YES","app","0.1","0.08","ReplicaSet/sas-webhooks-5b749cb45d"
"babamldev","sas-workflow-engine-756778cbb4-dx46n","bab-dev-aro-01-zm4qv-worker-swec-09-7d9zr","DEDICATED","YES","app=sas:NoSchedule;dedicated=uipath:NoSchedule","YES","app","0.05","0.6","ReplicaSet/sas-workflow-engine-756778cbb4"
"babamldev","sas-workflow-history-7486f485bb-b6hg7","bab-dev-aro-01-zm4qv-worker-swec-09-7d9zr","DEDICATED","YES","app=sas:NoSchedule;dedicated=uipath:NoSchedule","YES","app","0.05","0.6","ReplicaSet/sas-workflow-history-7486f485bb"
"babamldev","sas-workflow-manager-app-848d76b5d8-7wbzh","bab-dev-aro-01-zm4qv-worker-swec-09-7d9zr","DEDICATED","YES","app=sas:NoSchedule;dedicated=uipath:NoSchedule","YES","app","0.05","0.04","ReplicaSet/sas-workflow-manager-app-848d76b5d8"
"cert-manager-operator","cert-manager-operator-controller-manager-6445ff8959-5jq62","bab-dev-aro-01-zm4qv-worker-swec-01-h4skf","SHARED","NO","app=sas:NoSchedule;dedicated=uipath:NoSchedule","NO","","0.01","0.03","ReplicaSet/cert-manager-operator-controller-manager-6445ff8959"
"cert-manager","cert-manager-5849fdf644-jfn8r","bab-dev-aro-01-zm4qv-worker-swec-07-48zfr","SHARED","NO","","NO","","0","0","ReplicaSet/cert-manager-5849fdf644"
"cert-manager","cert-manager-584c4b8c94-9lsks","bab-dev-aro-01-zm4qv-worker-swec-02-65kw7","SHARED","NO","","NO","","0","0","ReplicaSet/cert-manager-584c4b8c94"
"cert-manager","cert-manager-cainjector-5b5d78866b-4998v","bab-dev-aro-01-zm4qv-worker-swec-01-h4skf","SHARED","NO","","NO","","0","0","ReplicaSet/cert-manager-cainjector-5b5d78866b"
"cert-manager","cert-manager-webhook-596db5fb9c-j7srs","bab-dev-aro-01-zm4qv-worker-swec-02-65kw7","SHARED","NO","","NO","","0","0","ReplicaSet/cert-manager-webhook-596db5fb9c"
"cs-control","ibm-common-service-webhook-cc44fdb7-9t9d2","bab-dev-aro-01-zm4qv-worker-swec-04-25fmv","SHARED","NO","app=sas:NoSchedule;dedicated=uipath:NoSchedule","NO","","0.2","0.25","ReplicaSet/ibm-common-service-webhook-cc44fdb7"
"cs-control","secretshare-77587874d6-jnrgk","bab-dev-aro-01-zm4qv-worker-swec-06-qvjx6","SHARED","NO","app=sas:NoSchedule;dedicated=uipath:NoSchedule","NO","","0.2","0.19","ReplicaSet/secretshare-77587874d6"
"default","prometheus-operator-6dcc6644f-6r7sk","bab-dev-aro-01-zm4qv-worker-swec-05-rwr4r","SHARED","NO","app=sas:NoSchedule;dedicated=uipath:NoSchedule","NO","","0.1","0.09","ReplicaSet/prometheus-operator-6dcc6644f"
"default","reloader-reloader-5755dff954-wjcs8","bab-dev-aro-01-zm4qv-worker-swec-01-h4skf","SHARED","NO","app=sas:NoSchedule;dedicated=uipath:NoSchedule","NO","","0.01","0.5","ReplicaSet/reloader-reloader-5755dff954"
"devops-gitops","openshift-gitops-application-controller-0","bab-dev-aro-01-zm4qv-worker-swec-08-9xmrp","SHARED","NO","app=sas:NoSchedule;dedicated=uipath:NoSchedule","NO","","0.25","2","StatefulSet/openshift-gitops-application-controller"
"devops-gitops","openshift-gitops-applicationset-controller-77856b774b-snk9f","bab-dev-aro-01-zm4qv-worker-swec-08-9xmrp","SHARED","NO","app=sas:NoSchedule;dedicated=uipath:NoSchedule","NO","","0.25","0.5","ReplicaSet/openshift-gitops-applicationset-controller-77856b774b"
"devops-gitops","openshift-gitops-dex-server-dcb546f49-87xsj","bab-dev-aro-01-zm4qv-worker-swec-04-25fmv","SHARED","NO","app=sas:NoSchedule;dedicated=uipath:NoSchedule","NO","","0.25","0.12","ReplicaSet/openshift-gitops-dex-server-dcb546f49"
"devops-gitops","openshift-gitops-redis-5d8649784b-mr6x9","bab-dev-aro-01-zm4qv-worker-swec-06-qvjx6","SHARED","NO","app=sas:NoSchedule;dedicated=uipath:NoSchedule","NO","","0.25","0.12","ReplicaSet/openshift-gitops-redis-5d8649784b"
"devops-gitops","openshift-gitops-repo-server-5846446c9-lzngx","bab-dev-aro-01-zm4qv-worker-swec-08-9xmrp","SHARED","NO","app=sas:NoSchedule;dedicated=uipath:NoSchedule","NO","","0.25","0.25","ReplicaSet/openshift-gitops-repo-server-5846446c9"
"devops-gitops","openshift-gitops-server-5df76f9796-xpk4w","bab-dev-aro-01-zm4qv-worker-swec-08-9xmrp","SHARED","NO","app=sas:NoSchedule;dedicated=uipath:NoSchedule","NO","","0.125","0.12","ReplicaSet/openshift-gitops-server-5df76f9796"
"ibm-common-services","secretshare-77587874d6-9rmvt","bab-dev-aro-01-zm4qv-worker-swec-01-h4skf","SHARED","NO","app=sas:NoSchedule;dedicated=uipath:NoSchedule","NO","","0.2","0.19","ReplicaSet/secretshare-77587874d6"
"istio-dev","grafana-5db97f79d-shbfl","bab-dev-aro-01-zm4qv-worker-swec-01-h4skf","SHARED","NO","app=sas:NoSchedule;dedicated=uipath:NoSchedule","NO","","0.02","0.25","ReplicaSet/grafana-5db97f79d"
"istio-dev","istio-egressgateway-647c85ffbb-2qn84","bab-dev-aro-01-zm4qv-worker-swec-06-qvjx6","SHARED","NO","app=sas:NoSchedule;dedicated=uipath:NoSchedule","NO","","0.01","0.12","ReplicaSet/istio-egressgateway-647c85ffbb"
"istio-dev","istio-ingressgateway-7cb678748c-p687t","bab-dev-aro-01-zm4qv-worker-swec-02-65kw7","SHARED","NO","app=sas:NoSchedule;dedicated=uipath:NoSchedule","NO","","0.01","0.12","ReplicaSet/istio-ingressgateway-7cb678748c"
"istio-dev","istiod-basic-f598c767f-zg59c","bab-dev-aro-01-zm4qv-worker-swec-06-qvjx6","SHARED","NO","app=sas:NoSchedule;dedicated=uipath:NoSchedule","NO","","0.01","0.12","ReplicaSet/istiod-basic-f598c767f"
"istio-dev","prometheus-6cbb969755-9w278","bab-dev-aro-01-zm4qv-worker-swec-01-h4skf","SHARED","NO","app=sas:NoSchedule;dedicated=uipath:NoSchedule","NO","","0.12000000000000001","0.29","ReplicaSet/prometheus-6cbb969755"
"kube-system","sealed-secrets-controller-ffbdcc645-hkwkc","bab-dev-aro-01-zm4qv-worker-swec-08-9xmrp","SHARED","NO","","NO","","0","0","ReplicaSet/sealed-secrets-controller-ffbdcc645"
"mhm-dev","cont-mhm-hello-6d9b9b5f64-2sfbl","bab-dev-aro-01-zm4qv-worker-swec-08-9xmrp","SHARED","NO","","NO","","0","0","ReplicaSet/cont-mhm-hello-6d9b9b5f64"
"mhm-dev","cont-mhm-hello-6d9b9b5f64-g9s8b","bab-dev-aro-01-zm4qv-worker-swec-06-qvjx6","SHARED","NO","","NO","","0","0","ReplicaSet/cont-mhm-hello-6d9b9b5f64"
"mhm-dev","cont-mhm-hello-6d9b9b5f64-mhmwx","bab-dev-aro-01-zm4qv-worker-swec-05-rwr4r","SHARED","NO","","NO","","0","0","ReplicaSet/cont-mhm-hello-6d9b9b5f64"
"open-cluster-management-agent-addon","application-manager-577fc8b84b-d9ffl","bab-dev-aro-01-zm4qv-worker-swec-06-qvjx6","SHARED","NO","app=sas:NoSchedule;dedicated=uipath:NoSchedule","NO","","0","0.25","ReplicaSet/application-manager-577fc8b84b"
"open-cluster-management-agent-addon","cert-policy-controller-96fb7858c-prl7j","bab-dev-aro-01-zm4qv-worker-rpa-swec-02-s9mnt","DEDICATED","YES","app=sas:NoSchedule;dedicated=uipath:NoSchedule","NO","","0","0.14","ReplicaSet/cert-policy-controller-96fb7858c"
"open-cluster-management-agent-addon","cluster-proxy-proxy-agent-85b6875c5-vwmwx","bab-dev-aro-01-zm4qv-worker-swec-06-qvjx6","SHARED","NO","app=sas:NoSchedule;dedicated=uipath:NoSchedule","NO","","0","0","ReplicaSet/cluster-proxy-proxy-agent-85b6875c5"
"open-cluster-management-agent-addon","config-policy-controller-7f947c9757-jcwp8","bab-dev-aro-01-zm4qv-worker-swec-05-rwr4r","SHARED","NO","app=sas:NoSchedule;dedicated=uipath:NoSchedule","NO","","0","0.12","ReplicaSet/config-policy-controller-7f947c9757"
"open-cluster-management-agent-addon","governance-policy-framework-646b45f88b-7dwj4","bab-dev-aro-01-zm4qv-worker-swec-05-rwr4r","SHARED","NO","app=sas:NoSchedule;dedicated=uipath:NoSchedule","NO","","0","0.06","ReplicaSet/governance-policy-framework-646b45f88b"
"open-cluster-management-agent-addon","klusterlet-addon-search-5b58448dc9-b47sp","bab-dev-aro-01-zm4qv-worker-swec-06-qvjx6","SHARED","NO","app=sas:NoSchedule;dedicated=uipath:NoSchedule","NO","","0","0.12","ReplicaSet/klusterlet-addon-search-5b58448dc9"
"open-cluster-management-agent-addon","klusterlet-addon-workmgr-76f4cd9c88-rfm54","bab-dev-aro-01-zm4qv-worker-swec-04-25fmv","SHARED","NO","app=sas:NoSchedule;dedicated=uipath:NoSchedule","NO","","0","0.12","ReplicaSet/klusterlet-addon-workmgr-76f4cd9c88"
"open-cluster-management-agent-addon","managed-serviceaccount-addon-agent-74799ff54c-4745m","bab-dev-aro-01-zm4qv-worker-swec-05-rwr4r","SHARED","NO","","NO","","0","0","ReplicaSet/managed-serviceaccount-addon-agent-74799ff54c"
"open-cluster-management-agent","klusterlet-74588f4589-kr5mm","bab-dev-aro-01-zm4qv-worker-swec-08-9xmrp","SHARED","NO","app=sas:NoSchedule;dedicated=uipath:NoSchedule","NO","","0.05","0.06","ReplicaSet/klusterlet-74588f4589"
"open-cluster-management-agent","klusterlet-agent-c6d8bb444-hkgr7","bab-dev-aro-01-zm4qv-worker-swec-06-qvjx6","SHARED","NO","app=sas:NoSchedule;dedicated=uipath:NoSchedule","NO","","0.002","0.01","ReplicaSet/klusterlet-agent-c6d8bb444"
"open-cluster-management-agent","klusterlet-agent-c6d8bb444-hkngd","bab-dev-aro-01-zm4qv-worker-swec-08-9xmrp","SHARED","NO","app=sas:NoSchedule;dedicated=uipath:NoSchedule","NO","","0.002","0.01","ReplicaSet/klusterlet-agent-c6d8bb444"
"open-cluster-management-agent","klusterlet-agent-c6d8bb444-v8z68","bab-dev-aro-01-zm4qv-worker-swec-05-rwr4r","SHARED","NO","app=sas:NoSchedule;dedicated=uipath:NoSchedule","NO","","0.002","0.01","ReplicaSet/klusterlet-agent-c6d8bb444"
"openshift-apiserver-operator","openshift-apiserver-operator-74b9b7c7b9-wb94p","bab-dev-aro-01-zm4qv-master-0","NO NODE","NO","app=sas:NoSchedule;dedicated=uipath:NoSchedule","NO","","0.01","0.04","ReplicaSet/openshift-apiserver-operator-74b9b7c7b9"
"openshift-apiserver","apiserver-844f546c66-6fdjl","bab-dev-aro-01-zm4qv-master-2","NO NODE","NO","app=sas:NoSchedule;dedicated=uipath:NoSchedule","NO","","0.11","0.24","ReplicaSet/apiserver-844f546c66"
"openshift-apiserver","apiserver-844f546c66-8lw42","bab-dev-aro-01-zm4qv-master-1","NO NODE","NO","app=sas:NoSchedule;dedicated=uipath:NoSchedule","NO","","0.11","0.24","ReplicaSet/apiserver-844f546c66"
"openshift-apiserver","apiserver-844f546c66-l4c6d","bab-dev-aro-01-zm4qv-master-0","NO NODE","NO","app=sas:NoSchedule;dedicated=uipath:NoSchedule","NO","","0.11","0.24","ReplicaSet/apiserver-844f546c66"
"openshift-authentication-operator","authentication-operator-678c4f9b6f-4zb87","bab-dev-aro-01-zm4qv-master-0","NO NODE","NO","app=sas:NoSchedule;dedicated=uipath:NoSchedule","NO","","0.02","0.19","ReplicaSet/authentication-operator-678c4f9b6f"
"openshift-authentication","oauth-openshift-5c65bbd9cb-ljb9s","bab-dev-aro-01-zm4qv-master-0","NO NODE","NO","app=sas:NoSchedule;dedicated=uipath:NoSchedule","NO","","0.01","0.04","ReplicaSet/oauth-openshift-5c65bbd9cb"
"openshift-authentication","oauth-openshift-5c65bbd9cb-n2n5v","bab-dev-aro-01-zm4qv-master-1","NO NODE","NO","app=sas:NoSchedule;dedicated=uipath:NoSchedule","NO","","0.01","0.04","ReplicaSet/oauth-openshift-5c65bbd9cb"
"openshift-authentication","oauth-openshift-5c65bbd9cb-r9dnl","bab-dev-aro-01-zm4qv-master-2","NO NODE","NO","app=sas:NoSchedule;dedicated=uipath:NoSchedule","NO","","0.01","0.04","ReplicaSet/oauth-openshift-5c65bbd9cb"
"openshift-azure-guardrails","gatekeeper-audit-67b799dbdf-vdl4j","bab-dev-aro-01-zm4qv-master-2","NO NODE","NO","app=sas:NoSchedule;dedicated=uipath:NoSchedule","NO","","0.1","0.5","ReplicaSet/gatekeeper-audit-67b799dbdf"
"openshift-azure-guardrails","gatekeeper-controller-manager-f8b67987f-2dxtm","bab-dev-aro-01-zm4qv-master-2","NO NODE","NO","app=sas:NoSchedule;dedicated=uipath:NoSchedule","NO","","0.1","0.5","ReplicaSet/gatekeeper-controller-manager-f8b67987f"
"openshift-azure-guardrails","gatekeeper-controller-manager-f8b67987f-7lddh","bab-dev-aro-01-zm4qv-master-0","NO NODE","NO","app=sas:NoSchedule;dedicated=uipath:NoSchedule","NO","","0.1","0.5","ReplicaSet/gatekeeper-controller-manager-f8b67987f"
"openshift-azure-guardrails","gatekeeper-controller-manager-f8b67987f-wl6rn","bab-dev-aro-01-zm4qv-master-0","NO NODE","NO","app=sas:NoSchedule;dedicated=uipath:NoSchedule","NO","","0.1","0.5","ReplicaSet/gatekeeper-controller-manager-f8b67987f"
"openshift-azure-logging","otel-exporter-master-2nbjf","bab-dev-aro-01-zm4qv-master-1","NO NODE","NO","app=sas:NoSchedule;dedicated=uipath:NoSchedule","NO","","0.01","0.24","DaemonSet/otel-exporter-master"
"openshift-azure-logging","otel-exporter-master-c7l5v","bab-dev-aro-01-zm4qv-master-2","NO NODE","NO","app=sas:NoSchedule;dedicated=uipath:NoSchedule","NO","","0.01","0.24","DaemonSet/otel-exporter-master"
"openshift-azure-logging","otel-exporter-master-zn482","bab-dev-aro-01-zm4qv-master-0","NO NODE","NO","app=sas:NoSchedule;dedicated=uipath:NoSchedule","NO","","0.01","0.24","DaemonSet/otel-exporter-master"
"openshift-azure-logging","otel-exporter-worker-4wtwj","bab-dev-aro-01-zm4qv-worker-rpa-swec-01-979xq","DEDICATED","YES","app=sas:NoSchedule;dedicated=uipath:NoSchedule","NO","","0.01","0.24","DaemonSet/otel-exporter-worker"
"openshift-azure-logging","otel-exporter-worker-6nv7w","bab-dev-aro-01-zm4qv-worker-swec-08-9xmrp","SHARED","NO","app=sas:NoSchedule;dedicated=uipath:NoSchedule","NO","","0.01","0.24","DaemonSet/otel-exporter-worker"
"openshift-azure-logging","otel-exporter-worker-dvjpx","bab-dev-aro-01-zm4qv-worker-swec-10-62m4m","DEDICATED","YES","app=sas:NoSchedule;dedicated=uipath:NoSchedule","NO","","0.01","0.24","DaemonSet/otel-exporter-worker"
"openshift-azure-logging","otel-exporter-worker-ffsk8","bab-dev-aro-01-zm4qv-worker-swec-11-tqb4f","DEDICATED","YES","app=sas:NoSchedule;dedicated=uipath:NoSchedule","NO","","0.01","0.24","DaemonSet/otel-exporter-worker"
"openshift-azure-logging","otel-exporter-worker-h7kmm","bab-dev-aro-01-zm4qv-worker-rpa-swec-02-s9mnt","DEDICATED","YES","app=sas:NoSchedule;dedicated=uipath:NoSchedule","NO","","0.01","0.24","DaemonSet/otel-exporter-worker"
"openshift-azure-logging","otel-exporter-worker-j728q","bab-dev-aro-01-zm4qv-worker-swec-05-rwr4r","SHARED","NO","app=sas:NoSchedule;dedicated=uipath:NoSchedule","NO","","0.01","0.24","DaemonSet/otel-exporter-worker"
"openshift-azure-logging","otel-exporter-worker-jp9b4","bab-dev-aro-01-zm4qv-worker-swec-01-h4skf","SHARED","NO","app=sas:NoSchedule;dedicated=uipath:NoSchedule","NO","","0.01","0.24","DaemonSet/otel-exporter-worker"
"openshift-azure-logging","otel-exporter-worker-p5zxw","bab-dev-aro-01-zm4qv-worker-swec-04-25fmv","SHARED","NO","app=sas:NoSchedule;dedicated=uipath:NoSchedule","NO","","0.01","0.24","DaemonSet/otel-exporter-worker"
"openshift-azure-logging","otel-exporter-worker-p6bmj","bab-dev-aro-01-zm4qv-worker-swec-09-7d9zr","DEDICATED","YES","app=sas:NoSchedule;dedicated=uipath:NoSchedule","NO","","0.01","0.24","DaemonSet/otel-exporter-worker"
"openshift-azure-logging","otel-exporter-worker-qjps4","bab-dev-aro-01-zm4qv-worker-swec-07-48zfr","SHARED","NO","app=sas:NoSchedule;dedicated=uipath:NoSchedule","NO","","0.01","0.24","DaemonSet/otel-exporter-worker"
"openshift-azure-logging","otel-exporter-worker-r8nqd","bab-dev-aro-01-zm4qv-worker-swec-06-qvjx6","SHARED","NO","app=sas:NoSchedule;dedicated=uipath:NoSchedule","NO","","0.01","0.24","DaemonSet/otel-exporter-worker"
"openshift-azure-logging","otel-exporter-worker-tjcrl","bab-dev-aro-01-zm4qv-worker-swec-03-pdt28","SHARED","NO","app=sas:NoSchedule;dedicated=uipath:NoSchedule","NO","","0.01","0.24","DaemonSet/otel-exporter-worker"
"openshift-azure-logging","otel-exporter-worker-xthtc","bab-dev-aro-01-zm4qv-worker-swec-02-65kw7","SHARED","NO","app=sas:NoSchedule;dedicated=uipath:NoSchedule","NO","","0.01","0.24","DaemonSet/otel-exporter-worker"
"openshift-azure-operator","aro-operator-master-56685688bb-nmfn4","bab-dev-aro-01-zm4qv-master-1","NO NODE","NO","app=sas:NoSchedule;dedicated=uipath:NoSchedule","NO","","0","0","ReplicaSet/aro-operator-master-56685688bb"
"openshift-azure-operator","aro-operator-worker-6b95885cc4-bzx95","bab-dev-aro-01-zm4qv-worker-swec-07-48zfr","SHARED","NO","app=sas:NoSchedule;dedicated=uipath:NoSchedule","NO","","0","0","ReplicaSet/aro-operator-worker-6b95885cc4"
"openshift-cloud-controller-manager-operator","cluster-cloud-controller-manager-operator-9f9bb55bf-xbvx5","bab-dev-aro-01-zm4qv-master-0","NO NODE","NO","app=sas:NoSchedule;dedicated=uipath:NoSchedule","NO","","0.02","0.07","ReplicaSet/cluster-cloud-controller-manager-operator-9f9bb55bf"
"openshift-cloud-controller-manager","azure-cloud-controller-manager-6648576cc7-pw6rr","bab-dev-aro-01-zm4qv-master-0","NO NODE","NO","app=sas:NoSchedule;dedicated=uipath:NoSchedule","NO","","0.2","0.04","ReplicaSet/azure-cloud-controller-manager-6648576cc7"
"openshift-cloud-controller-manager","azure-cloud-controller-manager-6648576cc7-whflr","bab-dev-aro-01-zm4qv-master-2","NO NODE","NO","app=sas:NoSchedule;dedicated=uipath:NoSchedule","NO","","0.2","0.04","ReplicaSet/azure-cloud-controller-manager-6648576cc7"
"openshift-cloud-controller-manager","azure-cloud-node-manager-2fknb","bab-dev-aro-01-zm4qv-master-2","NO NODE","NO","app=sas:NoSchedule;dedicated=uipath:NoSchedule","NO","","0.05","0.04","DaemonSet/azure-cloud-node-manager"
"openshift-cloud-controller-manager","azure-cloud-node-manager-6f6b5","bab-dev-aro-01-zm4qv-worker-swec-01-h4skf","SHARED","NO","app=sas:NoSchedule;dedicated=uipath:NoSchedule","NO","","0.05","0.04","DaemonSet/azure-cloud-node-manager"
"openshift-cloud-controller-manager","azure-cloud-node-manager-6hrvw","bab-dev-aro-01-zm4qv-worker-rpa-swec-02-s9mnt","DEDICATED","YES","app=sas:NoSchedule;dedicated=uipath:NoSchedule","NO","","0.05","0.04","DaemonSet/azure-cloud-node-manager"
"openshift-cloud-controller-manager","azure-cloud-node-manager-8dd87","bab-dev-aro-01-zm4qv-worker-swec-05-rwr4r","SHARED","NO","app=sas:NoSchedule;dedicated=uipath:NoSchedule","NO","","0.05","0.04","DaemonSet/azure-cloud-node-manager"
"openshift-cloud-controller-manager","azure-cloud-node-manager-8p47r","bab-dev-aro-01-zm4qv-worker-swec-06-qvjx6","SHARED","NO","app=sas:NoSchedule;dedicated=uipath:NoSchedule","NO","","0.05","0.04","DaemonSet/azure-cloud-node-manager"
"openshift-cloud-controller-manager","azure-cloud-node-manager-9qvgt","bab-dev-aro-01-zm4qv-worker-rpa-swec-01-979xq","DEDICATED","YES","app=sas:NoSchedule;dedicated=uipath:NoSchedule","NO","","0.05","0.04","DaemonSet/azure-cloud-node-manager"
"openshift-cloud-controller-manager","azure-cloud-node-manager-ddr4r","bab-dev-aro-01-zm4qv-master-1","NO NODE","NO","app=sas:NoSchedule;dedicated=uipath:NoSchedule","NO","","0.05","0.04","DaemonSet/azure-cloud-node-manager"
"openshift-cloud-controller-manager","azure-cloud-node-manager-dzj7q","bab-dev-aro-01-zm4qv-worker-swec-07-48zfr","SHARED","NO","app=sas:NoSchedule;dedicated=uipath:NoSchedule","NO","","0.05","0.04","DaemonSet/azure-cloud-node-manager"
"openshift-cloud-controller-manager","azure-cloud-node-manager-kvzj8","bab-dev-aro-01-zm4qv-worker-swec-11-tqb4f","DEDICATED","YES","app=sas:NoSchedule;dedicated=uipath:NoSchedule","NO","","0.05","0.04","DaemonSet/azure-cloud-node-manager"
"openshift-cloud-controller-manager","azure-cloud-node-manager-r7qnr","bab-dev-aro-01-zm4qv-worker-swec-10-62m4m","DEDICATED","YES","app=sas:NoSchedule;dedicated=uipath:NoSchedule","NO","","0.05","0.04","DaemonSet/azure-cloud-node-manager"
"openshift-cloud-controller-manager","azure-cloud-node-manager-tnbs7","bab-dev-aro-01-zm4qv-worker-swec-09-7d9zr","DEDICATED","YES","app=sas:NoSchedule;dedicated=uipath:NoSchedule","NO","","0.05","0.04","DaemonSet/azure-cloud-node-manager"
"openshift-cloud-controller-manager","azure-cloud-node-manager-vfbt8","bab-dev-aro-01-zm4qv-worker-swec-04-25fmv","SHARED","NO","app=sas:NoSchedule;dedicated=uipath:NoSchedule","NO","","0.05","0.04","DaemonSet/azure-cloud-node-manager"
"openshift-cloud-controller-manager","azure-cloud-node-manager-vvkks","bab-dev-aro-01-zm4qv-worker-swec-03-pdt28","SHARED","NO","app=sas:NoSchedule;dedicated=uipath:NoSchedule","NO","","0.05","0.04","DaemonSet/azure-cloud-node-manager"
"openshift-cloud-controller-manager","azure-cloud-node-manager-xpj5k","bab-dev-aro-01-zm4qv-master-0","NO NODE","NO","app=sas:NoSchedule;dedicated=uipath:NoSchedule","NO","","0.05","0.04","DaemonSet/azure-cloud-node-manager"
"openshift-cloud-controller-manager","azure-cloud-node-manager-zrw9b","bab-dev-aro-01-zm4qv-worker-swec-08-9xmrp","SHARED","NO","app=sas:NoSchedule;dedicated=uipath:NoSchedule","NO","","0.05","0.04","DaemonSet/azure-cloud-node-manager"
"openshift-cloud-controller-manager","azure-cloud-node-manager-zzdrc","bab-dev-aro-01-zm4qv-worker-swec-02-65kw7","SHARED","NO","app=sas:NoSchedule;dedicated=uipath:NoSchedule","NO","","0.05","0.04","DaemonSet/azure-cloud-node-manager"
"openshift-cloud-credential-operator","cloud-credential-operator-6756b577bf-72kl4","bab-dev-aro-01-zm4qv-master-2","NO NODE","NO","app=sas:NoSchedule;dedicated=uipath:NoSchedule","NO","","0.02","0.03","ReplicaSet/cloud-credential-operator-6756b577bf"
"openshift-cloud-network-config-controller","cloud-network-config-controller-78589cd4c4-wh6xw","bab-dev-aro-01-zm4qv-master-2","NO NODE","NO","app=sas:NoSchedule;dedicated=uipath:NoSchedule","NO","","0.01","0.04","ReplicaSet/cloud-network-config-controller-78589cd4c4"
"openshift-cluster-csi-drivers","azure-disk-csi-driver-controller-559b6b7dcd-6q44j","bab-dev-aro-01-zm4qv-master-2","NO NODE","NO","app=sas:NoSchedule;dedicated=uipath:NoSchedule","NO","","0.10999999999999999","0.39","ReplicaSet/azure-disk-csi-driver-controller-559b6b7dcd"
"openshift-cluster-csi-drivers","azure-disk-csi-driver-controller-559b6b7dcd-qvwxj","bab-dev-aro-01-zm4qv-master-1","NO NODE","NO","app=sas:NoSchedule;dedicated=uipath:NoSchedule","NO","","0.10999999999999999","0.39","ReplicaSet/azure-disk-csi-driver-controller-559b6b7dcd"
"openshift-cluster-csi-drivers","azure-disk-csi-driver-node-28pmr","bab-dev-aro-01-zm4qv-worker-swec-03-pdt28","SHARED","NO","app=sas:NoSchedule;dedicated=uipath:NoSchedule","NO","","0.03","0.14","DaemonSet/azure-disk-csi-driver-node"
"openshift-cluster-csi-drivers","azure-disk-csi-driver-node-4tlj7","bab-dev-aro-01-zm4qv-worker-swec-09-7d9zr","DEDICATED","YES","app=sas:NoSchedule;dedicated=uipath:NoSchedule","NO","","0.03","0.14","DaemonSet/azure-disk-csi-driver-node"
"openshift-cluster-csi-drivers","azure-disk-csi-driver-node-5tbwm","bab-dev-aro-01-zm4qv-worker-rpa-swec-01-979xq","DEDICATED","YES","app=sas:NoSchedule;dedicated=uipath:NoSchedule","NO","","0.03","0.14","DaemonSet/azure-disk-csi-driver-node"
"openshift-cluster-csi-drivers","azure-disk-csi-driver-node-9h5zz","bab-dev-aro-01-zm4qv-worker-swec-11-tqb4f","DEDICATED","YES","app=sas:NoSchedule;dedicated=uipath:NoSchedule","NO","","0.03","0.14","DaemonSet/azure-disk-csi-driver-node"
"openshift-cluster-csi-drivers","azure-disk-csi-driver-node-b456c","bab-dev-aro-01-zm4qv-worker-swec-04-25fmv","SHARED","NO","app=sas:NoSchedule;dedicated=uipath:NoSchedule","NO","","0.03","0.14","DaemonSet/azure-disk-csi-driver-node"
"openshift-cluster-csi-drivers","azure-disk-csi-driver-node-b7z9q","bab-dev-aro-01-zm4qv-worker-swec-08-9xmrp","SHARED","NO","app=sas:NoSchedule;dedicated=uipath:NoSchedule","NO","","0.03","0.14","DaemonSet/azure-disk-csi-driver-node"
"openshift-cluster-csi-drivers","azure-disk-csi-driver-node-d59x5","bab-dev-aro-01-zm4qv-worker-swec-10-62m4m","DEDICATED","YES","app=sas:NoSchedule;dedicated=uipath:NoSchedule","NO","","0.03","0.14","DaemonSet/azure-disk-csi-driver-node"
"openshift-cluster-csi-drivers","azure-disk-csi-driver-node-gp9zb","bab-dev-aro-01-zm4qv-master-0","NO NODE","NO","app=sas:NoSchedule;dedicated=uipath:NoSchedule","NO","","0.03","0.14","DaemonSet/azure-disk-csi-driver-node"
"openshift-cluster-csi-drivers","azure-disk-csi-driver-node-kj78k","bab-dev-aro-01-zm4qv-worker-rpa-swec-02-s9mnt","DEDICATED","YES","app=sas:NoSchedule;dedicated=uipath:NoSchedule","NO","","0.03","0.14","DaemonSet/azure-disk-csi-driver-node"
"openshift-cluster-csi-drivers","azure-disk-csi-driver-node-m5tk9","bab-dev-aro-01-zm4qv-master-2","NO NODE","NO","app=sas:NoSchedule;dedicated=uipath:NoSchedule","NO","","0.03","0.14","DaemonSet/azure-disk-csi-driver-node"
"openshift-cluster-csi-drivers","azure-disk-csi-driver-node-qsfgt","bab-dev-aro-01-zm4qv-worker-swec-02-65kw7","SHARED","NO","app=sas:NoSchedule;dedicated=uipath:NoSchedule","NO","","0.03","0.14","DaemonSet/azure-disk-csi-driver-node"
"openshift-cluster-csi-drivers","azure-disk-csi-driver-node-swjjl","bab-dev-aro-01-zm4qv-worker-swec-05-rwr4r","SHARED","NO","app=sas:NoSchedule;dedicated=uipath:NoSchedule","NO","","0.03","0.14","DaemonSet/azure-disk-csi-driver-node"
"openshift-cluster-csi-drivers","azure-disk-csi-driver-node-t8f5z","bab-dev-aro-01-zm4qv-worker-swec-06-qvjx6","SHARED","NO","app=sas:NoSchedule;dedicated=uipath:NoSchedule","NO","","0.03","0.14","DaemonSet/azure-disk-csi-driver-node"
"openshift-cluster-csi-drivers","azure-disk-csi-driver-node-ts7bt","bab-dev-aro-01-zm4qv-worker-swec-07-48zfr","SHARED","NO","app=sas:NoSchedule;dedicated=uipath:NoSchedule","NO","","0.03","0.14","DaemonSet/azure-disk-csi-driver-node"
"openshift-cluster-csi-drivers","azure-disk-csi-driver-node-vq4sr","bab-dev-aro-01-zm4qv-worker-swec-01-h4skf","SHARED","NO","app=sas:NoSchedule;dedicated=uipath:NoSchedule","NO","","0.03","0.14","DaemonSet/azure-disk-csi-driver-node"
"openshift-cluster-csi-drivers","azure-disk-csi-driver-node-z5rs8","bab-dev-aro-01-zm4qv-master-1","NO NODE","NO","app=sas:NoSchedule;dedicated=uipath:NoSchedule","NO","","0.03","0.14","DaemonSet/azure-disk-csi-driver-node"
"openshift-cluster-csi-drivers","azure-disk-csi-driver-operator-76d99d8ffc-4mfkc","bab-dev-aro-01-zm4qv-master-0","NO NODE","NO","app=sas:NoSchedule;dedicated=uipath:NoSchedule","NO","","0.01","0.04","ReplicaSet/azure-disk-csi-driver-operator-76d99d8ffc"
"openshift-cluster-csi-drivers","azure-file-csi-driver-controller-778645b784-jb46b","bab-dev-aro-01-zm4qv-master-1","NO NODE","NO","app=sas:NoSchedule;dedicated=uipath:NoSchedule","NO","","0.09","0.32","ReplicaSet/azure-file-csi-driver-controller-778645b784"
"openshift-cluster-csi-drivers","azure-file-csi-driver-controller-778645b784-vhzf9","bab-dev-aro-01-zm4qv-master-0","NO NODE","NO","app=sas:NoSchedule;dedicated=uipath:NoSchedule","NO","","0.09","0.32","ReplicaSet/azure-file-csi-driver-controller-778645b784"
"openshift-cluster-csi-drivers","azure-file-csi-driver-node-22jzl","bab-dev-aro-01-zm4qv-worker-swec-07-48zfr","SHARED","NO","app=sas:NoSchedule;dedicated=uipath:NoSchedule","NO","","0.03","0.14","DaemonSet/azure-file-csi-driver-node"
"openshift-cluster-csi-drivers","azure-file-csi-driver-node-2xphf","bab-dev-aro-01-zm4qv-worker-rpa-swec-01-979xq","DEDICATED","YES","app=sas:NoSchedule;dedicated=uipath:NoSchedule","NO","","0.03","0.14","DaemonSet/azure-file-csi-driver-node"
"openshift-cluster-csi-drivers","azure-file-csi-driver-node-7c5gq","bab-dev-aro-01-zm4qv-worker-swec-08-9xmrp","SHARED","NO","app=sas:NoSchedule;dedicated=uipath:NoSchedule","NO","","0.03","0.14","DaemonSet/azure-file-csi-driver-node"
"openshift-cluster-csi-drivers","azure-file-csi-driver-node-9dqmc","bab-dev-aro-01-zm4qv-worker-swec-11-tqb4f","DEDICATED","YES","app=sas:NoSchedule;dedicated=uipath:NoSchedule","NO","","0.03","0.14","DaemonSet/azure-file-csi-driver-node"
"openshift-cluster-csi-drivers","azure-file-csi-driver-node-kwsnn","bab-dev-aro-01-zm4qv-worker-swec-02-65kw7","SHARED","NO","app=sas:NoSchedule;dedicated=uipath:NoSchedule","NO","","0.03","0.14","DaemonSet/azure-file-csi-driver-node"
"openshift-cluster-csi-drivers","azure-file-csi-driver-node-mc7kd","bab-dev-aro-01-zm4qv-worker-swec-05-rwr4r","SHARED","NO","app=sas:NoSchedule;dedicated=uipath:NoSchedule","NO","","0.03","0.14","DaemonSet/azure-file-csi-driver-node"
"openshift-cluster-csi-drivers","azure-file-csi-driver-node-mdkh7","bab-dev-aro-01-zm4qv-worker-swec-04-25fmv","SHARED","NO","app=sas:NoSchedule;dedicated=uipath:NoSchedule","NO","","0.03","0.14","DaemonSet/azure-file-csi-driver-node"
"openshift-cluster-csi-drivers","azure-file-csi-driver-node-mtq2g","bab-dev-aro-01-zm4qv-worker-swec-10-62m4m","DEDICATED","YES","app=sas:NoSchedule;dedicated=uipath:NoSchedule","NO","","0.03","0.14","DaemonSet/azure-file-csi-driver-node"
"openshift-cluster-csi-drivers","azure-file-csi-driver-node-mzt4g","bab-dev-aro-01-zm4qv-worker-swec-01-h4skf","SHARED","NO","app=sas:NoSchedule;dedicated=uipath:NoSchedule","NO","","0.03","0.14","DaemonSet/azure-file-csi-driver-node"
"openshift-cluster-csi-drivers","azure-file-csi-driver-node-ngw7v","bab-dev-aro-01-zm4qv-worker-swec-03-pdt28","SHARED","NO","app=sas:NoSchedule;dedicated=uipath:NoSchedule","NO","","0.03","0.14","DaemonSet/azure-file-csi-driver-node"
"openshift-cluster-csi-drivers","azure-file-csi-driver-node-nvt9p","bab-dev-aro-01-zm4qv-master-2","NO NODE","NO","app=sas:NoSchedule;dedicated=uipath:NoSchedule","NO","","0.03","0.14","DaemonSet/azure-file-csi-driver-node"
"openshift-cluster-csi-drivers","azure-file-csi-driver-node-pvsbv","bab-dev-aro-01-zm4qv-worker-swec-09-7d9zr","DEDICATED","YES","app=sas:NoSchedule;dedicated=uipath:NoSchedule","NO","","0.03","0.14","DaemonSet/azure-file-csi-driver-node"
"openshift-cluster-csi-drivers","azure-file-csi-driver-node-rv2df","bab-dev-aro-01-zm4qv-worker-rpa-swec-02-s9mnt","DEDICATED","YES","app=sas:NoSchedule;dedicated=uipath:NoSchedule","NO","","0.03","0.14","DaemonSet/azure-file-csi-driver-node"
"openshift-cluster-csi-drivers","azure-file-csi-driver-node-vqk2c","bab-dev-aro-01-zm4qv-master-0","NO NODE","NO","app=sas:NoSchedule;dedicated=uipath:NoSchedule","NO","","0.03","0.14","DaemonSet/azure-file-csi-driver-node"
"openshift-cluster-csi-drivers","azure-file-csi-driver-node-vtj7x","bab-dev-aro-01-zm4qv-master-1","NO NODE","NO","app=sas:NoSchedule;dedicated=uipath:NoSchedule","NO","","0.03","0.14","DaemonSet/azure-file-csi-driver-node"
"openshift-cluster-csi-drivers","azure-file-csi-driver-node-x2hgs","bab-dev-aro-01-zm4qv-worker-swec-06-qvjx6","SHARED","NO","app=sas:NoSchedule;dedicated=uipath:NoSchedule","NO","","0.03","0.14","DaemonSet/azure-file-csi-driver-node"
"openshift-cluster-csi-drivers","azure-file-csi-driver-operator-968b99dfd-5m5k5","bab-dev-aro-01-zm4qv-master-2","NO NODE","NO","app=sas:NoSchedule;dedicated=uipath:NoSchedule","NO","","0.01","0.04","ReplicaSet/azure-file-csi-driver-operator-968b99dfd"
"openshift-cluster-csi-drivers","csi-nfs-controller-9b7c67967-db974","bab-dev-aro-01-zm4qv-worker-swec-06-qvjx6","SHARED","NO","app=sas:NoSchedule;dedicated=uipath:NoSchedule","NO","","0.05","0.09","ReplicaSet/csi-nfs-controller-9b7c67967"
"openshift-cluster-csi-drivers","csi-nfs-node-2gz44","bab-dev-aro-01-zm4qv-worker-swec-09-7d9zr","DEDICATED","YES","app=sas:NoSchedule;dedicated=uipath:NoSchedule","NO","","0.03","0.05","DaemonSet/csi-nfs-node"
"openshift-cluster-csi-drivers","csi-nfs-node-8kx8l","bab-dev-aro-01-zm4qv-worker-swec-05-rwr4r","SHARED","NO","app=sas:NoSchedule;dedicated=uipath:NoSchedule","NO","","0.03","0.05","DaemonSet/csi-nfs-node"
"openshift-cluster-csi-drivers","csi-nfs-node-9t26j","bab-dev-aro-01-zm4qv-worker-swec-03-pdt28","SHARED","NO","app=sas:NoSchedule;dedicated=uipath:NoSchedule","NO","","0.03","0.05","DaemonSet/csi-nfs-node"
"openshift-cluster-csi-drivers","csi-nfs-node-b4n6z","bab-dev-aro-01-zm4qv-worker-swec-04-25fmv","SHARED","NO","app=sas:NoSchedule;dedicated=uipath:NoSchedule","NO","","0.03","0.05","DaemonSet/csi-nfs-node"
"openshift-cluster-csi-drivers","csi-nfs-node-dvcbd","bab-dev-aro-01-zm4qv-worker-swec-06-qvjx6","SHARED","NO","app=sas:NoSchedule;dedicated=uipath:NoSchedule","NO","","0.03","0.05","DaemonSet/csi-nfs-node"
"openshift-cluster-csi-drivers","csi-nfs-node-fj9fs","bab-dev-aro-01-zm4qv-worker-rpa-swec-01-979xq","DEDICATED","YES","app=sas:NoSchedule;dedicated=uipath:NoSchedule","NO","","0.03","0.05","DaemonSet/csi-nfs-node"
"openshift-cluster-csi-drivers","csi-nfs-node-gd9lk","bab-dev-aro-01-zm4qv-worker-swec-10-62m4m","DEDICATED","YES","app=sas:NoSchedule;dedicated=uipath:NoSchedule","NO","","0.03","0.05","DaemonSet/csi-nfs-node"
"openshift-cluster-csi-drivers","csi-nfs-node-jbwn5","bab-dev-aro-01-zm4qv-worker-swec-07-48zfr","SHARED","NO","app=sas:NoSchedule;dedicated=uipath:NoSchedule","NO","","0.03","0.05","DaemonSet/csi-nfs-node"
"openshift-cluster-csi-drivers","csi-nfs-node-mxvrr","bab-dev-aro-01-zm4qv-worker-rpa-swec-02-s9mnt","DEDICATED","YES","app=sas:NoSchedule;dedicated=uipath:NoSchedule","NO","","0.03","0.05","DaemonSet/csi-nfs-node"
"openshift-cluster-csi-drivers","csi-nfs-node-snwj8","bab-dev-aro-01-zm4qv-worker-swec-08-9xmrp","SHARED","NO","app=sas:NoSchedule;dedicated=uipath:NoSchedule","NO","","0.03","0.05","DaemonSet/csi-nfs-node"
"openshift-cluster-csi-drivers","csi-nfs-node-vj6ld","bab-dev-aro-01-zm4qv-worker-swec-02-65kw7","SHARED","NO","app=sas:NoSchedule;dedicated=uipath:NoSchedule","NO","","0.03","0.05","DaemonSet/csi-nfs-node"
"openshift-cluster-csi-drivers","csi-nfs-node-whc6v","bab-dev-aro-01-zm4qv-worker-swec-01-h4skf","SHARED","NO","app=sas:NoSchedule;dedicated=uipath:NoSchedule","NO","","0.03","0.05","DaemonSet/csi-nfs-node"
"openshift-cluster-csi-drivers","csi-nfs-node-zprch","bab-dev-aro-01-zm4qv-worker-swec-11-tqb4f","DEDICATED","YES","app=sas:NoSchedule;dedicated=uipath:NoSchedule","NO","","0.03","0.05","DaemonSet/csi-nfs-node"
"openshift-cluster-machine-approver","machine-approver-75fbcd7957-bwnhb","bab-dev-aro-01-zm4qv-master-0","NO NODE","NO","app=sas:NoSchedule;dedicated=uipath:NoSchedule","NO","","0.02","0.06","ReplicaSet/machine-approver-75fbcd7957"
"openshift-cluster-node-tuning-operator","cluster-node-tuning-operator-55b84c985-n29ps","bab-dev-aro-01-zm4qv-master-0","NO NODE","NO","app=sas:NoSchedule;dedicated=uipath:NoSchedule","NO","","0.01","0.01","ReplicaSet/cluster-node-tuning-operator-55b84c985"
"openshift-cluster-node-tuning-operator","tuned-4bm7l","bab-dev-aro-01-zm4qv-master-0","NO NODE","NO","app=sas:NoSchedule;dedicated=uipath:NoSchedule","NO","","0.01","0.04","DaemonSet/tuned"
"openshift-cluster-node-tuning-operator","tuned-6dbkg","bab-dev-aro-01-zm4qv-worker-swec-09-7d9zr","DEDICATED","YES","app=sas:NoSchedule;dedicated=uipath:NoSchedule","NO","","0.01","0.04","DaemonSet/tuned"
"openshift-cluster-node-tuning-operator","tuned-6fm28","bab-dev-aro-01-zm4qv-worker-swec-04-25fmv","SHARED","NO","app=sas:NoSchedule;dedicated=uipath:NoSchedule","NO","","0.01","0.04","DaemonSet/tuned"
"openshift-cluster-node-tuning-operator","tuned-75ckd","bab-dev-aro-01-zm4qv-worker-rpa-swec-02-s9mnt","DEDICATED","YES","app=sas:NoSchedule;dedicated=uipath:NoSchedule","NO","","0.01","0.04","DaemonSet/tuned"
"openshift-cluster-node-tuning-operator","tuned-bnthq","bab-dev-aro-01-zm4qv-master-1","NO NODE","NO","app=sas:NoSchedule;dedicated=uipath:NoSchedule","NO","","0.01","0.04","DaemonSet/tuned"
"openshift-cluster-node-tuning-operator","tuned-fcz5z","bab-dev-aro-01-zm4qv-worker-swec-10-62m4m","DEDICATED","YES","app=sas:NoSchedule;dedicated=uipath:NoSchedule","NO","","0.01","0.04","DaemonSet/tuned"
"openshift-cluster-node-tuning-operator","tuned-fw7fw","bab-dev-aro-01-zm4qv-worker-swec-07-48zfr","SHARED","NO","app=sas:NoSchedule;dedicated=uipath:NoSchedule","NO","","0.01","0.04","DaemonSet/tuned"
"openshift-cluster-node-tuning-operator","tuned-fzmq8","bab-dev-aro-01-zm4qv-master-2","NO NODE","NO","app=sas:NoSchedule;dedicated=uipath:NoSchedule","NO","","0.01","0.04","DaemonSet/tuned"
"openshift-cluster-node-tuning-operator","tuned-hppkq","bab-dev-aro-01-zm4qv-worker-swec-11-tqb4f","DEDICATED","YES","app=sas:NoSchedule;dedicated=uipath:NoSchedule","NO","","0.01","0.04","DaemonSet/tuned"
"openshift-cluster-node-tuning-operator","tuned-k84jk","bab-dev-aro-01-zm4qv-worker-swec-05-rwr4r","SHARED","NO","app=sas:NoSchedule;dedicated=uipath:NoSchedule","NO","","0.01","0.04","DaemonSet/tuned"
"openshift-cluster-node-tuning-operator","tuned-n25l5","bab-dev-aro-01-zm4qv-worker-swec-02-65kw7","SHARED","NO","app=sas:NoSchedule;dedicated=uipath:NoSchedule","NO","","0.01","0.04","DaemonSet/tuned"
"openshift-cluster-node-tuning-operator","tuned-ngzmh","bab-dev-aro-01-zm4qv-worker-rpa-swec-01-979xq","DEDICATED","YES","app=sas:NoSchedule;dedicated=uipath:NoSchedule","NO","","0.01","0.04","DaemonSet/tuned"
"openshift-cluster-node-tuning-operator","tuned-sszww","bab-dev-aro-01-zm4qv-worker-swec-08-9xmrp","SHARED","NO","app=sas:NoSchedule;dedicated=uipath:NoSchedule","NO","","0.01","0.04","DaemonSet/tuned"
"openshift-cluster-node-tuning-operator","tuned-ws5mc","bab-dev-aro-01-zm4qv-worker-swec-06-qvjx6","SHARED","NO","app=sas:NoSchedule;dedicated=uipath:NoSchedule","NO","","0.01","0.04","DaemonSet/tuned"
"openshift-cluster-node-tuning-operator","tuned-z5wmz","bab-dev-aro-01-zm4qv-worker-swec-03-pdt28","SHARED","NO","app=sas:NoSchedule;dedicated=uipath:NoSchedule","NO","","0.01","0.04","DaemonSet/tuned"
"openshift-cluster-node-tuning-operator","tuned-zlwqb","bab-dev-aro-01-zm4qv-worker-swec-01-h4skf","SHARED","NO","app=sas:NoSchedule;dedicated=uipath:NoSchedule","NO","","0.01","0.04","DaemonSet/tuned"
"openshift-cluster-observability-operator","distributed-tracing-698b7fbdd7-7g6zh","bab-dev-aro-01-zm4qv-worker-swec-05-rwr4r","SHARED","NO","","NO","","0","0","ReplicaSet/distributed-tracing-698b7fbdd7"
"openshift-cluster-observability-operator","logging-7f8f7cd59d-d72ct","bab-dev-aro-01-zm4qv-worker-swec-04-25fmv","SHARED","NO","","NO","","0","0","ReplicaSet/logging-7f8f7cd59d"
"openshift-cluster-observability-operator","obo-prometheus-operator-5488cd68d5-hgns4","bab-dev-aro-01-zm4qv-worker-swec-05-rwr4r","SHARED","NO","app=sas:NoSchedule;dedicated=uipath:NoSchedule","NO","","0.005","0.14","ReplicaSet/obo-prometheus-operator-5488cd68d5"
"openshift-cluster-observability-operator","obo-prometheus-operator-admission-webhook-855fdf4479-c5ddz","bab-dev-aro-01-zm4qv-worker-swec-01-h4skf","SHARED","NO","app=sas:NoSchedule;dedicated=uipath:NoSchedule","NO","","0.05","0.04","ReplicaSet/obo-prometheus-operator-admission-webhook-855fdf4479"
"openshift-cluster-observability-operator","obo-prometheus-operator-admission-webhook-855fdf4479-fpb79","bab-dev-aro-01-zm4qv-worker-swec-05-rwr4r","SHARED","NO","app=sas:NoSchedule;dedicated=uipath:NoSchedule","NO","","0.05","0.04","ReplicaSet/obo-prometheus-operator-admission-webhook-855fdf4479"
"openshift-cluster-observability-operator","observability-operator-cb5554d4-2bcwr","bab-dev-aro-01-zm4qv-worker-swec-05-rwr4r","SHARED","NO","app=sas:NoSchedule;dedicated=uipath:NoSchedule","NO","","0.005","0.04","ReplicaSet/observability-operator-cb5554d4"
"openshift-cluster-samples-operator","cluster-samples-operator-6df7695dd6-xj4jg","bab-dev-aro-01-zm4qv-master-0","NO NODE","NO","app=sas:NoSchedule;dedicated=uipath:NoSchedule","NO","","0.02","0.09","ReplicaSet/cluster-samples-operator-6df7695dd6"
"openshift-cluster-storage-operator","cluster-storage-operator-d8646c65f-vn4r8","bab-dev-aro-01-zm4qv-master-0","NO NODE","NO","app=sas:NoSchedule;dedicated=uipath:NoSchedule","NO","","0.01","0.01","ReplicaSet/cluster-storage-operator-d8646c65f"
"openshift-cluster-storage-operator","csi-snapshot-controller-8644c86689-bqnlz","bab-dev-aro-01-zm4qv-master-0","NO NODE","NO","app=sas:NoSchedule;dedicated=uipath:NoSchedule","NO","","0.01","0.04","ReplicaSet/csi-snapshot-controller-8644c86689"
"openshift-cluster-storage-operator","csi-snapshot-controller-8644c86689-rzm89","bab-dev-aro-01-zm4qv-master-2","NO NODE","NO","app=sas:NoSchedule;dedicated=uipath:NoSchedule","NO","","0.01","0.04","ReplicaSet/csi-snapshot-controller-8644c86689"
"openshift-cluster-storage-operator","csi-snapshot-controller-operator-6f4b849748-nxb6x","bab-dev-aro-01-zm4qv-master-2","NO NODE","NO","app=sas:NoSchedule;dedicated=uipath:NoSchedule","NO","","0.01","0.06","ReplicaSet/csi-snapshot-controller-operator-6f4b849748"
"openshift-cluster-storage-operator","csi-snapshot-webhook-7679fb4557-sgxdz","bab-dev-aro-01-zm4qv-master-2","NO NODE","NO","app=sas:NoSchedule;dedicated=uipath:NoSchedule","NO","","0.01","0.01","ReplicaSet/csi-snapshot-webhook-7679fb4557"
"openshift-cluster-storage-operator","csi-snapshot-webhook-7679fb4557-sztbn","bab-dev-aro-01-zm4qv-master-0","NO NODE","NO","app=sas:NoSchedule;dedicated=uipath:NoSchedule","NO","","0.01","0.01","ReplicaSet/csi-snapshot-webhook-7679fb4557"
"openshift-cluster-version","cluster-version-operator-dc58b9f79-w9sp5","bab-dev-aro-01-zm4qv-master-0","NO NODE","NO","app=sas:NoSchedule;dedicated=uipath:NoSchedule","NO","","0.02","0.04","ReplicaSet/cluster-version-operator-dc58b9f79"
"openshift-config-operator","openshift-config-operator-6579b9775b-gms29","bab-dev-aro-01-zm4qv-master-0","NO NODE","NO","app=sas:NoSchedule;dedicated=uipath:NoSchedule","NO","","0.01","0.04","ReplicaSet/openshift-config-operator-6579b9775b"
"openshift-console-operator","console-operator-779fd4f6bd-5x4vt","bab-dev-aro-01-zm4qv-master-0","NO NODE","NO","app=sas:NoSchedule;dedicated=uipath:NoSchedule","NO","","0.02","0.19","ReplicaSet/console-operator-779fd4f6bd"
"openshift-console","console-74fb4f847d-cqrjf","bab-dev-aro-01-zm4qv-master-1","NO NODE","NO","app=sas:NoSchedule;dedicated=uipath:NoSchedule","NO","","0.01","0.09","ReplicaSet/console-74fb4f847d"
"openshift-console","console-74fb4f847d-qfxq2","bab-dev-aro-01-zm4qv-master-2","NO NODE","NO","app=sas:NoSchedule;dedicated=uipath:NoSchedule","NO","","0.01","0.09","ReplicaSet/console-74fb4f847d"
"openshift-console","downloads-57fdb7d4dd-gmn42","bab-dev-aro-01-zm4qv-worker-swec-05-rwr4r","SHARED","NO","app=sas:NoSchedule;dedicated=uipath:NoSchedule","NO","","0.01","0.04","ReplicaSet/downloads-57fdb7d4dd"
"openshift-console","downloads-57fdb7d4dd-mdkgc","bab-dev-aro-01-zm4qv-worker-swec-06-qvjx6","SHARED","NO","app=sas:NoSchedule;dedicated=uipath:NoSchedule","NO","","0.01","0.04","ReplicaSet/downloads-57fdb7d4dd"
"openshift-controller-manager-operator","openshift-controller-manager-operator-5fcf4bb64c-zvx5j","bab-dev-aro-01-zm4qv-master-0","NO NODE","NO","app=sas:NoSchedule;dedicated=uipath:NoSchedule","NO","","0.01","0.04","ReplicaSet/openshift-controller-manager-operator-5fcf4bb64c"
"openshift-controller-manager","controller-manager-77b8b67c6b-f8jdn","bab-dev-aro-01-zm4qv-master-1","NO NODE","NO","app=sas:NoSchedule;dedicated=uipath:NoSchedule","NO","","0.1","0.09","ReplicaSet/controller-manager-77b8b67c6b"
"openshift-controller-manager","controller-manager-77b8b67c6b-jthgb","bab-dev-aro-01-zm4qv-master-2","NO NODE","NO","app=sas:NoSchedule;dedicated=uipath:NoSchedule","NO","","0.1","0.09","ReplicaSet/controller-manager-77b8b67c6b"
"openshift-controller-manager","controller-manager-77b8b67c6b-mk2hr","bab-dev-aro-01-zm4qv-master-0","NO NODE","NO","app=sas:NoSchedule;dedicated=uipath:NoSchedule","NO","","0.1","0.09","ReplicaSet/controller-manager-77b8b67c6b"
"openshift-dns-operator","dns-operator-85766944-mg5l9","bab-dev-aro-01-zm4qv-master-2","NO NODE","NO","app=sas:NoSchedule;dedicated=uipath:NoSchedule","NO","","0.02","0.06","ReplicaSet/dns-operator-85766944"
"openshift-dns","dns-default-5srqs","bab-dev-aro-01-zm4qv-worker-swec-05-rwr4r","SHARED","NO","app=sas:NoSchedule;dedicated=uipath:NoSchedule","NO","","0.060000000000000005","0.1","DaemonSet/dns-default"
"openshift-dns","dns-default-6mtdj","bab-dev-aro-01-zm4qv-worker-swec-04-25fmv","SHARED","NO","app=sas:NoSchedule;dedicated=uipath:NoSchedule","NO","","0.060000000000000005","0.1","DaemonSet/dns-default"
"openshift-dns","dns-default-8z98z","bab-dev-aro-01-zm4qv-worker-swec-08-9xmrp","SHARED","NO","app=sas:NoSchedule;dedicated=uipath:NoSchedule","NO","","0.060000000000000005","0.1","DaemonSet/dns-default"
"openshift-dns","dns-default-g24fd","bab-dev-aro-01-zm4qv-master-1","NO NODE","NO","app=sas:NoSchedule;dedicated=uipath:NoSchedule","NO","","0.060000000000000005","0.1","DaemonSet/dns-default"
"openshift-dns","dns-default-mqzm6","bab-dev-aro-01-zm4qv-worker-swec-07-48zfr","SHARED","NO","app=sas:NoSchedule;dedicated=uipath:NoSchedule","NO","","0.060000000000000005","0.1","DaemonSet/dns-default"
"openshift-dns","dns-default-mxcjl","bab-dev-aro-01-zm4qv-worker-swec-03-pdt28","SHARED","NO","app=sas:NoSchedule;dedicated=uipath:NoSchedule","NO","","0.060000000000000005","0.1","DaemonSet/dns-default"
"openshift-dns","dns-default-n7wrp","bab-dev-aro-01-zm4qv-worker-swec-02-65kw7","SHARED","NO","app=sas:NoSchedule;dedicated=uipath:NoSchedule","NO","","0.060000000000000005","0.1","DaemonSet/dns-default"
"openshift-dns","dns-default-pdnkb","bab-dev-aro-01-zm4qv-worker-swec-01-h4skf","SHARED","NO","app=sas:NoSchedule;dedicated=uipath:NoSchedule","NO","","0.060000000000000005","0.1","DaemonSet/dns-default"
"openshift-dns","dns-default-q59qm","bab-dev-aro-01-zm4qv-master-2","NO NODE","NO","app=sas:NoSchedule;dedicated=uipath:NoSchedule","NO","","0.060000000000000005","0.1","DaemonSet/dns-default"
"openshift-dns","dns-default-qxhcr","bab-dev-aro-01-zm4qv-worker-swec-06-qvjx6","SHARED","NO","app=sas:NoSchedule;dedicated=uipath:NoSchedule","NO","","0.060000000000000005","0.1","DaemonSet/dns-default"
"openshift-dns","dns-default-w2jtp","bab-dev-aro-01-zm4qv-master-0","NO NODE","NO","app=sas:NoSchedule;dedicated=uipath:NoSchedule","NO","","0.060000000000000005","0.1","DaemonSet/dns-default"
"openshift-dns","node-resolver-26djs","bab-dev-aro-01-zm4qv-master-0","NO NODE","NO","app=sas:NoSchedule;dedicated=uipath:NoSchedule","NO","","0.005","0.02","DaemonSet/node-resolver"
"openshift-dns","node-resolver-b9p82","bab-dev-aro-01-zm4qv-worker-swec-08-9xmrp","SHARED","NO","app=sas:NoSchedule;dedicated=uipath:NoSchedule","NO","","0.005","0.02","DaemonSet/node-resolver"
"openshift-dns","node-resolver-c9mjs","bab-dev-aro-01-zm4qv-worker-swec-02-65kw7","SHARED","NO","app=sas:NoSchedule;dedicated=uipath:NoSchedule","NO","","0.005","0.02","DaemonSet/node-resolver"
"openshift-dns","node-resolver-dwcjv","bab-dev-aro-01-zm4qv-worker-rpa-swec-02-s9mnt","DEDICATED","YES","app=sas:NoSchedule;dedicated=uipath:NoSchedule","NO","","0.005","0.02","DaemonSet/node-resolver"
"openshift-dns","node-resolver-fjx9t","bab-dev-aro-01-zm4qv-master-1","NO NODE","NO","app=sas:NoSchedule;dedicated=uipath:NoSchedule","NO","","0.005","0.02","DaemonSet/node-resolver"
"openshift-dns","node-resolver-fvpcr","bab-dev-aro-01-zm4qv-worker-swec-03-pdt28","SHARED","NO","app=sas:NoSchedule;dedicated=uipath:NoSchedule","NO","","0.005","0.02","DaemonSet/node-resolver"
"openshift-dns","node-resolver-h7qmp","bab-dev-aro-01-zm4qv-worker-swec-07-48zfr","SHARED","NO","app=sas:NoSchedule;dedicated=uipath:NoSchedule","NO","","0.005","0.02","DaemonSet/node-resolver"
"openshift-dns","node-resolver-lnkf4","bab-dev-aro-01-zm4qv-worker-swec-10-62m4m","DEDICATED","YES","app=sas:NoSchedule;dedicated=uipath:NoSchedule","NO","","0.005","0.02","DaemonSet/node-resolver"
"openshift-dns","node-resolver-mcxk6","bab-dev-aro-01-zm4qv-worker-swec-06-qvjx6","SHARED","NO","app=sas:NoSchedule;dedicated=uipath:NoSchedule","NO","","0.005","0.02","DaemonSet/node-resolver"
"openshift-dns","node-resolver-nm5kk","bab-dev-aro-01-zm4qv-worker-swec-11-tqb4f","DEDICATED","YES","app=sas:NoSchedule;dedicated=uipath:NoSchedule","NO","","0.005","0.02","DaemonSet/node-resolver"
"openshift-dns","node-resolver-qm29b","bab-dev-aro-01-zm4qv-worker-rpa-swec-01-979xq","DEDICATED","YES","app=sas:NoSchedule;dedicated=uipath:NoSchedule","NO","","0.005","0.02","DaemonSet/node-resolver"
"openshift-dns","node-resolver-r45sc","bab-dev-aro-01-zm4qv-master-2","NO NODE","NO","app=sas:NoSchedule;dedicated=uipath:NoSchedule","NO","","0.005","0.02","DaemonSet/node-resolver"
"openshift-dns","node-resolver-sdp9w","bab-dev-aro-01-zm4qv-worker-swec-09-7d9zr","DEDICATED","YES","app=sas:NoSchedule;dedicated=uipath:NoSchedule","NO","","0.005","0.02","DaemonSet/node-resolver"
"openshift-dns","node-resolver-wk7tj","bab-dev-aro-01-zm4qv-worker-swec-01-h4skf","SHARED","NO","app=sas:NoSchedule;dedicated=uipath:NoSchedule","NO","","0.005","0.02","DaemonSet/node-resolver"
"openshift-dns","node-resolver-x5xlj","bab-dev-aro-01-zm4qv-worker-swec-05-rwr4r","SHARED","NO","app=sas:NoSchedule;dedicated=uipath:NoSchedule","NO","","0.005","0.02","DaemonSet/node-resolver"
"openshift-dns","node-resolver-xvc2s","bab-dev-aro-01-zm4qv-worker-swec-04-25fmv","SHARED","NO","app=sas:NoSchedule;dedicated=uipath:NoSchedule","NO","","0.005","0.02","DaemonSet/node-resolver"
"openshift-etcd-operator","etcd-operator-6f8fdcc44-w7fl6","bab-dev-aro-01-zm4qv-master-0","NO NODE","NO","app=sas:NoSchedule;dedicated=uipath:NoSchedule","NO","","0.01","0.04","ReplicaSet/etcd-operator-6f8fdcc44"
"openshift-etcd","etcd-bab-dev-aro-01-zm4qv-master-0","bab-dev-aro-01-zm4qv-master-0","NO NODE","NO","app=sas:NoSchedule;dedicated=uipath:NoSchedule","NO","","0.36","0.88","Node/bab-dev-aro-01-zm4qv-master-0"
"openshift-etcd","etcd-bab-dev-aro-01-zm4qv-master-1","bab-dev-aro-01-zm4qv-master-1","NO NODE","NO","app=sas:NoSchedule;dedicated=uipath:NoSchedule","NO","","0.36","0.88","Node/bab-dev-aro-01-zm4qv-master-1"
"openshift-etcd","etcd-bab-dev-aro-01-zm4qv-master-2","bab-dev-aro-01-zm4qv-master-2","NO NODE","NO","app=sas:NoSchedule;dedicated=uipath:NoSchedule","NO","","0.36","0.88","Node/bab-dev-aro-01-zm4qv-master-2"
"openshift-etcd","etcd-guard-bab-dev-aro-01-zm4qv-master-0","bab-dev-aro-01-zm4qv-master-0","NO NODE","NO","app=sas:NoSchedule;dedicated=uipath:NoSchedule","NO","","0.01","0","standalone"
"openshift-etcd","etcd-guard-bab-dev-aro-01-zm4qv-master-1","bab-dev-aro-01-zm4qv-master-1","NO NODE","NO","app=sas:NoSchedule;dedicated=uipath:NoSchedule","NO","","0.01","0","standalone"
"openshift-etcd","etcd-guard-bab-dev-aro-01-zm4qv-master-2","bab-dev-aro-01-zm4qv-master-2","NO NODE","NO","app=sas:NoSchedule;dedicated=uipath:NoSchedule","NO","","0.01","0","standalone"
"openshift-gitops-operator","openshift-gitops-operator-controller-manager-c49f48888-h4cgj","bab-dev-aro-01-zm4qv-worker-swec-05-rwr4r","SHARED","NO","app=sas:NoSchedule;dedicated=uipath:NoSchedule","NO","","0.001","0.01","ReplicaSet/openshift-gitops-operator-controller-manager-c49f48888"
"openshift-gitops","cluster-f9c76c5b5-thdg6","bab-dev-aro-01-zm4qv-worker-swec-01-h4skf","SHARED","NO","app=sas:NoSchedule;dedicated=uipath:NoSchedule","NO","","0.25","0.12","ReplicaSet/cluster-f9c76c5b5"
"openshift-gitops","kam-6fd58b8d87-zcx5n","bab-dev-aro-01-zm4qv-worker-swec-05-rwr4r","SHARED","NO","app=sas:NoSchedule;dedicated=uipath:NoSchedule","NO","","0.25","0.12","ReplicaSet/kam-6fd58b8d87"
"openshift-gitops","openshift-gitops-application-controller-0","bab-dev-aro-01-zm4qv-worker-swec-02-65kw7","SHARED","NO","app=sas:NoSchedule;dedicated=uipath:NoSchedule","NO","","0.25","1","StatefulSet/openshift-gitops-application-controller"
"openshift-gitops","openshift-gitops-applicationset-controller-b8f9f84f5-jqtzv","bab-dev-aro-01-zm4qv-worker-swec-02-65kw7","SHARED","NO","app=sas:NoSchedule;dedicated=uipath:NoSchedule","NO","","0.25","0.5","ReplicaSet/openshift-gitops-applicationset-controller-b8f9f84f5"
"openshift-gitops","openshift-gitops-dex-server-7f7fc9b55c-s6fln","bab-dev-aro-01-zm4qv-worker-swec-01-h4skf","SHARED","NO","app=sas:NoSchedule;dedicated=uipath:NoSchedule","NO","","0.25","0.12","ReplicaSet/openshift-gitops-dex-server-7f7fc9b55c"
"openshift-gitops","openshift-gitops-redis-5d8649784b-bwp94","bab-dev-aro-01-zm4qv-worker-swec-02-65kw7","SHARED","NO","app=sas:NoSchedule;dedicated=uipath:NoSchedule","NO","","0.25","0.12","ReplicaSet/openshift-gitops-redis-5d8649784b"
"openshift-gitops","openshift-gitops-repo-server-7c8b5bdd44-tdck4","bab-dev-aro-01-zm4qv-worker-swec-05-rwr4r","SHARED","NO","app=sas:NoSchedule;dedicated=uipath:NoSchedule","NO","","0.25","0.25","ReplicaSet/openshift-gitops-repo-server-7c8b5bdd44"
"openshift-gitops","openshift-gitops-server-6dbd949c79-22sjk","bab-dev-aro-01-zm4qv-worker-swec-02-65kw7","SHARED","NO","app=sas:NoSchedule;dedicated=uipath:NoSchedule","NO","","0.125","0.12","ReplicaSet/openshift-gitops-server-6dbd949c79"
"openshift-image-registry","cluster-image-registry-operator-6c5b9b89cc-xwnzb","bab-dev-aro-01-zm4qv-master-2","NO NODE","NO","app=sas:NoSchedule;dedicated=uipath:NoSchedule","NO","","0.01","0.04","ReplicaSet/cluster-image-registry-operator-6c5b9b89cc"
"openshift-image-registry","image-registry-6b5cdbd979-n765d","bab-dev-aro-01-zm4qv-worker-swec-01-h4skf","SHARED","NO","app=sas:NoSchedule;dedicated=uipath:NoSchedule","NO","","0.1","0.25","ReplicaSet/image-registry-6b5cdbd979"
"openshift-image-registry","image-registry-6b5cdbd979-w9cq2","bab-dev-aro-01-zm4qv-worker-swec-05-rwr4r","SHARED","NO","app=sas:NoSchedule;dedicated=uipath:NoSchedule","NO","","0.1","0.25","ReplicaSet/image-registry-6b5cdbd979"
"openshift-image-registry","node-ca-4sn89","bab-dev-aro-01-zm4qv-worker-swec-09-7d9zr","DEDICATED","YES","app=sas:NoSchedule;dedicated=uipath:NoSchedule","NO","","0.01","0","DaemonSet/node-ca"
"openshift-image-registry","node-ca-5hlvf","bab-dev-aro-01-zm4qv-worker-swec-05-rwr4r","SHARED","NO","app=sas:NoSchedule;dedicated=uipath:NoSchedule","NO","","0.01","0","DaemonSet/node-ca"
"openshift-image-registry","node-ca-78j2b","bab-dev-aro-01-zm4qv-worker-swec-07-48zfr","SHARED","NO","app=sas:NoSchedule;dedicated=uipath:NoSchedule","NO","","0.01","0","DaemonSet/node-ca"
"openshift-image-registry","node-ca-7z55r","bab-dev-aro-01-zm4qv-worker-swec-11-tqb4f","DEDICATED","YES","app=sas:NoSchedule;dedicated=uipath:NoSchedule","NO","","0.01","0","DaemonSet/node-ca"
"openshift-image-registry","node-ca-d5zgm","bab-dev-aro-01-zm4qv-master-1","NO NODE","NO","app=sas:NoSchedule;dedicated=uipath:NoSchedule","NO","","0.01","0","DaemonSet/node-ca"
"openshift-image-registry","node-ca-dc5rs","bab-dev-aro-01-zm4qv-worker-rpa-swec-01-979xq","DEDICATED","YES","app=sas:NoSchedule;dedicated=uipath:NoSchedule","NO","","0.01","0","DaemonSet/node-ca"
"openshift-image-registry","node-ca-gjm95","bab-dev-aro-01-zm4qv-master-2","NO NODE","NO","app=sas:NoSchedule;dedicated=uipath:NoSchedule","NO","","0.01","0","DaemonSet/node-ca"
"openshift-image-registry","node-ca-hb8hn","bab-dev-aro-01-zm4qv-worker-swec-01-h4skf","SHARED","NO","app=sas:NoSchedule;dedicated=uipath:NoSchedule","NO","","0.01","0","DaemonSet/node-ca"
"openshift-image-registry","node-ca-j92sq","bab-dev-aro-01-zm4qv-worker-rpa-swec-02-s9mnt","DEDICATED","YES","app=sas:NoSchedule;dedicated=uipath:NoSchedule","NO","","0.01","0","DaemonSet/node-ca"
"openshift-image-registry","node-ca-m7jc7","bab-dev-aro-01-zm4qv-worker-swec-04-25fmv","SHARED","NO","app=sas:NoSchedule;dedicated=uipath:NoSchedule","NO","","0.01","0","DaemonSet/node-ca"
"openshift-image-registry","node-ca-mr4ld","bab-dev-aro-01-zm4qv-worker-swec-08-9xmrp","SHARED","NO","app=sas:NoSchedule;dedicated=uipath:NoSchedule","NO","","0.01","0","DaemonSet/node-ca"
"openshift-image-registry","node-ca-r9d4p","bab-dev-aro-01-zm4qv-master-0","NO NODE","NO","app=sas:NoSchedule;dedicated=uipath:NoSchedule","NO","","0.01","0","DaemonSet/node-ca"
"openshift-image-registry","node-ca-rkjzc","bab-dev-aro-01-zm4qv-worker-swec-10-62m4m","DEDICATED","YES","app=sas:NoSchedule;dedicated=uipath:NoSchedule","NO","","0.01","0","DaemonSet/node-ca"
"openshift-image-registry","node-ca-rs28q","bab-dev-aro-01-zm4qv-worker-swec-06-qvjx6","SHARED","NO","app=sas:NoSchedule;dedicated=uipath:NoSchedule","NO","","0.01","0","DaemonSet/node-ca"
"openshift-image-registry","node-ca-sjnfn","bab-dev-aro-01-zm4qv-worker-swec-03-pdt28","SHARED","NO","app=sas:NoSchedule;dedicated=uipath:NoSchedule","NO","","0.01","0","DaemonSet/node-ca"
"openshift-image-registry","node-ca-tl29h","bab-dev-aro-01-zm4qv-worker-swec-02-65kw7","SHARED","NO","app=sas:NoSchedule;dedicated=uipath:NoSchedule","NO","","0.01","0","DaemonSet/node-ca"
"openshift-ingress-canary","ingress-canary-2lmdw","bab-dev-aro-01-zm4qv-worker-swec-01-h4skf","SHARED","NO","app=sas:NoSchedule;dedicated=uipath:NoSchedule","NO","","0.01","0.01","DaemonSet/ingress-canary"
"openshift-ingress-canary","ingress-canary-5cqlx","bab-dev-aro-01-zm4qv-worker-swec-02-65kw7","SHARED","NO","app=sas:NoSchedule;dedicated=uipath:NoSchedule","NO","","0.01","0.01","DaemonSet/ingress-canary"
"openshift-ingress-canary","ingress-canary-756jf","bab-dev-aro-01-zm4qv-worker-swec-06-qvjx6","SHARED","NO","app=sas:NoSchedule;dedicated=uipath:NoSchedule","NO","","0.01","0.01","DaemonSet/ingress-canary"
"openshift-ingress-canary","ingress-canary-f6dcr","bab-dev-aro-01-zm4qv-worker-swec-08-9xmrp","SHARED","NO","app=sas:NoSchedule;dedicated=uipath:NoSchedule","NO","","0.01","0.01","DaemonSet/ingress-canary"
"openshift-ingress-canary","ingress-canary-k82k9","bab-dev-aro-01-zm4qv-worker-swec-04-25fmv","SHARED","NO","app=sas:NoSchedule;dedicated=uipath:NoSchedule","NO","","0.01","0.01","DaemonSet/ingress-canary"
"openshift-ingress-canary","ingress-canary-m8sjp","bab-dev-aro-01-zm4qv-worker-swec-07-48zfr","SHARED","NO","app=sas:NoSchedule;dedicated=uipath:NoSchedule","NO","","0.01","0.01","DaemonSet/ingress-canary"
"openshift-ingress-canary","ingress-canary-qgstf","bab-dev-aro-01-zm4qv-worker-swec-05-rwr4r","SHARED","NO","app=sas:NoSchedule;dedicated=uipath:NoSchedule","NO","","0.01","0.01","DaemonSet/ingress-canary"
"openshift-ingress-canary","ingress-canary-r7m75","bab-dev-aro-01-zm4qv-worker-swec-03-pdt28","SHARED","NO","app=sas:NoSchedule;dedicated=uipath:NoSchedule","NO","","0.01","0.01","DaemonSet/ingress-canary"
"openshift-ingress-operator","ingress-operator-56df5f9f64-gsvmd","bab-dev-aro-01-zm4qv-master-2","NO NODE","NO","app=sas:NoSchedule;dedicated=uipath:NoSchedule","NO","","0.02","0.09","ReplicaSet/ingress-operator-56df5f9f64"
"openshift-ingress","router-default-55697c6dfb-bcqzr","bab-dev-aro-01-zm4qv-worker-swec-07-48zfr","SHARED","NO","app=sas:NoSchedule;dedicated=uipath:NoSchedule","NO","","0.1","0.25","ReplicaSet/router-default-55697c6dfb"
"openshift-ingress","router-default-55697c6dfb-zpnk8","bab-dev-aro-01-zm4qv-worker-swec-08-9xmrp","SHARED","NO","app=sas:NoSchedule;dedicated=uipath:NoSchedule","NO","","0.1","0.25","ReplicaSet/router-default-55697c6dfb"
"openshift-insights","insights-operator-c5cbfffcb-ftjcm","bab-dev-aro-01-zm4qv-master-2","NO NODE","NO","app=sas:NoSchedule;dedicated=uipath:NoSchedule","NO","","0.01","0.02","ReplicaSet/insights-operator-c5cbfffcb"
"openshift-keda","custom-metrics-autoscaler-operator-69795f68c4-rjt9w","bab-dev-aro-01-zm4qv-worker-swec-04-25fmv","SHARED","NO","app=sas:NoSchedule;dedicated=uipath:NoSchedule","NO","","0.1","0.09","ReplicaSet/custom-metrics-autoscaler-operator-69795f68c4"
"openshift-keda","keda-admission-6d47b6c4d5-q5ffg","bab-dev-aro-01-zm4qv-worker-swec-02-65kw7","SHARED","NO","app=sas:NoSchedule;dedicated=uipath:NoSchedule","NO","","0.1","0.09","ReplicaSet/keda-admission-6d47b6c4d5"
"openshift-keda","keda-metrics-apiserver-74f5dc44dd-lkkmm","bab-dev-aro-01-zm4qv-worker-swec-06-qvjx6","SHARED","NO","app=sas:NoSchedule;dedicated=uipath:NoSchedule","NO","","0.1","0.09","ReplicaSet/keda-metrics-apiserver-74f5dc44dd"
"openshift-keda","keda-operator-57fc5dbfdd-8r7d7","bab-dev-aro-01-zm4qv-worker-swec-05-rwr4r","SHARED","NO","app=sas:NoSchedule;dedicated=uipath:NoSchedule","NO","","0.1","0.09","ReplicaSet/keda-operator-57fc5dbfdd"
"openshift-kube-apiserver-operator","kube-apiserver-operator-779647dd5c-c5fgx","bab-dev-aro-01-zm4qv-master-0","NO NODE","NO","app=sas:NoSchedule;dedicated=uipath:NoSchedule","NO","","0.01","0.04","ReplicaSet/kube-apiserver-operator-779647dd5c"
"openshift-kube-apiserver","apiserver-watcher-bab-dev-aro-01-zm4qv-master-0","bab-dev-aro-01-zm4qv-master-0","NO NODE","NO","app=sas:NoSchedule;dedicated=uipath:NoSchedule","NO","","0.02","0.04","Node/bab-dev-aro-01-zm4qv-master-0"
"openshift-kube-apiserver","apiserver-watcher-bab-dev-aro-01-zm4qv-master-1","bab-dev-aro-01-zm4qv-master-1","NO NODE","NO","app=sas:NoSchedule;dedicated=uipath:NoSchedule","NO","","0.02","0.04","Node/bab-dev-aro-01-zm4qv-master-1"
"openshift-kube-apiserver","apiserver-watcher-bab-dev-aro-01-zm4qv-master-2","bab-dev-aro-01-zm4qv-master-2","NO NODE","NO","app=sas:NoSchedule;dedicated=uipath:NoSchedule","NO","","0.02","0.04","Node/bab-dev-aro-01-zm4qv-master-2"
"openshift-kube-apiserver","kube-apiserver-bab-dev-aro-01-zm4qv-master-0","bab-dev-aro-01-zm4qv-master-0","NO NODE","NO","app=sas:NoSchedule;dedicated=uipath:NoSchedule","NO","","0.29000000000000004","1.19","Node/bab-dev-aro-01-zm4qv-master-0"
"openshift-kube-apiserver","kube-apiserver-bab-dev-aro-01-zm4qv-master-1","bab-dev-aro-01-zm4qv-master-1","NO NODE","NO","app=sas:NoSchedule;dedicated=uipath:NoSchedule","NO","","0.29000000000000004","1.19","Node/bab-dev-aro-01-zm4qv-master-1"
"openshift-kube-apiserver","kube-apiserver-bab-dev-aro-01-zm4qv-master-2","bab-dev-aro-01-zm4qv-master-2","NO NODE","NO","app=sas:NoSchedule;dedicated=uipath:NoSchedule","NO","","0.29000000000000004","1.19","Node/bab-dev-aro-01-zm4qv-master-2"
"openshift-kube-apiserver","kube-apiserver-guard-bab-dev-aro-01-zm4qv-master-0","bab-dev-aro-01-zm4qv-master-0","NO NODE","NO","app=sas:NoSchedule;dedicated=uipath:NoSchedule","NO","","0.01","0","standalone"
"openshift-kube-apiserver","kube-apiserver-guard-bab-dev-aro-01-zm4qv-master-1","bab-dev-aro-01-zm4qv-master-1","NO NODE","NO","app=sas:NoSchedule;dedicated=uipath:NoSchedule","NO","","0.01","0","standalone"
"openshift-kube-apiserver","kube-apiserver-guard-bab-dev-aro-01-zm4qv-master-2","bab-dev-aro-01-zm4qv-master-2","NO NODE","NO","app=sas:NoSchedule;dedicated=uipath:NoSchedule","NO","","0.01","0","standalone"
"openshift-kube-controller-manager-operator","kube-controller-manager-operator-74cd7b86bd-bhmb5","bab-dev-aro-01-zm4qv-master-0","NO NODE","NO","app=sas:NoSchedule;dedicated=uipath:NoSchedule","NO","","0.01","0.04","ReplicaSet/kube-controller-manager-operator-74cd7b86bd"
"openshift-kube-controller-manager","kube-controller-manager-bab-dev-aro-01-zm4qv-master-0","bab-dev-aro-01-zm4qv-master-0","NO NODE","NO","app=sas:NoSchedule;dedicated=uipath:NoSchedule","NO","","0.08","0.48","Node/bab-dev-aro-01-zm4qv-master-0"
"openshift-kube-controller-manager","kube-controller-manager-bab-dev-aro-01-zm4qv-master-1","bab-dev-aro-01-zm4qv-master-1","NO NODE","NO","app=sas:NoSchedule;dedicated=uipath:NoSchedule","NO","","0.08","0.48","Node/bab-dev-aro-01-zm4qv-master-1"
"openshift-kube-controller-manager","kube-controller-manager-bab-dev-aro-01-zm4qv-master-2","bab-dev-aro-01-zm4qv-master-2","NO NODE","NO","app=sas:NoSchedule;dedicated=uipath:NoSchedule","NO","","0.08","0.48","Node/bab-dev-aro-01-zm4qv-master-2"
"openshift-kube-controller-manager","kube-controller-manager-guard-bab-dev-aro-01-zm4qv-master-0","bab-dev-aro-01-zm4qv-master-0","NO NODE","NO","app=sas:NoSchedule;dedicated=uipath:NoSchedule","NO","","0.01","0","standalone"
"openshift-kube-controller-manager","kube-controller-manager-guard-bab-dev-aro-01-zm4qv-master-1","bab-dev-aro-01-zm4qv-master-1","NO NODE","NO","app=sas:NoSchedule;dedicated=uipath:NoSchedule","NO","","0.01","0","standalone"
"openshift-kube-controller-manager","kube-controller-manager-guard-bab-dev-aro-01-zm4qv-master-2","bab-dev-aro-01-zm4qv-master-2","NO NODE","NO","app=sas:NoSchedule;dedicated=uipath:NoSchedule","NO","","0.01","0","standalone"
"openshift-kube-scheduler-operator","openshift-kube-scheduler-operator-748d4bbd6c-fvxtd","bab-dev-aro-01-zm4qv-master-0","NO NODE","NO","app=sas:NoSchedule;dedicated=uipath:NoSchedule","NO","","0.01","0.04","ReplicaSet/openshift-kube-scheduler-operator-748d4bbd6c"
"openshift-kube-scheduler","openshift-kube-scheduler-bab-dev-aro-01-zm4qv-master-0","bab-dev-aro-01-zm4qv-master-0","NO NODE","NO","app=sas:NoSchedule;dedicated=uipath:NoSchedule","NO","","0.025","0.14","Node/bab-dev-aro-01-zm4qv-master-0"
"openshift-kube-scheduler","openshift-kube-scheduler-bab-dev-aro-01-zm4qv-master-1","bab-dev-aro-01-zm4qv-master-1","NO NODE","NO","app=sas:NoSchedule;dedicated=uipath:NoSchedule","NO","","0.025","0.14","Node/bab-dev-aro-01-zm4qv-master-1"
"openshift-kube-scheduler","openshift-kube-scheduler-bab-dev-aro-01-zm4qv-master-2","bab-dev-aro-01-zm4qv-master-2","NO NODE","NO","app=sas:NoSchedule;dedicated=uipath:NoSchedule","NO","","0.025","0.14","Node/bab-dev-aro-01-zm4qv-master-2"
"openshift-kube-scheduler","openshift-kube-scheduler-guard-bab-dev-aro-01-zm4qv-master-0","bab-dev-aro-01-zm4qv-master-0","NO NODE","NO","app=sas:NoSchedule;dedicated=uipath:NoSchedule","NO","","0.01","0","standalone"
"openshift-kube-scheduler","openshift-kube-scheduler-guard-bab-dev-aro-01-zm4qv-master-1","bab-dev-aro-01-zm4qv-master-1","NO NODE","NO","app=sas:NoSchedule;dedicated=uipath:NoSchedule","NO","","0.01","0","standalone"
"openshift-kube-scheduler","openshift-kube-scheduler-guard-bab-dev-aro-01-zm4qv-master-2","bab-dev-aro-01-zm4qv-master-2","NO NODE","NO","app=sas:NoSchedule;dedicated=uipath:NoSchedule","NO","","0.01","0","standalone"
"openshift-kube-storage-version-migrator-operator","kube-storage-version-migrator-operator-54644d5786-5qhnd","bab-dev-aro-01-zm4qv-master-0","NO NODE","NO","app=sas:NoSchedule;dedicated=uipath:NoSchedule","NO","","0.01","0.04","ReplicaSet/kube-storage-version-migrator-operator-54644d5786"
"openshift-kube-storage-version-migrator","migrator-56cff8468d-qclkz","bab-dev-aro-01-zm4qv-worker-swec-02-65kw7","SHARED","NO","app=sas:NoSchedule;dedicated=uipath:NoSchedule","NO","","0.01","0.19","ReplicaSet/migrator-56cff8468d"
"openshift-logging","cluster-logging-operator-66f5bb88f-g68cb","bab-dev-aro-01-zm4qv-worker-swec-05-rwr4r","SHARED","NO","","NO","","0","0","ReplicaSet/cluster-logging-operator-66f5bb88f"
"openshift-logging","collector-2c7z2","bab-dev-aro-01-zm4qv-worker-swec-07-48zfr","SHARED","NO","app=sas:NoSchedule;dedicated=uipath:NoSchedule","NO","","0.5","0.06","DaemonSet/collector"
"openshift-logging","collector-2hxr2","bab-dev-aro-01-zm4qv-master-1","NO NODE","NO","app=sas:NoSchedule;dedicated=uipath:NoSchedule","NO","","0.5","0.06","DaemonSet/collector"
"openshift-logging","collector-2tgmj","bab-dev-aro-01-zm4qv-worker-swec-09-7d9zr","DEDICATED","YES","app=sas:NoSchedule;dedicated=uipath:NoSchedule","NO","","0.5","0.06","DaemonSet/collector"
"openshift-logging","collector-5xcv2","bab-dev-aro-01-zm4qv-worker-swec-01-h4skf","SHARED","NO","app=sas:NoSchedule;dedicated=uipath:NoSchedule","NO","","0.5","0.06","DaemonSet/collector"
"openshift-logging","collector-6r46q","bab-dev-aro-01-zm4qv-worker-rpa-swec-01-979xq","DEDICATED","YES","app=sas:NoSchedule;dedicated=uipath:NoSchedule","NO","","0.5","0.06","DaemonSet/collector"
"openshift-logging","collector-brg2p","bab-dev-aro-01-zm4qv-worker-swec-10-62m4m","DEDICATED","YES","app=sas:NoSchedule;dedicated=uipath:NoSchedule","NO","","0.5","0.06","DaemonSet/collector"
"openshift-logging","collector-d2vfw","bab-dev-aro-01-zm4qv-worker-swec-02-65kw7","SHARED","NO","app=sas:NoSchedule;dedicated=uipath:NoSchedule","NO","","0.5","0.06","DaemonSet/collector"
"openshift-logging","collector-fgss6","bab-dev-aro-01-zm4qv-worker-rpa-swec-02-s9mnt","DEDICATED","YES","app=sas:NoSchedule;dedicated=uipath:NoSchedule","NO","","0.5","0.06","DaemonSet/collector"
"openshift-logging","collector-h64np","bab-dev-aro-01-zm4qv-worker-swec-08-9xmrp","SHARED","NO","app=sas:NoSchedule;dedicated=uipath:NoSchedule","NO","","0.5","0.06","DaemonSet/collector"
"openshift-logging","collector-hh5ds","bab-dev-aro-01-zm4qv-worker-swec-04-25fmv","SHARED","NO","app=sas:NoSchedule;dedicated=uipath:NoSchedule","NO","","0.5","0.06","DaemonSet/collector"
"openshift-logging","collector-k4f4d","bab-dev-aro-01-zm4qv-worker-swec-06-qvjx6","SHARED","NO","app=sas:NoSchedule;dedicated=uipath:NoSchedule","NO","","0.5","0.06","DaemonSet/collector"
"openshift-logging","collector-kxdxt","bab-dev-aro-01-zm4qv-worker-swec-05-rwr4r","SHARED","NO","app=sas:NoSchedule;dedicated=uipath:NoSchedule","NO","","0.5","0.06","DaemonSet/collector"
"openshift-logging","collector-ppq9w","bab-dev-aro-01-zm4qv-worker-swec-03-pdt28","SHARED","NO","app=sas:NoSchedule;dedicated=uipath:NoSchedule","NO","","0.5","0.06","DaemonSet/collector"
"openshift-logging","collector-tjbqw","bab-dev-aro-01-zm4qv-master-2","NO NODE","NO","app=sas:NoSchedule;dedicated=uipath:NoSchedule","NO","","0.5","0.06","DaemonSet/collector"
"openshift-logging","collector-wjmb8","bab-dev-aro-01-zm4qv-master-0","NO NODE","NO","app=sas:NoSchedule;dedicated=uipath:NoSchedule","NO","","0.5","0.06","DaemonSet/collector"
"openshift-logging","collector-xxmt7","bab-dev-aro-01-zm4qv-worker-swec-11-tqb4f","DEDICATED","YES","app=sas:NoSchedule;dedicated=uipath:NoSchedule","NO","","0.5","0.06","DaemonSet/collector"
"openshift-logging","lokistack-compactor-0","bab-dev-aro-01-zm4qv-worker-swec-06-qvjx6","SHARED","NO","app=sas:NoSchedule;dedicated=uipath:NoSchedule","NO","","1","2","StatefulSet/lokistack-compactor"
"openshift-logging","lokistack-distributor-779b868f5d-h6mlg","bab-dev-aro-01-zm4qv-worker-swec-01-h4skf","SHARED","NO","app=sas:NoSchedule;dedicated=uipath:NoSchedule","NO","","1","1","ReplicaSet/lokistack-distributor-779b868f5d"
"openshift-logging","lokistack-distributor-779b868f5d-nbxtp","bab-dev-aro-01-zm4qv-worker-swec-05-rwr4r","SHARED","NO","app=sas:NoSchedule;dedicated=uipath:NoSchedule","NO","","1","1","ReplicaSet/lokistack-distributor-779b868f5d"
"openshift-logging","lokistack-gateway-7798cb7d7b-cbkkv","bab-dev-aro-01-zm4qv-worker-swec-08-9xmrp","SHARED","NO","app=sas:NoSchedule;dedicated=uipath:NoSchedule","NO","","0.5","0.48","ReplicaSet/lokistack-gateway-7798cb7d7b"
"openshift-logging","lokistack-gateway-7798cb7d7b-hd589","bab-dev-aro-01-zm4qv-worker-swec-08-9xmrp","SHARED","NO","app=sas:NoSchedule;dedicated=uipath:NoSchedule","NO","","0.5","0.48","ReplicaSet/lokistack-gateway-7798cb7d7b"
"openshift-logging","lokistack-ingester-0","bab-dev-aro-01-zm4qv-worker-swec-05-rwr4r","SHARED","NO","app=sas:NoSchedule;dedicated=uipath:NoSchedule","NO","","2","8","StatefulSet/lokistack-ingester"
"openshift-logging","lokistack-ingester-1","bab-dev-aro-01-zm4qv-worker-swec-06-qvjx6","SHARED","NO","app=sas:NoSchedule;dedicated=uipath:NoSchedule","NO","","2","8","StatefulSet/lokistack-ingester"
"openshift-logging","lokistack-querier-6f67f687bb-nrqfm","bab-dev-aro-01-zm4qv-worker-swec-07-48zfr","SHARED","NO","app=sas:NoSchedule;dedicated=uipath:NoSchedule","NO","","1.5","3","ReplicaSet/lokistack-querier-6f67f687bb"
"openshift-logging","lokistack-querier-6f67f687bb-slfwx","bab-dev-aro-01-zm4qv-worker-swec-08-9xmrp","SHARED","NO","app=sas:NoSchedule;dedicated=uipath:NoSchedule","NO","","1.5","3","ReplicaSet/lokistack-querier-6f67f687bb"
"openshift-logging","lokistack-query-frontend-6f888bd767-sp254","bab-dev-aro-01-zm4qv-worker-swec-08-9xmrp","SHARED","NO","app=sas:NoSchedule;dedicated=uipath:NoSchedule","NO","","1","1","ReplicaSet/lokistack-query-frontend-6f888bd767"
"openshift-logging","lokistack-query-frontend-6f888bd767-tq4lb","bab-dev-aro-01-zm4qv-worker-swec-03-pdt28","SHARED","NO","app=sas:NoSchedule;dedicated=uipath:NoSchedule","NO","","1","1","ReplicaSet/lokistack-query-frontend-6f888bd767"
"openshift-machine-api","cluster-autoscaler-operator-569dbdb7b-vgl5z","bab-dev-aro-01-zm4qv-master-0","NO NODE","NO","app=sas:NoSchedule;dedicated=uipath:NoSchedule","NO","","0.03","0.06","ReplicaSet/cluster-autoscaler-operator-569dbdb7b"
"openshift-machine-api","control-plane-machine-set-operator-67cc85cbdc-vdgkv","bab-dev-aro-01-zm4qv-master-2","NO NODE","NO","app=sas:NoSchedule;dedicated=uipath:NoSchedule","NO","","0.01","0.04","ReplicaSet/control-plane-machine-set-operator-67cc85cbdc"
"openshift-machine-api","machine-api-controllers-7b798b68f9-nf9hn","bab-dev-aro-01-zm4qv-master-2","NO NODE","NO","app=sas:NoSchedule;dedicated=uipath:NoSchedule","NO","","0.07","0.13","ReplicaSet/machine-api-controllers-7b798b68f9"
"openshift-machine-api","machine-api-operator-5bf74c95b8-znfgf","bab-dev-aro-01-zm4qv-master-2","NO NODE","NO","app=sas:NoSchedule;dedicated=uipath:NoSchedule","NO","","0.02","0.06","ReplicaSet/machine-api-operator-5bf74c95b8"
"openshift-machine-config-operator","kube-rbac-proxy-crio-bab-dev-aro-01-zm4qv-master-0","bab-dev-aro-01-zm4qv-master-0","NO NODE","NO","app=sas:NoSchedule;dedicated=uipath:NoSchedule","NO","","0.02","0.04","Node/bab-dev-aro-01-zm4qv-master-0"
"openshift-machine-config-operator","kube-rbac-proxy-crio-bab-dev-aro-01-zm4qv-master-1","bab-dev-aro-01-zm4qv-master-1","NO NODE","NO","app=sas:NoSchedule;dedicated=uipath:NoSchedule","NO","","0.02","0.04","Node/bab-dev-aro-01-zm4qv-master-1"
"openshift-machine-config-operator","kube-rbac-proxy-crio-bab-dev-aro-01-zm4qv-master-2","bab-dev-aro-01-zm4qv-master-2","NO NODE","NO","app=sas:NoSchedule;dedicated=uipath:NoSchedule","NO","","0.02","0.04","Node/bab-dev-aro-01-zm4qv-master-2"
"openshift-machine-config-operator","kube-rbac-proxy-crio-bab-dev-aro-01-zm4qv-worker-rpa-swec-01-979xq","bab-dev-aro-01-zm4qv-worker-rpa-swec-01-979xq","DEDICATED","YES","app=sas:NoSchedule;dedicated=uipath:NoSchedule","NO","","0.02","0.04","Node/bab-dev-aro-01-zm4qv-worker-rpa-swec-01-979xq"
"openshift-machine-config-operator","kube-rbac-proxy-crio-bab-dev-aro-01-zm4qv-worker-rpa-swec-02-s9mnt","bab-dev-aro-01-zm4qv-worker-rpa-swec-02-s9mnt","DEDICATED","YES","app=sas:NoSchedule;dedicated=uipath:NoSchedule","NO","","0.02","0.04","Node/bab-dev-aro-01-zm4qv-worker-rpa-swec-02-s9mnt"
"openshift-machine-config-operator","kube-rbac-proxy-crio-bab-dev-aro-01-zm4qv-worker-swec-01-h4skf","bab-dev-aro-01-zm4qv-worker-swec-01-h4skf","SHARED","NO","app=sas:NoSchedule;dedicated=uipath:NoSchedule","NO","","0.02","0.04","Node/bab-dev-aro-01-zm4qv-worker-swec-01-h4skf"
"openshift-machine-config-operator","kube-rbac-proxy-crio-bab-dev-aro-01-zm4qv-worker-swec-02-65kw7","bab-dev-aro-01-zm4qv-worker-swec-02-65kw7","SHARED","NO","app=sas:NoSchedule;dedicated=uipath:NoSchedule","NO","","0.02","0.04","Node/bab-dev-aro-01-zm4qv-worker-swec-02-65kw7"
"openshift-machine-config-operator","kube-rbac-proxy-crio-bab-dev-aro-01-zm4qv-worker-swec-03-pdt28","bab-dev-aro-01-zm4qv-worker-swec-03-pdt28","SHARED","NO","app=sas:NoSchedule;dedicated=uipath:NoSchedule","NO","","0.02","0.04","Node/bab-dev-aro-01-zm4qv-worker-swec-03-pdt28"
"openshift-machine-config-operator","kube-rbac-proxy-crio-bab-dev-aro-01-zm4qv-worker-swec-04-25fmv","bab-dev-aro-01-zm4qv-worker-swec-04-25fmv","SHARED","NO","app=sas:NoSchedule;dedicated=uipath:NoSchedule","NO","","0.02","0.04","Node/bab-dev-aro-01-zm4qv-worker-swec-04-25fmv"
"openshift-machine-config-operator","kube-rbac-proxy-crio-bab-dev-aro-01-zm4qv-worker-swec-05-rwr4r","bab-dev-aro-01-zm4qv-worker-swec-05-rwr4r","SHARED","NO","app=sas:NoSchedule;dedicated=uipath:NoSchedule","NO","","0.02","0.04","Node/bab-dev-aro-01-zm4qv-worker-swec-05-rwr4r"
"openshift-machine-config-operator","kube-rbac-proxy-crio-bab-dev-aro-01-zm4qv-worker-swec-06-qvjx6","bab-dev-aro-01-zm4qv-worker-swec-06-qvjx6","SHARED","NO","app=sas:NoSchedule;dedicated=uipath:NoSchedule","NO","","0.02","0.04","Node/bab-dev-aro-01-zm4qv-worker-swec-06-qvjx6"
"openshift-machine-config-operator","kube-rbac-proxy-crio-bab-dev-aro-01-zm4qv-worker-swec-07-48zfr","bab-dev-aro-01-zm4qv-worker-swec-07-48zfr","SHARED","NO","app=sas:NoSchedule;dedicated=uipath:NoSchedule","NO","","0.02","0.04","Node/bab-dev-aro-01-zm4qv-worker-swec-07-48zfr"
"openshift-machine-config-operator","kube-rbac-proxy-crio-bab-dev-aro-01-zm4qv-worker-swec-08-9xmrp","bab-dev-aro-01-zm4qv-worker-swec-08-9xmrp","SHARED","NO","app=sas:NoSchedule;dedicated=uipath:NoSchedule","NO","","0.02","0.04","Node/bab-dev-aro-01-zm4qv-worker-swec-08-9xmrp"
"openshift-machine-config-operator","kube-rbac-proxy-crio-bab-dev-aro-01-zm4qv-worker-swec-09-7d9zr","bab-dev-aro-01-zm4qv-worker-swec-09-7d9zr","DEDICATED","YES","app=sas:NoSchedule;dedicated=uipath:NoSchedule","NO","","0.02","0.04","Node/bab-dev-aro-01-zm4qv-worker-swec-09-7d9zr"
"openshift-machine-config-operator","kube-rbac-proxy-crio-bab-dev-aro-01-zm4qv-worker-swec-10-62m4m","bab-dev-aro-01-zm4qv-worker-swec-10-62m4m","DEDICATED","YES","app=sas:NoSchedule;dedicated=uipath:NoSchedule","NO","","0.02","0.04","Node/bab-dev-aro-01-zm4qv-worker-swec-10-62m4m"
"openshift-machine-config-operator","kube-rbac-proxy-crio-bab-dev-aro-01-zm4qv-worker-swec-11-tqb4f","bab-dev-aro-01-zm4qv-worker-swec-11-tqb4f","DEDICATED","YES","app=sas:NoSchedule;dedicated=uipath:NoSchedule","NO","","0.02","0.04","Node/bab-dev-aro-01-zm4qv-worker-swec-11-tqb4f"
"openshift-machine-config-operator","machine-config-controller-56fc59fdcf-m9kbk","bab-dev-aro-01-zm4qv-master-2","NO NODE","NO","app=sas:NoSchedule;dedicated=uipath:NoSchedule","NO","","0.04","0.09","ReplicaSet/machine-config-controller-56fc59fdcf"
"openshift-machine-config-operator","machine-config-daemon-2mh9d","bab-dev-aro-01-zm4qv-worker-rpa-swec-01-979xq","DEDICATED","YES","app=sas:NoSchedule;dedicated=uipath:NoSchedule","NO","","0.04","0.09","DaemonSet/machine-config-daemon"
"openshift-machine-config-operator","machine-config-daemon-6zc8z","bab-dev-aro-01-zm4qv-worker-rpa-swec-02-s9mnt","DEDICATED","YES","app=sas:NoSchedule;dedicated=uipath:NoSchedule","NO","","0.04","0.09","DaemonSet/machine-config-daemon"
"openshift-machine-config-operator","machine-config-daemon-b2pzm","bab-dev-aro-01-zm4qv-master-0","NO NODE","NO","app=sas:NoSchedule;dedicated=uipath:NoSchedule","NO","","0.04","0.09","DaemonSet/machine-config-daemon"
"openshift-machine-config-operator","machine-config-daemon-bhs46","bab-dev-aro-01-zm4qv-worker-swec-10-62m4m","DEDICATED","YES","app=sas:NoSchedule;dedicated=uipath:NoSchedule","NO","","0.04","0.09","DaemonSet/machine-config-daemon"
"openshift-machine-config-operator","machine-config-daemon-c7vfl","bab-dev-aro-01-zm4qv-worker-swec-06-qvjx6","SHARED","NO","app=sas:NoSchedule;dedicated=uipath:NoSchedule","NO","","0.04","0.09","DaemonSet/machine-config-daemon"
"openshift-machine-config-operator","machine-config-daemon-f96rh","bab-dev-aro-01-zm4qv-worker-swec-09-7d9zr","DEDICATED","YES","app=sas:NoSchedule;dedicated=uipath:NoSchedule","NO","","0.04","0.09","DaemonSet/machine-config-daemon"
"openshift-machine-config-operator","machine-config-daemon-h862h","bab-dev-aro-01-zm4qv-worker-swec-08-9xmrp","SHARED","NO","app=sas:NoSchedule;dedicated=uipath:NoSchedule","NO","","0.04","0.09","DaemonSet/machine-config-daemon"
"openshift-machine-config-operator","machine-config-daemon-ls495","bab-dev-aro-01-zm4qv-worker-swec-04-25fmv","SHARED","NO","app=sas:NoSchedule;dedicated=uipath:NoSchedule","NO","","0.04","0.09","DaemonSet/machine-config-daemon"
"openshift-machine-config-operator","machine-config-daemon-mhxtp","bab-dev-aro-01-zm4qv-worker-swec-05-rwr4r","SHARED","NO","app=sas:NoSchedule;dedicated=uipath:NoSchedule","NO","","0.04","0.09","DaemonSet/machine-config-daemon"
"openshift-machine-config-operator","machine-config-daemon-n9s4d","bab-dev-aro-01-zm4qv-worker-swec-11-tqb4f","DEDICATED","YES","app=sas:NoSchedule;dedicated=uipath:NoSchedule","NO","","0.04","0.09","DaemonSet/machine-config-daemon"
"openshift-machine-config-operator","machine-config-daemon-nhjxf","bab-dev-aro-01-zm4qv-master-2","NO NODE","NO","app=sas:NoSchedule;dedicated=uipath:NoSchedule","NO","","0.04","0.09","DaemonSet/machine-config-daemon"
"openshift-machine-config-operator","machine-config-daemon-rch9k","bab-dev-aro-01-zm4qv-worker-swec-02-65kw7","SHARED","NO","app=sas:NoSchedule;dedicated=uipath:NoSchedule","NO","","0.04","0.09","DaemonSet/machine-config-daemon"
"openshift-machine-config-operator","machine-config-daemon-tbsrp","bab-dev-aro-01-zm4qv-worker-swec-03-pdt28","SHARED","NO","app=sas:NoSchedule;dedicated=uipath:NoSchedule","NO","","0.04","0.09","DaemonSet/machine-config-daemon"
"openshift-machine-config-operator","machine-config-daemon-vrnjd","bab-dev-aro-01-zm4qv-master-1","NO NODE","NO","app=sas:NoSchedule;dedicated=uipath:NoSchedule","NO","","0.04","0.09","DaemonSet/machine-config-daemon"
"openshift-machine-config-operator","machine-config-daemon-xmlf9","bab-dev-aro-01-zm4qv-worker-swec-01-h4skf","SHARED","NO","app=sas:NoSchedule;dedicated=uipath:NoSchedule","NO","","0.04","0.09","DaemonSet/machine-config-daemon"
"openshift-machine-config-operator","machine-config-daemon-zx2s4","bab-dev-aro-01-zm4qv-worker-swec-07-48zfr","SHARED","NO","app=sas:NoSchedule;dedicated=uipath:NoSchedule","NO","","0.04","0.09","DaemonSet/machine-config-daemon"
"openshift-machine-config-operator","machine-config-operator-575bdfffc6-xhh5x","bab-dev-aro-01-zm4qv-master-2","NO NODE","NO","app=sas:NoSchedule;dedicated=uipath:NoSchedule","NO","","0.04","0.09","ReplicaSet/machine-config-operator-575bdfffc6"
"openshift-machine-config-operator","machine-config-server-662x8","bab-dev-aro-01-zm4qv-master-0","NO NODE","NO","app=sas:NoSchedule;dedicated=uipath:NoSchedule","NO","","0.02","0.04","DaemonSet/machine-config-server"
"openshift-machine-config-operator","machine-config-server-qz2wk","bab-dev-aro-01-zm4qv-master-1","NO NODE","NO","app=sas:NoSchedule;dedicated=uipath:NoSchedule","NO","","0.02","0.04","DaemonSet/machine-config-server"
"openshift-machine-config-operator","machine-config-server-wnhzt","bab-dev-aro-01-zm4qv-master-2","NO NODE","NO","app=sas:NoSchedule;dedicated=uipath:NoSchedule","NO","","0.02","0.04","DaemonSet/machine-config-server"
"openshift-managed-upgrade-operator","managed-upgrade-operator-89b864594-rlztb","bab-dev-aro-01-zm4qv-master-0","NO NODE","NO","app=sas:NoSchedule;dedicated=uipath:NoSchedule","NO","","0.02","0.09","ReplicaSet/managed-upgrade-operator-89b864594"
"openshift-marketplace","certified-operators-new-nvbj8","bab-dev-aro-01-zm4qv-worker-swec-02-65kw7","SHARED","NO","app=sas:NoSchedule;dedicated=uipath:NoSchedule","NO","","0.01","0.04","CatalogSource/certified-operators-new"
"openshift-marketplace","community-operators-new-sfv6k","bab-dev-aro-01-zm4qv-worker-swec-02-65kw7","SHARED","NO","app=sas:NoSchedule;dedicated=uipath:NoSchedule","NO","","0.01","0.04","CatalogSource/community-operators-new"
"openshift-marketplace","marketplace-operator-5c87d74f6c-vvgpb","bab-dev-aro-01-zm4qv-master-2","NO NODE","NO","app=sas:NoSchedule;dedicated=uipath:NoSchedule","NO","","0.001","0","ReplicaSet/marketplace-operator-5c87d74f6c"
"openshift-marketplace","redhat-marketplace-7f6hc","bab-dev-aro-01-zm4qv-worker-swec-05-rwr4r","SHARED","NO","app=sas:NoSchedule;dedicated=uipath:NoSchedule","NO","","0.01","0.04","CatalogSource/redhat-marketplace"
"openshift-marketplace","redhat-operators-r964q","bab-dev-aro-01-zm4qv-worker-swec-02-65kw7","SHARED","NO","app=sas:NoSchedule;dedicated=uipath:NoSchedule","NO","","0.01","0.04","CatalogSource/redhat-operators"
"openshift-monitoring","alertmanager-main-0","bab-dev-aro-01-zm4qv-worker-swec-01-h4skf","SHARED","NO","app=sas:NoSchedule;dedicated=uipath:NoSchedule","NO","","0.009000000000000001","0.11","StatefulSet/alertmanager-main"
"openshift-monitoring","alertmanager-main-1","bab-dev-aro-01-zm4qv-worker-swec-03-pdt28","SHARED","NO","app=sas:NoSchedule;dedicated=uipath:NoSchedule","NO","","0.009000000000000001","0.11","StatefulSet/alertmanager-main"
"openshift-monitoring","cluster-monitoring-operator-6f68bbf775-2bsqm","bab-dev-aro-01-zm4qv-master-0","NO NODE","NO","app=sas:NoSchedule;dedicated=uipath:NoSchedule","NO","","0.01","0.07","ReplicaSet/cluster-monitoring-operator-6f68bbf775"
"openshift-monitoring","kube-state-metrics-5d5f7556bc-np8lp","bab-dev-aro-01-zm4qv-worker-swec-03-pdt28","SHARED","NO","app=sas:NoSchedule;dedicated=uipath:NoSchedule","NO","","0.004","0.1","ReplicaSet/kube-state-metrics-5d5f7556bc"
"openshift-monitoring","monitoring-plugin-6865b86574-rvjxw","bab-dev-aro-01-zm4qv-worker-swec-05-rwr4r","SHARED","NO","app=sas:NoSchedule;dedicated=uipath:NoSchedule","NO","","0.01","0.04","ReplicaSet/monitoring-plugin-6865b86574"
"openshift-monitoring","monitoring-plugin-6865b86574-v2zhk","bab-dev-aro-01-zm4qv-worker-swec-07-48zfr","SHARED","NO","app=sas:NoSchedule;dedicated=uipath:NoSchedule","NO","","0.01","0.04","ReplicaSet/monitoring-plugin-6865b86574"
"openshift-monitoring","node-exporter-2l5wj","bab-dev-aro-01-zm4qv-master-1","NO NODE","NO","app=sas:NoSchedule;dedicated=uipath:NoSchedule","NO","","0.009000000000000001","0.04","DaemonSet/node-exporter"
"openshift-monitoring","node-exporter-4lmgn","bab-dev-aro-01-zm4qv-worker-swec-11-tqb4f","DEDICATED","YES","app=sas:NoSchedule;dedicated=uipath:NoSchedule","NO","","0.009000000000000001","0.04","DaemonSet/node-exporter"
"openshift-monitoring","node-exporter-6h279","bab-dev-aro-01-zm4qv-master-2","NO NODE","NO","app=sas:NoSchedule;dedicated=uipath:NoSchedule","NO","","0.009000000000000001","0.04","DaemonSet/node-exporter"
"openshift-monitoring","node-exporter-6zrck","bab-dev-aro-01-zm4qv-worker-swec-07-48zfr","SHARED","NO","app=sas:NoSchedule;dedicated=uipath:NoSchedule","NO","","0.009000000000000001","0.04","DaemonSet/node-exporter"
"openshift-monitoring","node-exporter-9jg48","bab-dev-aro-01-zm4qv-worker-swec-02-65kw7","SHARED","NO","app=sas:NoSchedule;dedicated=uipath:NoSchedule","NO","","0.009000000000000001","0.04","DaemonSet/node-exporter"
"openshift-monitoring","node-exporter-b4rl9","bab-dev-aro-01-zm4qv-master-0","NO NODE","NO","app=sas:NoSchedule;dedicated=uipath:NoSchedule","NO","","0.009000000000000001","0.04","DaemonSet/node-exporter"
"openshift-monitoring","node-exporter-b6jr4","bab-dev-aro-01-zm4qv-worker-rpa-swec-01-979xq","DEDICATED","YES","app=sas:NoSchedule;dedicated=uipath:NoSchedule","NO","","0.009000000000000001","0.04","DaemonSet/node-exporter"
"openshift-monitoring","node-exporter-bc8qj","bab-dev-aro-01-zm4qv-worker-swec-05-rwr4r","SHARED","NO","app=sas:NoSchedule;dedicated=uipath:NoSchedule","NO","","0.009000000000000001","0.04","DaemonSet/node-exporter"
"openshift-monitoring","node-exporter-hhchx","bab-dev-aro-01-zm4qv-worker-swec-10-62m4m","DEDICATED","YES","app=sas:NoSchedule;dedicated=uipath:NoSchedule","NO","","0.009000000000000001","0.04","DaemonSet/node-exporter"
"openshift-monitoring","node-exporter-l29vj","bab-dev-aro-01-zm4qv-worker-swec-04-25fmv","SHARED","NO","app=sas:NoSchedule;dedicated=uipath:NoSchedule","NO","","0.009000000000000001","0.04","DaemonSet/node-exporter"
"openshift-monitoring","node-exporter-m27lq","bab-dev-aro-01-zm4qv-worker-swec-01-h4skf","SHARED","NO","app=sas:NoSchedule;dedicated=uipath:NoSchedule","NO","","0.009000000000000001","0.04","DaemonSet/node-exporter"
"openshift-monitoring","node-exporter-n8gdw","bab-dev-aro-01-zm4qv-worker-swec-09-7d9zr","DEDICATED","YES","app=sas:NoSchedule;dedicated=uipath:NoSchedule","NO","","0.009000000000000001","0.04","DaemonSet/node-exporter"
"openshift-monitoring","node-exporter-p975g","bab-dev-aro-01-zm4qv-worker-swec-03-pdt28","SHARED","NO","app=sas:NoSchedule;dedicated=uipath:NoSchedule","NO","","0.009000000000000001","0.04","DaemonSet/node-exporter"
"openshift-monitoring","node-exporter-sf4r8","bab-dev-aro-01-zm4qv-worker-swec-08-9xmrp","SHARED","NO","app=sas:NoSchedule;dedicated=uipath:NoSchedule","NO","","0.009000000000000001","0.04","DaemonSet/node-exporter"
"openshift-monitoring","node-exporter-sgjhz","bab-dev-aro-01-zm4qv-worker-swec-06-qvjx6","SHARED","NO","app=sas:NoSchedule;dedicated=uipath:NoSchedule","NO","","0.009000000000000001","0.04","DaemonSet/node-exporter"
"openshift-monitoring","node-exporter-t6kxn","bab-dev-aro-01-zm4qv-worker-rpa-swec-02-s9mnt","DEDICATED","YES","app=sas:NoSchedule;dedicated=uipath:NoSchedule","NO","","0.009000000000000001","0.04","DaemonSet/node-exporter"
"openshift-monitoring","openshift-state-metrics-7b754dcf96-dwmk4","bab-dev-aro-01-zm4qv-worker-swec-02-65kw7","SHARED","NO","app=sas:NoSchedule;dedicated=uipath:NoSchedule","NO","","0.003","0.07","ReplicaSet/openshift-state-metrics-7b754dcf96"
"openshift-monitoring","prometheus-adapter-84c755f474-d9d8g","bab-dev-aro-01-zm4qv-worker-swec-02-65kw7","SHARED","NO","app=sas:NoSchedule;dedicated=uipath:NoSchedule","NO","","0.001","0.03","ReplicaSet/prometheus-adapter-84c755f474"
"openshift-monitoring","prometheus-adapter-84c755f474-s99hq","bab-dev-aro-01-zm4qv-worker-swec-04-25fmv","SHARED","NO","app=sas:NoSchedule;dedicated=uipath:NoSchedule","NO","","0.001","0.03","ReplicaSet/prometheus-adapter-84c755f474"
"openshift-monitoring","prometheus-k8s-0","bab-dev-aro-01-zm4qv-worker-swec-03-pdt28","SHARED","NO","app=sas:NoSchedule;dedicated=uipath:NoSchedule","NO","","0.07500000000000001","1.07","StatefulSet/prometheus-k8s"
"openshift-monitoring","prometheus-k8s-1","bab-dev-aro-01-zm4qv-worker-swec-07-48zfr","SHARED","NO","app=sas:NoSchedule;dedicated=uipath:NoSchedule","NO","","0.07500000000000001","1.07","StatefulSet/prometheus-k8s"
"openshift-monitoring","prometheus-operator-64c4867485-7k5wn","bab-dev-aro-01-zm4qv-master-0","NO NODE","NO","app=sas:NoSchedule;dedicated=uipath:NoSchedule","NO","","0.006","0.16","ReplicaSet/prometheus-operator-64c4867485"
"openshift-monitoring","prometheus-operator-admission-webhook-77bc54847b-62hpl","bab-dev-aro-01-zm4qv-worker-swec-04-25fmv","SHARED","NO","app=sas:NoSchedule;dedicated=uipath:NoSchedule","NO","","0.005","0.02","ReplicaSet/prometheus-operator-admission-webhook-77bc54847b"
"openshift-monitoring","prometheus-operator-admission-webhook-77bc54847b-gqdrt","bab-dev-aro-01-zm4qv-worker-swec-02-65kw7","SHARED","NO","app=sas:NoSchedule;dedicated=uipath:NoSchedule","NO","","0.005","0.02","ReplicaSet/prometheus-operator-admission-webhook-77bc54847b"
"openshift-monitoring","thanos-querier-7bb95f775-k2hdb","bab-dev-aro-01-zm4qv-worker-swec-08-9xmrp","SHARED","NO","app=sas:NoSchedule;dedicated=uipath:NoSchedule","NO","","0.015000000000000003","0.08","ReplicaSet/thanos-querier-7bb95f775"
"openshift-monitoring","thanos-querier-7bb95f775-m8fw7","bab-dev-aro-01-zm4qv-worker-swec-07-48zfr","SHARED","NO","app=sas:NoSchedule;dedicated=uipath:NoSchedule","NO","","0.015000000000000003","0.08","ReplicaSet/thanos-querier-7bb95f775"
"openshift-mta","mta-keycloak-postgresql-15-7847fdf785-jqjfk","bab-dev-aro-01-zm4qv-worker-swec-06-qvjx6","SHARED","NO","app=sas:NoSchedule;dedicated=uipath:NoSchedule","NO","","0.1","0.34","ReplicaSet/mta-keycloak-postgresql-15-7847fdf785"
"openshift-mta","mta-operator-6f568845f4-cqk45","bab-dev-aro-01-zm4qv-worker-swec-05-rwr4r","SHARED","NO","app=sas:NoSchedule;dedicated=uipath:NoSchedule","NO","","0.01","0.25","ReplicaSet/mta-operator-6f568845f4"
"openshift-mta","mta-ui-6d87b9c459-2qx4p","bab-dev-aro-01-zm4qv-worker-swec-08-9xmrp","SHARED","NO","app=sas:NoSchedule;dedicated=uipath:NoSchedule","NO","","0.1","0.34","ReplicaSet/mta-ui-6d87b9c459"
"openshift-mta","rhsso-operator-6bd84bc57b-k7qht","bab-dev-aro-01-zm4qv-worker-swec-05-rwr4r","SHARED","NO","","NO","","0","0","ReplicaSet/rhsso-operator-6bd84bc57b"
"openshift-multus","multus-2rj95","bab-dev-aro-01-zm4qv-worker-rpa-swec-02-s9mnt","DEDICATED","YES","app=sas:NoSchedule;dedicated=uipath:NoSchedule","NO","","0.01","0.06","DaemonSet/multus"
"openshift-multus","multus-55nzm","bab-dev-aro-01-zm4qv-master-2","NO NODE","NO","app=sas:NoSchedule;dedicated=uipath:NoSchedule","NO","","0.01","0.06","DaemonSet/multus"
"openshift-multus","multus-8sk78","bab-dev-aro-01-zm4qv-worker-swec-03-pdt28","SHARED","NO","app=sas:NoSchedule;dedicated=uipath:NoSchedule","NO","","0.01","0.06","DaemonSet/multus"
"openshift-multus","multus-9kctw","bab-dev-aro-01-zm4qv-master-0","NO NODE","NO","app=sas:NoSchedule;dedicated=uipath:NoSchedule","NO","","0.01","0.06","DaemonSet/multus"
"openshift-multus","multus-additional-cni-plugins-2z84r","bab-dev-aro-01-zm4qv-worker-swec-05-rwr4r","SHARED","NO","app=sas:NoSchedule;dedicated=uipath:NoSchedule","NO","","0.01","0","DaemonSet/multus-additional-cni-plugins"
"openshift-multus","multus-additional-cni-plugins-5rl4w","bab-dev-aro-01-zm4qv-worker-swec-11-tqb4f","DEDICATED","YES","app=sas:NoSchedule;dedicated=uipath:NoSchedule","NO","","0.01","0","DaemonSet/multus-additional-cni-plugins"
"openshift-multus","multus-additional-cni-plugins-7lnjw","bab-dev-aro-01-zm4qv-worker-swec-08-9xmrp","SHARED","NO","app=sas:NoSchedule;dedicated=uipath:NoSchedule","NO","","0.01","0","DaemonSet/multus-additional-cni-plugins"
"openshift-multus","multus-additional-cni-plugins-978w4","bab-dev-aro-01-zm4qv-worker-swec-06-qvjx6","SHARED","NO","app=sas:NoSchedule;dedicated=uipath:NoSchedule","NO","","0.01","0","DaemonSet/multus-additional-cni-plugins"
"openshift-multus","multus-additional-cni-plugins-98sxt","bab-dev-aro-01-zm4qv-master-1","NO NODE","NO","app=sas:NoSchedule;dedicated=uipath:NoSchedule","NO","","0.01","0","DaemonSet/multus-additional-cni-plugins"
"openshift-multus","multus-additional-cni-plugins-bbjp4","bab-dev-aro-01-zm4qv-worker-swec-03-pdt28","SHARED","NO","app=sas:NoSchedule;dedicated=uipath:NoSchedule","NO","","0.01","0","DaemonSet/multus-additional-cni-plugins"
"openshift-multus","multus-additional-cni-plugins-dqbql","bab-dev-aro-01-zm4qv-worker-rpa-swec-02-s9mnt","DEDICATED","YES","app=sas:NoSchedule;dedicated=uipath:NoSchedule","NO","","0.01","0","DaemonSet/multus-additional-cni-plugins"
"openshift-multus","multus-additional-cni-plugins-jzzlz","bab-dev-aro-01-zm4qv-worker-swec-10-62m4m","DEDICATED","YES","app=sas:NoSchedule;dedicated=uipath:NoSchedule","NO","","0.01","0","DaemonSet/multus-additional-cni-plugins"
"openshift-multus","multus-additional-cni-plugins-kccpl","bab-dev-aro-01-zm4qv-worker-swec-02-65kw7","SHARED","NO","app=sas:NoSchedule;dedicated=uipath:NoSchedule","NO","","0.01","0","DaemonSet/multus-additional-cni-plugins"
"openshift-multus","multus-additional-cni-plugins-ld7bs","bab-dev-aro-01-zm4qv-worker-swec-07-48zfr","SHARED","NO","app=sas:NoSchedule;dedicated=uipath:NoSchedule","NO","","0.01","0","DaemonSet/multus-additional-cni-plugins"
"openshift-multus","multus-additional-cni-plugins-lmzn4","bab-dev-aro-01-zm4qv-worker-swec-01-h4skf","SHARED","NO","app=sas:NoSchedule;dedicated=uipath:NoSchedule","NO","","0.01","0","DaemonSet/multus-additional-cni-plugins"
"openshift-multus","multus-additional-cni-plugins-mhc9v","bab-dev-aro-01-zm4qv-master-0","NO NODE","NO","app=sas:NoSchedule;dedicated=uipath:NoSchedule","NO","","0.01","0","DaemonSet/multus-additional-cni-plugins"
"openshift-multus","multus-additional-cni-plugins-pprzj","bab-dev-aro-01-zm4qv-worker-swec-09-7d9zr","DEDICATED","YES","app=sas:NoSchedule;dedicated=uipath:NoSchedule","NO","","0.01","0","DaemonSet/multus-additional-cni-plugins"
"openshift-multus","multus-additional-cni-plugins-qg87r","bab-dev-aro-01-zm4qv-worker-swec-04-25fmv","SHARED","NO","app=sas:NoSchedule;dedicated=uipath:NoSchedule","NO","","0.01","0","DaemonSet/multus-additional-cni-plugins"
"openshift-multus","multus-additional-cni-plugins-rsrh4","bab-dev-aro-01-zm4qv-worker-rpa-swec-01-979xq","DEDICATED","YES","app=sas:NoSchedule;dedicated=uipath:NoSchedule","NO","","0.01","0","DaemonSet/multus-additional-cni-plugins"
"openshift-multus","multus-additional-cni-plugins-x69lq","bab-dev-aro-01-zm4qv-master-2","NO NODE","NO","app=sas:NoSchedule;dedicated=uipath:NoSchedule","NO","","0.01","0","DaemonSet/multus-additional-cni-plugins"
"openshift-multus","multus-admission-controller-5cb5ff674-qz8ts","bab-dev-aro-01-zm4qv-master-2","NO NODE","NO","app=sas:NoSchedule;dedicated=uipath:NoSchedule","NO","","0.02","0.06","ReplicaSet/multus-admission-controller-5cb5ff674"
"openshift-multus","multus-admission-controller-5cb5ff674-vrqqt","bab-dev-aro-01-zm4qv-master-0","NO NODE","NO","app=sas:NoSchedule;dedicated=uipath:NoSchedule","NO","","0.02","0.06","ReplicaSet/multus-admission-controller-5cb5ff674"
"openshift-multus","multus-c274d","bab-dev-aro-01-zm4qv-worker-swec-09-7d9zr","DEDICATED","YES","app=sas:NoSchedule;dedicated=uipath:NoSchedule","NO","","0.01","0.06","DaemonSet/multus"
"openshift-multus","multus-c2kf6","bab-dev-aro-01-zm4qv-worker-swec-02-65kw7","SHARED","NO","app=sas:NoSchedule;dedicated=uipath:NoSchedule","NO","","0.01","0.06","DaemonSet/multus"
"openshift-multus","multus-fl4gl","bab-dev-aro-01-zm4qv-worker-swec-01-h4skf","SHARED","NO","app=sas:NoSchedule;dedicated=uipath:NoSchedule","NO","","0.01","0.06","DaemonSet/multus"
"openshift-multus","multus-htb9r","bab-dev-aro-01-zm4qv-worker-swec-11-tqb4f","DEDICATED","YES","app=sas:NoSchedule;dedicated=uipath:NoSchedule","NO","","0.01","0.06","DaemonSet/multus"
"openshift-multus","multus-q9nmh","bab-dev-aro-01-zm4qv-worker-swec-08-9xmrp","SHARED","NO","app=sas:NoSchedule;dedicated=uipath:NoSchedule","NO","","0.01","0.06","DaemonSet/multus"
"openshift-multus","multus-s77wx","bab-dev-aro-01-zm4qv-master-1","NO NODE","NO","app=sas:NoSchedule;dedicated=uipath:NoSchedule","NO","","0.01","0.06","DaemonSet/multus"
"openshift-multus","multus-s99vg","bab-dev-aro-01-zm4qv-worker-rpa-swec-01-979xq","DEDICATED","YES","app=sas:NoSchedule;dedicated=uipath:NoSchedule","NO","","0.01","0.06","DaemonSet/multus"
"openshift-multus","multus-tptvf","bab-dev-aro-01-zm4qv-worker-swec-06-qvjx6","SHARED","NO","app=sas:NoSchedule;dedicated=uipath:NoSchedule","NO","","0.01","0.06","DaemonSet/multus"
"openshift-multus","multus-v6rgr","bab-dev-aro-01-zm4qv-worker-swec-10-62m4m","DEDICATED","YES","app=sas:NoSchedule;dedicated=uipath:NoSchedule","NO","","0.01","0.06","DaemonSet/multus"
"openshift-multus","multus-x8nkc","bab-dev-aro-01-zm4qv-worker-swec-05-rwr4r","SHARED","NO","app=sas:NoSchedule;dedicated=uipath:NoSchedule","NO","","0.01","0.06","DaemonSet/multus"
"openshift-multus","multus-z7lzx","bab-dev-aro-01-zm4qv-worker-swec-04-25fmv","SHARED","NO","app=sas:NoSchedule;dedicated=uipath:NoSchedule","NO","","0.01","0.06","DaemonSet/multus"
"openshift-multus","multus-zr6mk","bab-dev-aro-01-zm4qv-worker-swec-07-48zfr","SHARED","NO","app=sas:NoSchedule;dedicated=uipath:NoSchedule","NO","","0.01","0.06","DaemonSet/multus"
"openshift-multus","network-metrics-daemon-448jb","bab-dev-aro-01-zm4qv-worker-swec-09-7d9zr","DEDICATED","YES","app=sas:NoSchedule;dedicated=uipath:NoSchedule","NO","","0.02","0.11","DaemonSet/network-metrics-daemon"
"openshift-multus","network-metrics-daemon-4g649","bab-dev-aro-01-zm4qv-master-1","NO NODE","NO","app=sas:NoSchedule;dedicated=uipath:NoSchedule","NO","","0.02","0.11","DaemonSet/network-metrics-daemon"
"openshift-multus","network-metrics-daemon-88zlx","bab-dev-aro-01-zm4qv-worker-swec-02-65kw7","SHARED","NO","app=sas:NoSchedule;dedicated=uipath:NoSchedule","NO","","0.02","0.11","DaemonSet/network-metrics-daemon"
"openshift-multus","network-metrics-daemon-8n5qt","bab-dev-aro-01-zm4qv-worker-swec-04-25fmv","SHARED","NO","app=sas:NoSchedule;dedicated=uipath:NoSchedule","NO","","0.02","0.11","DaemonSet/network-metrics-daemon"
"openshift-multus","network-metrics-daemon-csr2v","bab-dev-aro-01-zm4qv-worker-swec-11-tqb4f","DEDICATED","YES","app=sas:NoSchedule;dedicated=uipath:NoSchedule","NO","","0.02","0.11","DaemonSet/network-metrics-daemon"
"openshift-multus","network-metrics-daemon-f6gvc","bab-dev-aro-01-zm4qv-worker-swec-06-qvjx6","SHARED","NO","app=sas:NoSchedule;dedicated=uipath:NoSchedule","NO","","0.02","0.11","DaemonSet/network-metrics-daemon"
"openshift-multus","network-metrics-daemon-fbkn2","bab-dev-aro-01-zm4qv-worker-rpa-swec-02-s9mnt","DEDICATED","YES","app=sas:NoSchedule;dedicated=uipath:NoSchedule","NO","","0.02","0.11","DaemonSet/network-metrics-daemon"
"openshift-multus","network-metrics-daemon-hfnt4","bab-dev-aro-01-zm4qv-master-2","NO NODE","NO","app=sas:NoSchedule;dedicated=uipath:NoSchedule","NO","","0.02","0.11","DaemonSet/network-metrics-daemon"
"openshift-multus","network-metrics-daemon-l4hqk","bab-dev-aro-01-zm4qv-worker-swec-08-9xmrp","SHARED","NO","app=sas:NoSchedule;dedicated=uipath:NoSchedule","NO","","0.02","0.11","DaemonSet/network-metrics-daemon"
"openshift-multus","network-metrics-daemon-l8rd4","bab-dev-aro-01-zm4qv-worker-swec-05-rwr4r","SHARED","NO","app=sas:NoSchedule;dedicated=uipath:NoSchedule","NO","","0.02","0.11","DaemonSet/network-metrics-daemon"
"openshift-multus","network-metrics-daemon-mzt42","bab-dev-aro-01-zm4qv-worker-rpa-swec-01-979xq","DEDICATED","YES","app=sas:NoSchedule;dedicated=uipath:NoSchedule","NO","","0.02","0.11","DaemonSet/network-metrics-daemon"
"openshift-multus","network-metrics-daemon-nv84q","bab-dev-aro-01-zm4qv-worker-swec-10-62m4m","DEDICATED","YES","app=sas:NoSchedule;dedicated=uipath:NoSchedule","NO","","0.02","0.11","DaemonSet/network-metrics-daemon"
"openshift-multus","network-metrics-daemon-rp787","bab-dev-aro-01-zm4qv-worker-swec-01-h4skf","SHARED","NO","app=sas:NoSchedule;dedicated=uipath:NoSchedule","NO","","0.02","0.11","DaemonSet/network-metrics-daemon"
"openshift-multus","network-metrics-daemon-v27rk","bab-dev-aro-01-zm4qv-worker-swec-07-48zfr","SHARED","NO","app=sas:NoSchedule;dedicated=uipath:NoSchedule","NO","","0.02","0.11","DaemonSet/network-metrics-daemon"
"openshift-multus","network-metrics-daemon-wj5q7","bab-dev-aro-01-zm4qv-master-0","NO NODE","NO","app=sas:NoSchedule;dedicated=uipath:NoSchedule","NO","","0.02","0.11","DaemonSet/network-metrics-daemon"
"openshift-multus","network-metrics-daemon-z8c5g","bab-dev-aro-01-zm4qv-worker-swec-03-pdt28","SHARED","NO","app=sas:NoSchedule;dedicated=uipath:NoSchedule","NO","","0.02","0.11","DaemonSet/network-metrics-daemon"
"openshift-network-diagnostics","network-check-source-7d888447b4-np7kr","bab-dev-aro-01-zm4qv-worker-swec-05-rwr4r","SHARED","NO","app=sas:NoSchedule;dedicated=uipath:NoSchedule","NO","","0.01","0.03","ReplicaSet/network-check-source-7d888447b4"
"openshift-network-diagnostics","network-check-target-8dqlv","bab-dev-aro-01-zm4qv-worker-swec-09-7d9zr","DEDICATED","YES","app=sas:NoSchedule;dedicated=uipath:NoSchedule","NO","","0.01","0.01","DaemonSet/network-check-target"
"openshift-network-diagnostics","network-check-target-9zzf2","bab-dev-aro-01-zm4qv-worker-swec-06-qvjx6","SHARED","NO","app=sas:NoSchedule;dedicated=uipath:NoSchedule","NO","","0.01","0.01","DaemonSet/network-check-target"
"openshift-network-diagnostics","network-check-target-ftx7j","bab-dev-aro-01-zm4qv-worker-swec-08-9xmrp","SHARED","NO","app=sas:NoSchedule;dedicated=uipath:NoSchedule","NO","","0.01","0.01","DaemonSet/network-check-target"
"openshift-network-diagnostics","network-check-target-gkd29","bab-dev-aro-01-zm4qv-worker-rpa-swec-01-979xq","DEDICATED","YES","app=sas:NoSchedule;dedicated=uipath:NoSchedule","NO","","0.01","0.01","DaemonSet/network-check-target"
"openshift-network-diagnostics","network-check-target-gzfz7","bab-dev-aro-01-zm4qv-worker-swec-05-rwr4r","SHARED","NO","app=sas:NoSchedule;dedicated=uipath:NoSchedule","NO","","0.01","0.01","DaemonSet/network-check-target"
"openshift-network-diagnostics","network-check-target-jwmhg","bab-dev-aro-01-zm4qv-worker-swec-04-25fmv","SHARED","NO","app=sas:NoSchedule;dedicated=uipath:NoSchedule","NO","","0.01","0.01","DaemonSet/network-check-target"
"openshift-network-diagnostics","network-check-target-lltxj","bab-dev-aro-01-zm4qv-master-2","NO NODE","NO","app=sas:NoSchedule;dedicated=uipath:NoSchedule","NO","","0.01","0.01","DaemonSet/network-check-target"
"openshift-network-diagnostics","network-check-target-n4s2d","bab-dev-aro-01-zm4qv-master-1","NO NODE","NO","app=sas:NoSchedule;dedicated=uipath:NoSchedule","NO","","0.01","0.01","DaemonSet/network-check-target"
"openshift-network-diagnostics","network-check-target-n87b9","bab-dev-aro-01-zm4qv-worker-swec-10-62m4m","DEDICATED","YES","app=sas:NoSchedule;dedicated=uipath:NoSchedule","NO","","0.01","0.01","DaemonSet/network-check-target"
"openshift-network-diagnostics","network-check-target-q6nm4","bab-dev-aro-01-zm4qv-worker-rpa-swec-02-s9mnt","DEDICATED","YES","app=sas:NoSchedule;dedicated=uipath:NoSchedule","NO","","0.01","0.01","DaemonSet/network-check-target"
"openshift-network-diagnostics","network-check-target-q7fvk","bab-dev-aro-01-zm4qv-worker-swec-02-65kw7","SHARED","NO","app=sas:NoSchedule;dedicated=uipath:NoSchedule","NO","","0.01","0.01","DaemonSet/network-check-target"
"openshift-network-diagnostics","network-check-target-qnhmj","bab-dev-aro-01-zm4qv-master-0","NO NODE","NO","app=sas:NoSchedule;dedicated=uipath:NoSchedule","NO","","0.01","0.01","DaemonSet/network-check-target"
"openshift-network-diagnostics","network-check-target-rl8gx","bab-dev-aro-01-zm4qv-worker-swec-03-pdt28","SHARED","NO","app=sas:NoSchedule;dedicated=uipath:NoSchedule","NO","","0.01","0.01","DaemonSet/network-check-target"
"openshift-network-diagnostics","network-check-target-rtdxt","bab-dev-aro-01-zm4qv-worker-swec-01-h4skf","SHARED","NO","app=sas:NoSchedule;dedicated=uipath:NoSchedule","NO","","0.01","0.01","DaemonSet/network-check-target"
"openshift-network-diagnostics","network-check-target-tzg7m","bab-dev-aro-01-zm4qv-worker-swec-11-tqb4f","DEDICATED","YES","app=sas:NoSchedule;dedicated=uipath:NoSchedule","NO","","0.01","0.01","DaemonSet/network-check-target"
"openshift-network-diagnostics","network-check-target-z24gj","bab-dev-aro-01-zm4qv-worker-swec-07-48zfr","SHARED","NO","app=sas:NoSchedule;dedicated=uipath:NoSchedule","NO","","0.01","0.01","DaemonSet/network-check-target"
"openshift-network-node-identity","network-node-identity-26f8t","bab-dev-aro-01-zm4qv-master-0","NO NODE","NO","app=sas:NoSchedule;dedicated=uipath:NoSchedule","NO","","0.02","0.09","DaemonSet/network-node-identity"
"openshift-network-node-identity","network-node-identity-tpk4b","bab-dev-aro-01-zm4qv-master-1","NO NODE","NO","app=sas:NoSchedule;dedicated=uipath:NoSchedule","NO","","0.02","0.09","DaemonSet/network-node-identity"
"openshift-network-node-identity","network-node-identity-wz4z7","bab-dev-aro-01-zm4qv-master-2","NO NODE","NO","app=sas:NoSchedule;dedicated=uipath:NoSchedule","NO","","0.02","0.09","DaemonSet/network-node-identity"
"openshift-network-operator","network-operator-55cdbbdf9-prlg2","bab-dev-aro-01-zm4qv-master-2","NO NODE","NO","app=sas:NoSchedule;dedicated=uipath:NoSchedule","NO","","0.01","0.04","ReplicaSet/network-operator-55cdbbdf9"
"openshift-oauth-apiserver","apiserver-7c864cfb46-h8xs8","bab-dev-aro-01-zm4qv-master-2","NO NODE","NO","app=sas:NoSchedule;dedicated=uipath:NoSchedule","NO","","0.15","0.19","ReplicaSet/apiserver-7c864cfb46"
"openshift-oauth-apiserver","apiserver-7c864cfb46-k75xz","bab-dev-aro-01-zm4qv-master-0","NO NODE","NO","app=sas:NoSchedule;dedicated=uipath:NoSchedule","NO","","0.15","0.19","ReplicaSet/apiserver-7c864cfb46"
"openshift-oauth-apiserver","apiserver-7c864cfb46-r24w8","bab-dev-aro-01-zm4qv-master-1","NO NODE","NO","app=sas:NoSchedule;dedicated=uipath:NoSchedule","NO","","0.15","0.19","ReplicaSet/apiserver-7c864cfb46"
"openshift-opentelemetry-operator","opentelemetry-operator-controller-manager-67f54d98f4-9rb7x","bab-dev-aro-01-zm4qv-worker-swec-02-65kw7","SHARED","NO","app=sas:NoSchedule;dedicated=uipath:NoSchedule","NO","","0.10500000000000001","0.12","ReplicaSet/opentelemetry-operator-controller-manager-67f54d98f4"
"openshift-operator-lifecycle-manager","catalog-operator-5bc76757b-kltlk","bab-dev-aro-01-zm4qv-master-2","NO NODE","NO","app=sas:NoSchedule;dedicated=uipath:NoSchedule","NO","","0.01","0.07","ReplicaSet/catalog-operator-5bc76757b"
"openshift-operator-lifecycle-manager","olm-operator-5d6488c5f6-xwv58","bab-dev-aro-01-zm4qv-master-2","NO NODE","NO","app=sas:NoSchedule;dedicated=uipath:NoSchedule","NO","","0.01","0.15","ReplicaSet/olm-operator-5d6488c5f6"
"openshift-operator-lifecycle-manager","package-server-manager-58d76848f9-6mcc7","bab-dev-aro-01-zm4qv-master-2","NO NODE","NO","app=sas:NoSchedule;dedicated=uipath:NoSchedule","NO","","0.01","0.04","ReplicaSet/package-server-manager-58d76848f9"
"openshift-operator-lifecycle-manager","packageserver-68545d9998-7ktm9","bab-dev-aro-01-zm4qv-master-1","NO NODE","NO","app=sas:NoSchedule;dedicated=uipath:NoSchedule","NO","","0.01","0.04","ReplicaSet/packageserver-68545d9998"
"openshift-operator-lifecycle-manager","packageserver-68545d9998-ppfvm","bab-dev-aro-01-zm4qv-master-0","NO NODE","NO","app=sas:NoSchedule;dedicated=uipath:NoSchedule","NO","","0.01","0.04","ReplicaSet/packageserver-68545d9998"
"openshift-operators-redhat","loki-operator-controller-manager-b46689fd5-wxhrk","bab-dev-aro-01-zm4qv-worker-swec-02-65kw7","SHARED","NO","","NO","","0","0","ReplicaSet/loki-operator-controller-manager-b46689fd5"
"openshift-operators","amq-broker-controller-manager-765bdf9986-xhw9d","bab-dev-aro-01-zm4qv-worker-swec-08-9xmrp","SHARED","NO","","NO","","0","0","ReplicaSet/amq-broker-controller-manager-765bdf9986"
"openshift-operators","istio-cni-node-v2-6-5lxhk","bab-dev-aro-01-zm4qv-worker-swec-11-tqb4f","DEDICATED","YES","app=sas:NoSchedule;dedicated=uipath:NoSchedule","NO","","0.01","0.09","DaemonSet/istio-cni-node-v2-6"
"openshift-operators","istio-cni-node-v2-6-7l8jz","bab-dev-aro-01-zm4qv-worker-rpa-swec-01-979xq","DEDICATED","YES","app=sas:NoSchedule;dedicated=uipath:NoSchedule","NO","","0.01","0.09","DaemonSet/istio-cni-node-v2-6"
"openshift-operators","istio-cni-node-v2-6-7t7c8","bab-dev-aro-01-zm4qv-worker-swec-06-qvjx6","SHARED","NO","app=sas:NoSchedule;dedicated=uipath:NoSchedule","NO","","0.01","0.09","DaemonSet/istio-cni-node-v2-6"
"openshift-operators","istio-cni-node-v2-6-8bsvq","bab-dev-aro-01-zm4qv-worker-swec-07-48zfr","SHARED","NO","app=sas:NoSchedule;dedicated=uipath:NoSchedule","NO","","0.01","0.09","DaemonSet/istio-cni-node-v2-6"
"openshift-operators","istio-cni-node-v2-6-94sqk","bab-dev-aro-01-zm4qv-worker-swec-03-pdt28","SHARED","NO","app=sas:NoSchedule;dedicated=uipath:NoSchedule","NO","","0.01","0.09","DaemonSet/istio-cni-node-v2-6"
"openshift-operators","istio-cni-node-v2-6-97jrw","bab-dev-aro-01-zm4qv-worker-swec-05-rwr4r","SHARED","NO","app=sas:NoSchedule;dedicated=uipath:NoSchedule","NO","","0.01","0.09","DaemonSet/istio-cni-node-v2-6"
"openshift-operators","istio-cni-node-v2-6-ddv8z","bab-dev-aro-01-zm4qv-worker-swec-10-62m4m","DEDICATED","YES","app=sas:NoSchedule;dedicated=uipath:NoSchedule","NO","","0.01","0.09","DaemonSet/istio-cni-node-v2-6"
"openshift-operators","istio-cni-node-v2-6-jp4jr","bab-dev-aro-01-zm4qv-master-0","NO NODE","NO","app=sas:NoSchedule;dedicated=uipath:NoSchedule","NO","","0.01","0.09","DaemonSet/istio-cni-node-v2-6"
"openshift-operators","istio-cni-node-v2-6-k2hwc","bab-dev-aro-01-zm4qv-worker-swec-04-25fmv","SHARED","NO","app=sas:NoSchedule;dedicated=uipath:NoSchedule","NO","","0.01","0.09","DaemonSet/istio-cni-node-v2-6"
"openshift-operators","istio-cni-node-v2-6-r2flp","bab-dev-aro-01-zm4qv-worker-swec-08-9xmrp","SHARED","NO","app=sas:NoSchedule;dedicated=uipath:NoSchedule","NO","","0.01","0.09","DaemonSet/istio-cni-node-v2-6"
"openshift-operators","istio-cni-node-v2-6-r9ddv","bab-dev-aro-01-zm4qv-worker-swec-01-h4skf","SHARED","NO","app=sas:NoSchedule;dedicated=uipath:NoSchedule","NO","","0.01","0.09","DaemonSet/istio-cni-node-v2-6"
"openshift-operators","istio-cni-node-v2-6-sbwps","bab-dev-aro-01-zm4qv-master-2","NO NODE","NO","app=sas:NoSchedule;dedicated=uipath:NoSchedule","NO","","0.01","0.09","DaemonSet/istio-cni-node-v2-6"
"openshift-operators","istio-cni-node-v2-6-v4cpq","bab-dev-aro-01-zm4qv-worker-rpa-swec-02-s9mnt","DEDICATED","YES","app=sas:NoSchedule;dedicated=uipath:NoSchedule","NO","","0.01","0.09","DaemonSet/istio-cni-node-v2-6"
"openshift-operators","istio-cni-node-v2-6-wrqg7","bab-dev-aro-01-zm4qv-worker-swec-02-65kw7","SHARED","NO","app=sas:NoSchedule;dedicated=uipath:NoSchedule","NO","","0.01","0.09","DaemonSet/istio-cni-node-v2-6"
"openshift-operators","istio-cni-node-v2-6-xj4js","bab-dev-aro-01-zm4qv-worker-swec-09-7d9zr","DEDICATED","YES","app=sas:NoSchedule;dedicated=uipath:NoSchedule","NO","","0.01","0.09","DaemonSet/istio-cni-node-v2-6"
"openshift-operators","istio-cni-node-v2-6-zxvqm","bab-dev-aro-01-zm4qv-master-1","NO NODE","NO","app=sas:NoSchedule;dedicated=uipath:NoSchedule","NO","","0.01","0.09","DaemonSet/istio-cni-node-v2-6"
"openshift-operators","istio-operator-6c4457bd4d-rvzlw","bab-dev-aro-01-zm4qv-worker-swec-05-rwr4r","SHARED","NO","","NO","","0","0","ReplicaSet/istio-operator-6c4457bd4d"
"openshift-ovn-kubernetes","ovnkube-control-plane-dc7868d7f-grqh9","bab-dev-aro-01-zm4qv-master-2","NO NODE","NO","app=sas:NoSchedule;dedicated=uipath:NoSchedule","NO","","0.02","0.31","ReplicaSet/ovnkube-control-plane-dc7868d7f"
"openshift-ovn-kubernetes","ovnkube-control-plane-dc7868d7f-klbf5","bab-dev-aro-01-zm4qv-master-0","NO NODE","NO","app=sas:NoSchedule;dedicated=uipath:NoSchedule","NO","","0.02","0.31","ReplicaSet/ovnkube-control-plane-dc7868d7f"
"openshift-ovn-kubernetes","ovnkube-node-2fqvj","bab-dev-aro-01-zm4qv-worker-swec-07-48zfr","SHARED","NO","app=sas:NoSchedule;dedicated=uipath:NoSchedule","NO","","0.085","1.61","DaemonSet/ovnkube-node"
"openshift-ovn-kubernetes","ovnkube-node-2zbws","bab-dev-aro-01-zm4qv-master-0","NO NODE","NO","app=sas:NoSchedule;dedicated=uipath:NoSchedule","NO","","0.085","1.61","DaemonSet/ovnkube-node"
"openshift-ovn-kubernetes","ovnkube-node-6n4df","bab-dev-aro-01-zm4qv-worker-swec-09-7d9zr","DEDICATED","YES","app=sas:NoSchedule;dedicated=uipath:NoSchedule","NO","","0.085","1.61","DaemonSet/ovnkube-node"
"openshift-ovn-kubernetes","ovnkube-node-8z88m","bab-dev-aro-01-zm4qv-worker-swec-10-62m4m","DEDICATED","YES","app=sas:NoSchedule;dedicated=uipath:NoSchedule","NO","","0.085","1.61","DaemonSet/ovnkube-node"
"openshift-ovn-kubernetes","ovnkube-node-c476n","bab-dev-aro-01-zm4qv-master-2","NO NODE","NO","app=sas:NoSchedule;dedicated=uipath:NoSchedule","NO","","0.085","1.61","DaemonSet/ovnkube-node"
"openshift-ovn-kubernetes","ovnkube-node-clp5w","bab-dev-aro-01-zm4qv-worker-rpa-swec-02-s9mnt","DEDICATED","YES","app=sas:NoSchedule;dedicated=uipath:NoSchedule","NO","","0.085","1.61","DaemonSet/ovnkube-node"
"openshift-ovn-kubernetes","ovnkube-node-gfxnn","bab-dev-aro-01-zm4qv-worker-rpa-swec-01-979xq","DEDICATED","YES","app=sas:NoSchedule;dedicated=uipath:NoSchedule","NO","","0.085","1.61","DaemonSet/ovnkube-node"
"openshift-ovn-kubernetes","ovnkube-node-qf5lv","bab-dev-aro-01-zm4qv-worker-swec-04-25fmv","SHARED","NO","app=sas:NoSchedule;dedicated=uipath:NoSchedule","NO","","0.085","1.61","DaemonSet/ovnkube-node"
"openshift-ovn-kubernetes","ovnkube-node-qhvrn","bab-dev-aro-01-zm4qv-worker-swec-11-tqb4f","DEDICATED","YES","app=sas:NoSchedule;dedicated=uipath:NoSchedule","NO","","0.085","1.61","DaemonSet/ovnkube-node"
"openshift-ovn-kubernetes","ovnkube-node-qvrc9","bab-dev-aro-01-zm4qv-master-1","NO NODE","NO","app=sas:NoSchedule;dedicated=uipath:NoSchedule","NO","","0.085","1.61","DaemonSet/ovnkube-node"
"openshift-ovn-kubernetes","ovnkube-node-rqztg","bab-dev-aro-01-zm4qv-worker-swec-01-h4skf","SHARED","NO","app=sas:NoSchedule;dedicated=uipath:NoSchedule","NO","","0.085","1.61","DaemonSet/ovnkube-node"
"openshift-ovn-kubernetes","ovnkube-node-sv5tm","bab-dev-aro-01-zm4qv-worker-swec-08-9xmrp","SHARED","NO","app=sas:NoSchedule;dedicated=uipath:NoSchedule","NO","","0.085","1.61","DaemonSet/ovnkube-node"
"openshift-ovn-kubernetes","ovnkube-node-vvc4l","bab-dev-aro-01-zm4qv-worker-swec-06-qvjx6","SHARED","NO","app=sas:NoSchedule;dedicated=uipath:NoSchedule","NO","","0.085","1.61","DaemonSet/ovnkube-node"
"openshift-ovn-kubernetes","ovnkube-node-w4ss6","bab-dev-aro-01-zm4qv-worker-swec-05-rwr4r","SHARED","NO","app=sas:NoSchedule;dedicated=uipath:NoSchedule","NO","","0.085","1.61","DaemonSet/ovnkube-node"
"openshift-ovn-kubernetes","ovnkube-node-wxdhl","bab-dev-aro-01-zm4qv-worker-swec-02-65kw7","SHARED","NO","app=sas:NoSchedule;dedicated=uipath:NoSchedule","NO","","0.085","1.61","DaemonSet/ovnkube-node"
"openshift-ovn-kubernetes","ovnkube-node-xrhkt","bab-dev-aro-01-zm4qv-worker-swec-03-pdt28","SHARED","NO","app=sas:NoSchedule;dedicated=uipath:NoSchedule","NO","","0.085","1.61","DaemonSet/ovnkube-node"
"openshift-route-controller-manager","route-controller-manager-55548c87df-9dd2z","bab-dev-aro-01-zm4qv-master-0","NO NODE","NO","app=sas:NoSchedule;dedicated=uipath:NoSchedule","NO","","0.1","0.09","ReplicaSet/route-controller-manager-55548c87df"
"openshift-route-controller-manager","route-controller-manager-55548c87df-9scdz","bab-dev-aro-01-zm4qv-master-2","NO NODE","NO","app=sas:NoSchedule;dedicated=uipath:NoSchedule","NO","","0.1","0.09","ReplicaSet/route-controller-manager-55548c87df"
"openshift-route-controller-manager","route-controller-manager-55548c87df-n6dkm","bab-dev-aro-01-zm4qv-master-1","NO NODE","NO","app=sas:NoSchedule;dedicated=uipath:NoSchedule","NO","","0.1","0.09","ReplicaSet/route-controller-manager-55548c87df"
"openshift-service-ca-operator","service-ca-operator-cfb65db99-k6d5m","bab-dev-aro-01-zm4qv-master-0","NO NODE","NO","app=sas:NoSchedule;dedicated=uipath:NoSchedule","NO","","0.01","0.07","ReplicaSet/service-ca-operator-cfb65db99"
"openshift-service-ca","service-ca-789cc68dff-cdpmn","bab-dev-aro-01-zm4qv-master-1","NO NODE","NO","app=sas:NoSchedule;dedicated=uipath:NoSchedule","NO","","0.01","0.11","ReplicaSet/service-ca-789cc68dff"
"openshift-tempo-operator","tempo-operator-controller-999b66b69-pkg88","bab-dev-aro-01-zm4qv-worker-swec-02-65kw7","SHARED","NO","app=sas:NoSchedule;dedicated=uipath:NoSchedule","NO","","0.1","0.06","ReplicaSet/tempo-operator-controller-999b66b69"
"openshift-user-workload-monitoring","prometheus-operator-6688449845-qpmj5","bab-dev-aro-01-zm4qv-master-2","NO NODE","NO","app=sas:NoSchedule;dedicated=uipath:NoSchedule","NO","","0.002","0.02","ReplicaSet/prometheus-operator-6688449845"
"openshift-user-workload-monitoring","prometheus-user-workload-0","bab-dev-aro-01-zm4qv-worker-swec-04-25fmv","SHARED","NO","app=sas:NoSchedule;dedicated=uipath:NoSchedule","NO","","0.20500000000000002","2.05","StatefulSet/prometheus-user-workload"
"openshift-user-workload-monitoring","prometheus-user-workload-1","bab-dev-aro-01-zm4qv-worker-swec-08-9xmrp","SHARED","NO","app=sas:NoSchedule;dedicated=uipath:NoSchedule","NO","","0.20500000000000002","2.05","StatefulSet/prometheus-user-workload"
"openshift-user-workload-monitoring","thanos-ruler-user-workload-0","bab-dev-aro-01-zm4qv-worker-swec-01-h4skf","SHARED","NO","app=sas:NoSchedule;dedicated=uipath:NoSchedule","NO","","0.004","0.05","StatefulSet/thanos-ruler-user-workload"
"openshift-user-workload-monitoring","thanos-ruler-user-workload-1","bab-dev-aro-01-zm4qv-worker-swec-02-65kw7","SHARED","NO","app=sas:NoSchedule;dedicated=uipath:NoSchedule","NO","","0.004","0.05","StatefulSet/thanos-ruler-user-workload"
"projectsha","web-app-86b5ccb5cd-cvll6","bab-dev-aro-01-zm4qv-worker-swec-01-h4skf","SHARED","NO","","NO","","0","0","ReplicaSet/web-app-86b5ccb5cd"
"projectsha","web-app-86b5ccb5cd-sbkhm","bab-dev-aro-01-zm4qv-worker-swec-05-rwr4r","SHARED","NO","","NO","","0","0","ReplicaSet/web-app-86b5ccb5cd"
"q-test","bab-startup-service-dd7947fd7-h52rw","bab-dev-aro-01-zm4qv-worker-swec-01-h4skf","SHARED","NO","","NO","","0","0","ReplicaSet/bab-startup-service-dd7947fd7"
"rhacs-operator","rhacs-operator-controller-manager-6f7cb6dd5d-jc7fl","bab-dev-aro-01-zm4qv-worker-swec-01-h4skf","SHARED","NO","app=sas:NoSchedule;dedicated=uipath:NoSchedule","NO","","0.1","0.19","ReplicaSet/rhacs-operator-controller-manager-6f7cb6dd5d"
"rmbdev","kony-fabric-apiportal-5d7b7f8577-hhbpq","bab-dev-aro-01-zm4qv-worker-swec-02-65kw7","SHARED","NO","app=sas:NoSchedule;dedicated=uipath:NoSchedule","NO","","0.2","0.93","ReplicaSet/kony-fabric-apiportal-5d7b7f8577"
"rmbdev","kony-fabric-identity-6b685f579f-29hgf","bab-dev-aro-01-zm4qv-worker-swec-06-qvjx6","SHARED","NO","app=sas:NoSchedule;dedicated=uipath:NoSchedule","NO","","0.2","0.93","ReplicaSet/kony-fabric-identity-6b685f579f"
"rmbdev","kony-fabric-identity-79bd665c84-57fdm","bab-dev-aro-01-zm4qv-worker-swec-08-9xmrp","SHARED","NO","app=sas:NoSchedule;dedicated=uipath:NoSchedule","NO","","0.2","0.27","ReplicaSet/kony-fabric-identity-79bd665c84"
"rmbdev","kony-fabric-identity-79bd665c84-zzslv","bab-dev-aro-01-zm4qv-worker-swec-04-25fmv","SHARED","NO","app=sas:NoSchedule;dedicated=uipath:NoSchedule","NO","","0.2","0.27","ReplicaSet/kony-fabric-identity-79bd665c84"
"uipath-argocd","argocd-application-controller-0","bab-dev-aro-01-zm4qv-worker-swec-08-9xmrp","SHARED","NO","app=sas:NoSchedule;dedicated=uipath:NoSchedule","NO","","0.25","3","StatefulSet/argocd-application-controller"
"uipath-argocd","argocd-dex-server-7bb84465d4-67rzw","bab-dev-aro-01-zm4qv-worker-swec-08-9xmrp","SHARED","NO","app=sas:NoSchedule;dedicated=uipath:NoSchedule","NO","","0.25","0.12","ReplicaSet/argocd-dex-server-7bb84465d4"
"uipath-argocd","argocd-redis-5c6bd8786d-77kqj","bab-dev-aro-01-zm4qv-worker-swec-02-65kw7","SHARED","NO","app=sas:NoSchedule;dedicated=uipath:NoSchedule","NO","","0.25","0.12","ReplicaSet/argocd-redis-5c6bd8786d"
"uipath-argocd","argocd-repo-server-779b4fd67-fzfx6","bab-dev-aro-01-zm4qv-worker-swec-08-9xmrp","SHARED","NO","app=sas:NoSchedule;dedicated=uipath:NoSchedule","NO","","0.25","0.25","ReplicaSet/argocd-repo-server-779b4fd67"
"uipath-argocd","argocd-server-544d5ffcb-76ljx","bab-dev-aro-01-zm4qv-worker-swec-02-65kw7","SHARED","NO","app=sas:NoSchedule;dedicated=uipath:NoSchedule","NO","","0.125","0.17","ReplicaSet/argocd-server-544d5ffcb"
