ExistingLogicApp,ExistingLogicAppId,ExistingState,Environment,ResourceType,TriggerName,Frequency,Interval,StartHHMM,TimeZone,VmName,VmResourceId,VmSubscriptionId,VmResourceGroup,VmLocation,DetectedPattern,Role,ProposedLogicApp,GroupKey,Status
ststv2_MUB-dev_vms_Scheduled_start,/subscriptions/d88f0b5b-6660-4607-8c6a-395820400912/resourceGroups/bab-core-auto-weeu-rg-01/providers/Microsoft.Logic/workflows/ststv2_MUB-dev_vms_Scheduled_start,Enabled,dev,mub,Recurrence,Week,1,700,Arab Standard Time,DAMUBDBORDWV2,/subscriptions/43cc4f11-ffb1-4a0d-8420-0ba3746b4248/resourceGroups/bab-dev-mub-swec-rg-01/providers/Microsoft.Compute/virtualMachines/DAMUBDBORDWV2,43cc4f11-ffb1-4a0d-8420-0ba3746b4248,bab-dev-mub-swec-rg-01,swedencentral,Ap,appweb,bab-dev-mub-appweb-start-01,,Ready
bab_pbi_sit_vms_Scheduled_db,/subscriptions/d88f0b5b-6660-4607-8c6a-395820400912/resourceGroups/bab-core-auto-weeu-rg-01/providers/Microsoft.Logic/workflows/bab_pbi_sit_vms_Scheduled_db,Enabled,sit,pbi,ScheduledStartTriggers,Week,1,750,Arab Standard Time,DAPPIDBSWV1,/subscriptions/e48414cd-f96d-4414-ae9e-da7fec844f77/resourceGroups/bab-sit-pbi-swec-rg-01/providers/Microsoft.Compute/virtualMachines/DAPPIDBSWV1,e48414cd-f96d-4414-ae9e-da7fec844f77,bab-sit-pbi-swec-rg-01,swedencentral,DB,DB,bab-sit-pbi-db-start-01,e48414cd-f96d-4414-ae9e-da7fec844f77|bab-sit-pbi-swec-rg-01|sit|pbi|db|0750,Ready
ststv2_DAADOAGAPPDWV01_Scheduled_start,/subscriptions/d88f0b5b-6660-4607-8c6a-395820400912/resourceGroups/bab-core-auto-weeu-rg-01/providers/Microsoft.Logic/workflows/ststv2_DAADOAGAPPDWV01_Scheduled_start,Enabled,core,ado-cloudops,Recurrence,Week,1,800,Arab Standard Time,DAADOAGAPPDWV01,/subscriptions/d88f0b5b-6660-4607-8c6a-395820400912/resourceGroups/bab-core-ado-cloudops-swec-rg-01/providers/Microsoft.Compute/virtualMachines/DAADOAGAPPDWV01,d88f0b5b-6660-4607-8c6a-395820400912,bab-core-ado-cloudops-swec-rg-01,swedencentral,AP,appweb,bab-core-ado-cloudops-appweb-start-01,d88f0b5b-6660-4607-8c6a-395820400912|bab-core-ado-cloudops-swec-rg-01|core|ado-cloudops|appweb|0800,Ready
ststv2_rmb-core_vms_Scheduled_start,/subscriptions/d88f0b5b-6660-4607-8c6a-395820400912/resourceGroups/bab-core-auto-weeu-rg-01/providers/Microsoft.Logic/workflows/ststv2_rmb-core_vms_Scheduled_start,Disabled,core,ado-rmb,Recurrence,Week,1,800,Arab Standard Time,DARMBDOPLDLV1,/subscriptions/d88f0b5b-6660-4607-8c6a-395820400912/resourceGroups/bab-core-ado-rmb-swec-rg-01/providers/Microsoft.Compute/virtualMachines/DARMBDOPLDLV1,d88f0b5b-6660-4607-8c6a-395820400912,bab-core-ado-rmb-swec-rg-01,swedencentral,,appweb,bab-core-ado-rmb-appweb-start-01,d88f0b5b-6660-4607-8c6a-395820400912|bab-core-ado-rmb-swec-rg-01|core|ado-rmb|unknown|0800,Ready
ststv2_rmb-core_vms_Scheduled_start,/subscriptions/d88f0b5b-6660-4607-8c6a-395820400912/resourceGroups/bab-core-auto-weeu-rg-01/providers/Microsoft.Logic/workflows/ststv2_rmb-core_vms_Scheduled_start,Disabled,core,ado-rmb,Recurrence,Week,1,800,Arab Standard Time,DARMBDOPLDLV2,/subscriptions/d88f0b5b-6660-4607-8c6a-395820400912/resourceGroups/bab-core-ado-rmb-swec-rg-01/providers/Microsoft.Compute/virtualMachines/DARMBDOPLDLV2,d88f0b5b-6660-4607-8c6a-395820400912,bab-core-ado-rmb-swec-rg-01,swedencentral,,appweb,bab-core-ado-rmb-appweb-start-01,d88f0b5b-6660-4607-8c6a-395820400912|bab-core-ado-rmb-swec-rg-01|core|ado-rmb|unknown|0800,Ready
ststv2_rmb-core_vms_Scheduled_start,/subscriptions/d88f0b5b-6660-4607-8c6a-395820400912/resourceGroups/bab-core-auto-weeu-rg-01/providers/Microsoft.Logic/workflows/ststv2_rmb-core_vms_Scheduled_start,Disabled,core,ado-rmb,Recurrence,Week,1,800,Arab Standard Time,DARMBDOPLDLV3,/subscriptions/d88f0b5b-6660-4607-8c6a-395820400912/resourceGroups/bab-core-ado-rmb-swec-rg-01/providers/Microsoft.Compute/virtualMachines/DARMBDOPLDLV3,d88f0b5b-6660-4607-8c6a-395820400912,bab-core-ado-rmb-swec-rg-01,swedencentral,,appweb,bab-core-ado-rmb-appweb-start-01,d88f0b5b-6660-4607-8c6a-395820400912|bab-core-ado-rmb-swec-rg-01|core|ado-rmb|unknown|0800,Ready
ststv2_pki_vms_Scheduled_start,/subscriptions/d88f0b5b-6660-4607-8c6a-395820400912/resourceGroups/bab-core-auto-weeu-rg-01/providers/Microsoft.Logic/workflows/ststv2_pki_vms_Scheduled_start,Enabled,core,pki,Recurrence,Week,1,800,Arab Standard Time,DAPKIAPINCWV1,/subscriptions/d88f0b5b-6660-4607-8c6a-395820400912/resourceGroups/bab-core-pki-swec-rg-01/providers/Microsoft.Compute/virtualMachines/DAPKIAPINCWV1,d88f0b5b-6660-4607-8c6a-395820400912,bab-core-pki-swec-rg-01,swedencentral,AP,appweb,bab-core-pki-appweb-start-01,d88f0b5b-6660-4607-8c6a-395820400912|bab-core-pki-swec-rg-01|core|pki|appweb|0800,Ready
ststv2_pki_vms_Scheduled_start,/subscriptions/d88f0b5b-6660-4607-8c6a-395820400912/resourceGroups/bab-core-auto-weeu-rg-01/providers/Microsoft.Logic/workflows/ststv2_pki_vms_Scheduled_start,Enabled,core,pki,Recurrence,Week,1,800,Arab Standard Time,DAPKIAPISCWV1,/subscriptions/d88f0b5b-6660-4607-8c6a-395820400912/resourceGroups/bab-core-pki-swec-rg-01/providers/Microsoft.Compute/virtualMachines/DAPKIAPISCWV1,d88f0b5b-6660-4607-8c6a-395820400912,bab-core-pki-swec-rg-01,swedencentral,AP,appweb,bab-core-pki-appweb-start-01,d88f0b5b-6660-4607-8c6a-395820400912|bab-core-pki-swec-rg-01|core|pki|appweb|0800,Ready
enj-amk_db_dev_vms_Scheduled_start,/subscriptions/d88f0b5b-6660-4607-8c6a-395820400912/resourceGroups/bab-core-auto-weeu-rg-01/providers/Microsoft.Logic/workflows/enj-amk_db_dev_vms_Scheduled_start,Enabled,dev,amk,Recurrence,Week,1,745,Arab Standard Time,DAAMKDBDLV01,/subscriptions/44b5560d-2b39-4960-8c57-3447afb62f66/resourceGroups/enj-dev-amk-swec-rg-01/providers/Microsoft.Compute/virtualMachines/DAAMKDBDLV01,44b5560d-2b39-4960-8c57-3447afb62f66,enj-dev-amk-swec-rg-01,uaenorth,DB,db,bab-dev-amk-db-start-01,44b5560d-2b39-4960-8c57-3447afb62f66|enj-dev-amk-swec-rg-01|dev|amk|db|0745,Ready
bab-dev-aptra-appweb-start-01,/subscriptions/d88f0b5b-6660-4607-8c6a-395820400912/resourceGroups/bab-core-auto-weeu-rg-01/providers/Microsoft.Logic/workflows/bab-dev-aptra-appweb-start-01,Enabled,dev,aptra,ScheduledStartTriggers,Week,1,800,Arab Standard Time,DANCRAPXXDWV1,/subscriptions/43cc4f11-ffb1-4a0d-8420-0ba3746b4248/resourceGroups/bab-dev-aptra-swec-rg-01/providers/Microsoft.Compute/virtualMachines/DANCRAPXXDWV1,43cc4f11-ffb1-4a0d-8420-0ba3746b4248,bab-dev-aptra-swec-rg-01,swedencentral,AP,appweb,bab-dev-aptra-appweb-start-01,43cc4f11-ffb1-4a0d-8420-0ba3746b4248|bab-dev-aptra-swec-rg-01|dev|aptra|appweb|0800,Ready
bab-dev-devops-appweb-start-01,/subscriptions/d88f0b5b-6660-4607-8c6a-395820400912/resourceGroups/bab-core-auto-weeu-rg-01/providers/Microsoft.Logic/workflows/bab-dev-devops-appweb-start-01,Enabled,dev,baas,ScheduledStartTriggers,Week,1,630,Arab Standard Time,DABASAPKADLV01,/subscriptions/43cc4f11-ffb1-4a0d-8420-0ba3746b4248/resourceGroups/BAB-DEV-BAAS-SWEC-RG-01/providers/Microsoft.Compute/virtualMachines/DABASAPKADLV01,43cc4f11-ffb1-4a0d-8420-0ba3746b4248,BAB-DEV-BAAS-SWEC-RG-01,swedencentral,AP,appweb,bab-dev-baas-appweb-start-01,43cc4f11-ffb1-4a0d-8420-0ba3746b4248|BAB-DEV-BAAS-SWEC-RG-01|dev|baas|appweb|0630,Ready
bab-dev-devops-appweb-start-01,/subscriptions/d88f0b5b-6660-4607-8c6a-395820400912/resourceGroups/bab-core-auto-weeu-rg-01/providers/Microsoft.Logic/workflows/bab-dev-devops-appweb-start-01,Enabled,dev,baas,ScheduledStartTriggers,Week,1,630,Arab Standard Time,DABASAPKADLV02,/subscriptions/43cc4f11-ffb1-4a0d-8420-0ba3746b4248/resourceGroups/BAB-DEV-BAAS-SWEC-RG-01/providers/Microsoft.Compute/virtualMachines/DABASAPKADLV02,43cc4f11-ffb1-4a0d-8420-0ba3746b4248,BAB-DEV-BAAS-SWEC-RG-01,swedencentral,AP,appweb,bab-dev-baas-appweb-start-01,43cc4f11-ffb1-4a0d-8420-0ba3746b4248|BAB-DEV-BAAS-SWEC-RG-01|dev|baas|appweb|0630,Ready
bab-dev-devops-appweb-start-01,/subscriptions/d88f0b5b-6660-4607-8c6a-395820400912/resourceGroups/bab-core-auto-weeu-rg-01/providers/Microsoft.Logic/workflows/bab-dev-devops-appweb-start-01,Enabled,dev,baas,ScheduledStartTriggers,Week,1,630,Arab Standard Time,DABASAPKADLV03,/subscriptions/43cc4f11-ffb1-4a0d-8420-0ba3746b4248/resourceGroups/BAB-DEV-BAAS-SWEC-RG-01/providers/Microsoft.Compute/virtualMachines/DABASAPKADLV03,43cc4f11-ffb1-4a0d-8420-0ba3746b4248,BAB-DEV-BAAS-SWEC-RG-01,swedencentral,AP,appweb,bab-dev-baas-appweb-start-01,43cc4f11-ffb1-4a0d-8420-0ba3746b4248|BAB-DEV-BAAS-SWEC-RG-01|dev|baas|appweb|0630,Ready
bab-dev-baas-db-start-01,/subscriptions/d88f0b5b-6660-4607-8c6a-395820400912/resourceGroups/bab-core-auto-weeu-rg-01/providers/Microsoft.Logic/workflows/bab-dev-baas-db-start-01,Enabled,dev,baas,ScheduledStartTriggers,Week,1,615,Arab Standard Time,DABASDBRDDLV01,/subscriptions/43cc4f11-ffb1-4a0d-8420-0ba3746b4248/resourceGroups/BAB-DEV-BAAS-SWEC-RG-01/providers/Microsoft.Compute/virtualMachines/DABASDBRDDLV01,43cc4f11-ffb1-4a0d-8420-0ba3746b4248,BAB-DEV-BAAS-SWEC-RG-01,swedencentral,DB,db,bab-dev-baas-db-start-01,43cc4f11-ffb1-4a0d-8420-0ba3746b4248|BAB-DEV-BAAS-SWEC-RG-01|dev|baas|db|0615,Ready
bab-dev-bds-appweb-start-01,/subscriptions/d88f0b5b-6660-4607-8c6a-395820400912/resourceGroups/bab-core-auto-weeu-rg-01/providers/Microsoft.Logic/workflows/bab-dev-bds-appweb-start-01,Enabled,dev,bds,ScheduledStartTriggers,Week,1,800,Arab Standard Time,DABDMAPWBDWV1,/subscriptions/43cc4f11-ffb1-4a0d-8420-0ba3746b4248/resourceGroups/bab-dev-bds-swec-rg-01/providers/Microsoft.Compute/virtualMachines/DABDMAPWBDWV1,43cc4f11-ffb1-4a0d-8420-0ba3746b4248,bab-dev-bds-swec-rg-01,swedencentral,APWB,appweb,bab-dev-bds-appweb-start-01,43cc4f11-ffb1-4a0d-8420-0ba3746b4248|bab-dev-bds-swec-rg-01|dev|bds|appweb|0800,Ready
bab-dev-bds-db-start-01,/subscriptions/d88f0b5b-6660-4607-8c6a-395820400912/resourceGroups/bab-core-auto-weeu-rg-01/providers/Microsoft.Logic/workflows/bab-dev-bds-db-start-01,Enabled,dev,bds,ScheduledStartTriggers,Week,1,750,Arab Standard Time,DABDMDBSQDWV1,/subscriptions/43cc4f11-ffb1-4a0d-8420-0ba3746b4248/resourceGroups/bab-dev-bds-swec-rg-01/providers/Microsoft.Compute/virtualMachines/DABDMDBSQDWV1,43cc4f11-ffb1-4a0d-8420-0ba3746b4248,bab-dev-bds-swec-rg-01,swedencentral,DB,db,bab-dev-bds-db-start-01,43cc4f11-ffb1-4a0d-8420-0ba3746b4248|bab-dev-bds-swec-rg-01|dev|bds|db|0750,Ready
bab_bo_dev_appsweb_scheduled_start,/subscriptions/d88f0b5b-6660-4607-8c6a-395820400912/resourceGroups/bab-core-auto-weeu-rg-01/providers/Microsoft.Logic/workflows/bab_bo_dev_appsweb_scheduled_start,Enabled,dev,bo,ScheduledStartTriggers,Week,1,800,Arab Standard Time,DABORAPXXDWV1,/subscriptions/43cc4f11-ffb1-4a0d-8420-0ba3746b4248/resourceGroups/BAB-DEV-BO-SWEC-RG-01/providers/Microsoft.Compute/virtualMachines/DABORAPXXDWV1,43cc4f11-ffb1-4a0d-8420-0ba3746b4248,BAB-DEV-BO-SWEC-RG-01,swedencentral,AP,appweb,bab-dev-bo-appweb-start-01,43cc4f11-ffb1-4a0d-8420-0ba3746b4248|BAB-DEV-BO-SWEC-RG-01|dev|bo|appweb|0800,Ready
bab_bo_dev_appsweb_scheduled_start,/subscriptions/d88f0b5b-6660-4607-8c6a-395820400912/resourceGroups/bab-core-auto-weeu-rg-01/providers/Microsoft.Logic/workflows/bab_bo_dev_appsweb_scheduled_start,Enabled,dev,bo,ScheduledStartTriggers,Week,1,800,Arab Standard Time,DASAPAPBODWV1,/subscriptions/43cc4f11-ffb1-4a0d-8420-0ba3746b4248/resourceGroups/BAB-DEV-BO-SWEC-RG-01/providers/Microsoft.Compute/virtualMachines/DASAPAPBODWV1,43cc4f11-ffb1-4a0d-8420-0ba3746b4248,BAB-DEV-BO-SWEC-RG-01,swedencentral,AP,appweb,bab-dev-bo-appweb-start-01,43cc4f11-ffb1-4a0d-8420-0ba3746b4248|BAB-DEV-BO-SWEC-RG-01|dev|bo|appweb|0800,Ready
bab_bo_dev_appsweb_scheduled_start,/subscriptions/d88f0b5b-6660-4607-8c6a-395820400912/resourceGroups/bab-core-auto-weeu-rg-01/providers/Microsoft.Logic/workflows/bab_bo_dev_appsweb_scheduled_start,Enabled,dev,bo,ScheduledStartTriggers,Week,1,800,Arab Standard Time,DASAPAPDMDWV1,/subscriptions/43cc4f11-ffb1-4a0d-8420-0ba3746b4248/resourceGroups/BAB-DEV-BO-SWEC-RG-01/providers/Microsoft.Compute/virtualMachines/DASAPAPDMDWV1,43cc4f11-ffb1-4a0d-8420-0ba3746b4248,BAB-DEV-BO-SWEC-RG-01,swedencentral,AP,appweb,bab-dev-bo-appweb-start-01,43cc4f11-ffb1-4a0d-8420-0ba3746b4248|BAB-DEV-BO-SWEC-RG-01|dev|bo|appweb|0800,Ready
bab_bo_dev_appsweb_scheduled_start,/subscriptions/d88f0b5b-6660-4607-8c6a-395820400912/resourceGroups/bab-core-auto-weeu-rg-01/providers/Microsoft.Logic/workflows/bab_bo_dev_appsweb_scheduled_start,Enabled,dev,bo,ScheduledStartTriggers,Week,1,800,Arab Standard Time,DASAPWBBODWV1,/subscriptions/43cc4f11-ffb1-4a0d-8420-0ba3746b4248/resourceGroups/BAB-DEV-BO-SWEC-RG-01/providers/Microsoft.Compute/virtualMachines/DASAPWBBODWV1,43cc4f11-ffb1-4a0d-8420-0ba3746b4248,BAB-DEV-BO-SWEC-RG-01,swedencentral,APWB,appweb,bab-dev-bo-appweb-start-01,43cc4f11-ffb1-4a0d-8420-0ba3746b4248|BAB-DEV-BO-SWEC-RG-01|dev|bo|appweb|0800,Ready
bab-dev-bpm-appweb-start-01,/subscriptions/d88f0b5b-6660-4607-8c6a-395820400912/resourceGroups/bab-core-auto-weeu-rg-01/providers/Microsoft.Logic/workflows/bab-dev-bpm-appweb-start-01,Enabled,dev,bpm,ScheduledStartTriggers,Week,1,800,Arab Standard Time,DABPMAPWSDLV1,/subscriptions/43cc4f11-ffb1-4a0d-8420-0ba3746b4248/resourceGroups/BAB-DEV-BPM-SWEC-RG-01/providers/Microsoft.Compute/virtualMachines/DABPMAPWSDLV1,43cc4f11-ffb1-4a0d-8420-0ba3746b4248,BAB-DEV-BPM-SWEC-RG-01,swedencentral,AP,appweb,bab-dev-bpm-appweb-start-01,43cc4f11-ffb1-4a0d-8420-0ba3746b4248|BAB-DEV-BPM-SWEC-RG-01|dev|bpm|appweb|0800,Ready
bab-dev-bpm-db-start-01,/subscriptions/d88f0b5b-6660-4607-8c6a-395820400912/resourceGroups/bab-core-auto-weeu-rg-01/providers/Microsoft.Logic/workflows/bab-dev-bpm-db-start-01,Enabled,dev,bpm,ScheduledStartTriggers,Week,1,750,Arab Standard Time,DABPMDBORDLV1,/subscriptions/43cc4f11-ffb1-4a0d-8420-0ba3746b4248/resourceGroups/bab-dev-bpm-swec-rg-01/providers/Microsoft.Compute/virtualMachines/DABPMDBORDLV1,43cc4f11-ffb1-4a0d-8420-0ba3746b4248,bab-dev-bpm-swec-rg-01,swedencentral,DB,db,bab-dev-bpm-db-start-01,43cc4f11-ffb1-4a0d-8420-0ba3746b4248|bab-dev-bpm-swec-rg-01|dev|bpm|db|0750,Ready
bab-dev-cashinst-appweb-start-01,/subscriptions/d88f0b5b-6660-4607-8c6a-395820400912/resourceGroups/bab-core-auto-weeu-rg-01/providers/Microsoft.Logic/workflows/bab-dev-cashinst-appweb-start-01,Enabled,dev,cashinst,Recurrence,Week,1,800,Arab Standard Time,DATCRAPMODLV1,/subscriptions/43cc4f11-ffb1-4a0d-8420-0ba3746b4248/resourceGroups/BAB-DEV-CASHINST-SWEC-RG-01/providers/Microsoft.Compute/virtualMachines/DATCRAPMODLV1,43cc4f11-ffb1-4a0d-8420-0ba3746b4248,BAB-DEV-CASHINST-SWEC-RG-01,swedencentral,AP,appweb,bab-dev-cashinst-appweb-start-01,43cc4f11-ffb1-4a0d-8420-0ba3746b4248|BAB-DEV-CASHINST-SWEC-RG-01|dev|cashinst|appweb|0800,Ready
bab-dev-cdc-kfk-appweb-start-01,/subscriptions/d88f0b5b-6660-4607-8c6a-395820400912/resourceGroups/bab-core-auto-weeu-rg-01/providers/Microsoft.Logic/workflows/bab-dev-cdc-kfk-appweb-start-01,Enabled,dev,cdc-kfk,ScheduledStartTrigger,Week,1,800,Arab Standard Time,DACDCAPBRDLV01,/subscriptions/43cc4f11-ffb1-4a0d-8420-0ba3746b4248/resourceGroups/bab-dev-cdc-kfk-swec-rg-01/providers/Microsoft.Compute/virtualMachines/DACDCAPBRDLV01,43cc4f11-ffb1-4a0d-8420-0ba3746b4248,bab-dev-cdc-kfk-swec-rg-01,swedencentral,AP,appweb,bab-dev-cdc-kfk-appweb-start-01,43cc4f11-ffb1-4a0d-8420-0ba3746b4248|bab-dev-cdc-kfk-swec-rg-01|dev|cdc-kfk|appweb|0800,Ready
bab-dev-cdc-kfk-appweb-start-01,/subscriptions/d88f0b5b-6660-4607-8c6a-395820400912/resourceGroups/bab-core-auto-weeu-rg-01/providers/Microsoft.Logic/workflows/bab-dev-cdc-kfk-appweb-start-01,Enabled,dev,cdc-kfk,ScheduledStartTrigger,Week,1,800,Arab Standard Time,DACDCAPBRDLV02,/subscriptions/43cc4f11-ffb1-4a0d-8420-0ba3746b4248/resourceGroups/bab-dev-cdc-kfk-swec-rg-01/providers/Microsoft.Compute/virtualMachines/DACDCAPBRDLV02,43cc4f11-ffb1-4a0d-8420-0ba3746b4248,bab-dev-cdc-kfk-swec-rg-01,swedencentral,AP,appweb,bab-dev-cdc-kfk-appweb-start-01,43cc4f11-ffb1-4a0d-8420-0ba3746b4248|bab-dev-cdc-kfk-swec-rg-01|dev|cdc-kfk|appweb|0800,Ready
bab-dev-cdc-kfk-appweb-start-01,/subscriptions/d88f0b5b-6660-4607-8c6a-395820400912/resourceGroups/bab-core-auto-weeu-rg-01/providers/Microsoft.Logic/workflows/bab-dev-cdc-kfk-appweb-start-01,Enabled,dev,cdc-kfk,ScheduledStartTrigger,Week,1,800,Arab Standard Time,DACDCAPBRDLV03,/subscriptions/43cc4f11-ffb1-4a0d-8420-0ba3746b4248/resourceGroups/bab-dev-cdc-kfk-swec-rg-01/providers/Microsoft.Compute/virtualMachines/DACDCAPBRDLV03,43cc4f11-ffb1-4a0d-8420-0ba3746b4248,bab-dev-cdc-kfk-swec-rg-01,swedencentral,AP,appweb,bab-dev-cdc-kfk-appweb-start-01,43cc4f11-ffb1-4a0d-8420-0ba3746b4248|bab-dev-cdc-kfk-swec-rg-01|dev|cdc-kfk|appweb|0800,Ready
bab-dev-cdc-kfk-appweb-start-01,/subscriptions/d88f0b5b-6660-4607-8c6a-395820400912/resourceGroups/bab-core-auto-weeu-rg-01/providers/Microsoft.Logic/workflows/bab-dev-cdc-kfk-appweb-start-01,Enabled,dev,cdc-kfk,ScheduledStartTrigger,Week,1,800,Arab Standard Time,DACDCAPCCDLV01,/subscriptions/43cc4f11-ffb1-4a0d-8420-0ba3746b4248/resourceGroups/bab-dev-cdc-kfk-swec-rg-01/providers/Microsoft.Compute/virtualMachines/DACDCAPCCDLV01,43cc4f11-ffb1-4a0d-8420-0ba3746b4248,bab-dev-cdc-kfk-swec-rg-01,swedencentral,AP,appweb,bab-dev-cdc-kfk-appweb-start-01,43cc4f11-ffb1-4a0d-8420-0ba3746b4248|bab-dev-cdc-kfk-swec-rg-01|dev|cdc-kfk|appweb|0800,Ready
bab-dev-cdc-kfk-appweb-start-01,/subscriptions/d88f0b5b-6660-4607-8c6a-395820400912/resourceGroups/bab-core-auto-weeu-rg-01/providers/Microsoft.Logic/workflows/bab-dev-cdc-kfk-appweb-start-01,Enabled,dev,cdc-kfk,ScheduledStartTrigger,Week,1,800,Arab Standard Time,DACDCAPCNDLV01,/subscriptions/43cc4f11-ffb1-4a0d-8420-0ba3746b4248/resourceGroups/bab-dev-cdc-kfk-swec-rg-01/providers/Microsoft.Compute/virtualMachines/DACDCAPCNDLV01,43cc4f11-ffb1-4a0d-8420-0ba3746b4248,bab-dev-cdc-kfk-swec-rg-01,swedencentral,AP,appweb,bab-dev-cdc-kfk-appweb-start-01,43cc4f11-ffb1-4a0d-8420-0ba3746b4248|bab-dev-cdc-kfk-swec-rg-01|dev|cdc-kfk|appweb|0800,Ready
bab-dev-cdc-kfk-appweb-start-01,/subscriptions/d88f0b5b-6660-4607-8c6a-395820400912/resourceGroups/bab-core-auto-weeu-rg-01/providers/Microsoft.Logic/workflows/bab-dev-cdc-kfk-appweb-start-01,Enabled,dev,cdc-kfk,ScheduledStartTrigger,Week,1,800,Arab Standard Time,DACDCAPCNDLV02,/subscriptions/43cc4f11-ffb1-4a0d-8420-0ba3746b4248/resourceGroups/bab-dev-cdc-kfk-swec-rg-01/providers/Microsoft.Compute/virtualMachines/DACDCAPCNDLV02,43cc4f11-ffb1-4a0d-8420-0ba3746b4248,bab-dev-cdc-kfk-swec-rg-01,swedencentral,AP,appweb,bab-dev-cdc-kfk-appweb-start-01,43cc4f11-ffb1-4a0d-8420-0ba3746b4248|bab-dev-cdc-kfk-swec-rg-01|dev|cdc-kfk|appweb|0800,Ready
bab-dev-cdc-kfk-appweb-start-01,/subscriptions/d88f0b5b-6660-4607-8c6a-395820400912/resourceGroups/bab-core-auto-weeu-rg-01/providers/Microsoft.Logic/workflows/bab-dev-cdc-kfk-appweb-start-01,Enabled,dev,cdc-kfk,ScheduledStartTrigger,Week,1,800,Arab Standard Time,DACDCAPCTDLV01,/subscriptions/43cc4f11-ffb1-4a0d-8420-0ba3746b4248/resourceGroups/bab-dev-cdc-kfk-swec-rg-01/providers/Microsoft.Compute/virtualMachines/DACDCAPCTDLV01,43cc4f11-ffb1-4a0d-8420-0ba3746b4248,bab-dev-cdc-kfk-swec-rg-01,swedencentral,AP,appweb,bab-dev-cdc-kfk-appweb-start-01,43cc4f11-ffb1-4a0d-8420-0ba3746b4248|bab-dev-cdc-kfk-swec-rg-01|dev|cdc-kfk|appweb|0800,Ready
bab-dev-cdc-kfk-appweb-start-01,/subscriptions/d88f0b5b-6660-4607-8c6a-395820400912/resourceGroups/bab-core-auto-weeu-rg-01/providers/Microsoft.Logic/workflows/bab-dev-cdc-kfk-appweb-start-01,Enabled,dev,cdc-kfk,ScheduledStartTrigger,Week,1,800,Arab Standard Time,DACDCAPCTDLV02,/subscriptions/43cc4f11-ffb1-4a0d-8420-0ba3746b4248/resourceGroups/bab-dev-cdc-kfk-swec-rg-01/providers/Microsoft.Compute/virtualMachines/DACDCAPCTDLV02,43cc4f11-ffb1-4a0d-8420-0ba3746b4248,bab-dev-cdc-kfk-swec-rg-01,swedencentral,AP,appweb,bab-dev-cdc-kfk-appweb-start-01,43cc4f11-ffb1-4a0d-8420-0ba3746b4248|bab-dev-cdc-kfk-swec-rg-01|dev|cdc-kfk|appweb|0800,Ready
bab-dev-cdc-kfk-appweb-start-01,/subscriptions/d88f0b5b-6660-4607-8c6a-395820400912/resourceGroups/bab-core-auto-weeu-rg-01/providers/Microsoft.Logic/workflows/bab-dev-cdc-kfk-appweb-start-01,Enabled,dev,cdc-kfk,ScheduledStartTrigger,Week,1,800,Arab Standard Time,DACDCAPCTDLV03,/subscriptions/43cc4f11-ffb1-4a0d-8420-0ba3746b4248/resourceGroups/bab-dev-cdc-kfk-swec-rg-01/providers/Microsoft.Compute/virtualMachines/DACDCAPCTDLV03,43cc4f11-ffb1-4a0d-8420-0ba3746b4248,bab-dev-cdc-kfk-swec-rg-01,swedencentral,AP,appweb,bab-dev-cdc-kfk-appweb-start-01,43cc4f11-ffb1-4a0d-8420-0ba3746b4248|bab-dev-cdc-kfk-swec-rg-01|dev|cdc-kfk|appweb|0800,Ready
bab-dev-cdc-kfk-appweb-start-01,/subscriptions/d88f0b5b-6660-4607-8c6a-395820400912/resourceGroups/bab-core-auto-weeu-rg-01/providers/Microsoft.Logic/workflows/bab-dev-cdc-kfk-appweb-start-01,Enabled,dev,cdc-kfk,ScheduledStartTrigger,Week,1,800,Arab Standard Time,DACDCAPDWV01,/subscriptions/43cc4f11-ffb1-4a0d-8420-0ba3746b4248/resourceGroups/bab-dev-cdc-kfk-swec-rg-01/providers/Microsoft.Compute/virtualMachines/DACDCAPDWV01,43cc4f11-ffb1-4a0d-8420-0ba3746b4248,bab-dev-cdc-kfk-swec-rg-01,swedencentral,AP,appweb,bab-dev-cdc-kfk-appweb-start-01,43cc4f11-ffb1-4a0d-8420-0ba3746b4248|bab-dev-cdc-kfk-swec-rg-01|dev|cdc-kfk|appweb|0800,Ready
bab-dev-cdc-kfk-appweb-start-01,/subscriptions/d88f0b5b-6660-4607-8c6a-395820400912/resourceGroups/bab-core-auto-weeu-rg-01/providers/Microsoft.Logic/workflows/bab-dev-cdc-kfk-appweb-start-01,Enabled,dev,cdc-kfk,ScheduledStartTrigger,Week,1,800,Arab Standard Time,DACDCAPSRDLV01,/subscriptions/43cc4f11-ffb1-4a0d-8420-0ba3746b4248/resourceGroups/bab-dev-cdc-kfk-swec-rg-01/providers/Microsoft.Compute/virtualMachines/DACDCAPSRDLV01,43cc4f11-ffb1-4a0d-8420-0ba3746b4248,bab-dev-cdc-kfk-swec-rg-01,swedencentral,AP,appweb,bab-dev-cdc-kfk-appweb-start-01,43cc4f11-ffb1-4a0d-8420-0ba3746b4248|bab-dev-cdc-kfk-swec-rg-01|dev|cdc-kfk|appweb|0800,Ready
bab-dev-cdc-kfk-appweb-start-01,/subscriptions/d88f0b5b-6660-4607-8c6a-395820400912/resourceGroups/bab-core-auto-weeu-rg-01/providers/Microsoft.Logic/workflows/bab-dev-cdc-kfk-appweb-start-01,Enabled,dev,cdc-kfk,ScheduledStartTrigger,Week,1,800,Arab Standard Time,DACDCAPSRDLV02,/subscriptions/43cc4f11-ffb1-4a0d-8420-0ba3746b4248/resourceGroups/bab-dev-cdc-kfk-swec-rg-01/providers/Microsoft.Compute/virtualMachines/DACDCAPSRDLV02,43cc4f11-ffb1-4a0d-8420-0ba3746b4248,bab-dev-cdc-kfk-swec-rg-01,swedencentral,AP,appweb,bab-dev-cdc-kfk-appweb-start-01,43cc4f11-ffb1-4a0d-8420-0ba3746b4248|bab-dev-cdc-kfk-swec-rg-01|dev|cdc-kfk|appweb|0800,Ready
bab-dev-cdc-kfk-db-start-01,/subscriptions/d88f0b5b-6660-4607-8c6a-395820400912/resourceGroups/bab-core-auto-weeu-rg-01/providers/Microsoft.Logic/workflows/bab-dev-cdc-kfk-db-start-01,Enabled,dev,cdc-kfk,ScheduledStartTrigger,Week,1,750,Arab Standard Time,DACDCSQDBDWV01,/subscriptions/43cc4f11-ffb1-4a0d-8420-0ba3746b4248/resourceGroups/bab-dev-cdc-kfk-swec-rg-01/providers/Microsoft.Compute/virtualMachines/DACDCSQDBDWV01,43cc4f11-ffb1-4a0d-8420-0ba3746b4248,bab-dev-cdc-kfk-swec-rg-01,swedencentral,DB,db,bab-dev-cdc-kfk-db-start-01,43cc4f11-ffb1-4a0d-8420-0ba3746b4248|bab-dev-cdc-kfk-swec-rg-01|dev|cdc-kfk|db|0750,Ready
ststv2_cortex_dev_vms_Scheduled_start,/subscriptions/d88f0b5b-6660-4607-8c6a-395820400912/resourceGroups/bab-core-auto-weeu-rg-01/providers/Microsoft.Logic/workflows/ststv2_cortex_dev_vms_Scheduled_start,Enabled,dev,cortex,Recurrence,Week,1,800,Arab Standard Time,DAFISAPWSDLV1,/subscriptions/43cc4f11-ffb1-4a0d-8420-0ba3746b4248/resourceGroups/BAB-DEV-CORTEX-SWEC-RG-01/providers/Microsoft.Compute/virtualMachines/DAFISAPWSDLV1,43cc4f11-ffb1-4a0d-8420-0ba3746b4248,BAB-DEV-CORTEX-SWEC-RG-01,swedencentral,AP,appweb,bab-dev-cortex-appweb-start-01,43cc4f11-ffb1-4a0d-8420-0ba3746b4248|BAB-DEV-CORTEX-SWEC-RG-01|dev|cortex|appweb|0800,Ready
bab-dev-crm-appweb-start-01,/subscriptions/d88f0b5b-6660-4607-8c6a-395820400912/resourceGroups/bab-core-auto-weeu-rg-01/providers/Microsoft.Logic/workflows/bab-dev-crm-appweb-start-01,Enabled,dev,crm,ScheduledStartTriggers,Week,1,700,Arab Standard Time,DACRMAPFEWV01,/subscriptions/43cc4f11-ffb1-4a0d-8420-0ba3746b4248/resourceGroups/bab-dev-crm-swec-rg-01/providers/Microsoft.Compute/virtualMachines/DACRMAPFEWV01,43cc4f11-ffb1-4a0d-8420-0ba3746b4248,bab-dev-crm-swec-rg-01,swedencentral,AP,appweb,bab-dev-crm-appweb-start-01,43cc4f11-ffb1-4a0d-8420-0ba3746b4248|bab-dev-crm-swec-rg-01|dev|crm|appweb|0700,Ready
bab-dev-crm-appweb-start-01,/subscriptions/d88f0b5b-6660-4607-8c6a-395820400912/resourceGroups/bab-core-auto-weeu-rg-01/providers/Microsoft.Logic/workflows/bab-dev-crm-appweb-start-01,Enabled,dev,crm,ScheduledStartTriggers,Week,1,700,Arab Standard Time,DACRMAPFEWV02,/subscriptions/43cc4f11-ffb1-4a0d-8420-0ba3746b4248/resourceGroups/bab-dev-crm-swec-rg-01/providers/Microsoft.Compute/virtualMachines/DACRMAPFEWV02,43cc4f11-ffb1-4a0d-8420-0ba3746b4248,bab-dev-crm-swec-rg-01,swedencentral,AP,appweb,bab-dev-crm-appweb-start-01,43cc4f11-ffb1-4a0d-8420-0ba3746b4248|bab-dev-crm-swec-rg-01|dev|crm|appweb|0700,Ready
bab-dev-crm-appweb-start-01,/subscriptions/d88f0b5b-6660-4607-8c6a-395820400912/resourceGroups/bab-core-auto-weeu-rg-01/providers/Microsoft.Logic/workflows/bab-dev-crm-appweb-start-01,Enabled,dev,crm,ScheduledStartTriggers,Week,1,700,Arab Standard Time,DTAZRCRMWBWV01,/subscriptions/43cc4f11-ffb1-4a0d-8420-0ba3746b4248/resourceGroups/bab-dev-crm-swec-rg-01/providers/Microsoft.Compute/virtualMachines/DTAZRCRMWBWV01,43cc4f11-ffb1-4a0d-8420-0ba3746b4248,bab-dev-crm-swec-rg-01,swedencentral,WB,appweb,bab-dev-crm-appweb-start-01,43cc4f11-ffb1-4a0d-8420-0ba3746b4248|bab-dev-crm-swec-rg-01|dev|crm|appweb|0700,Ready
bab-dev-crm-appweb-start-01,/subscriptions/d88f0b5b-6660-4607-8c6a-395820400912/resourceGroups/bab-core-auto-weeu-rg-01/providers/Microsoft.Logic/workflows/bab-dev-crm-appweb-start-01,Enabled,dev,crm,ScheduledStartTriggers,Week,1,700,Arab Standard Time,DTAZRCRMWBWV02,/subscriptions/43cc4f11-ffb1-4a0d-8420-0ba3746b4248/resourceGroups/bab-dev-crm-swec-rg-01/providers/Microsoft.Compute/virtualMachines/DTAZRCRMWBWV02,43cc4f11-ffb1-4a0d-8420-0ba3746b4248,bab-dev-crm-swec-rg-01,swedencentral,WB,appweb,bab-dev-crm-appweb-start-01,43cc4f11-ffb1-4a0d-8420-0ba3746b4248|bab-dev-crm-swec-rg-01|dev|crm|appweb|0700,Ready
bab-dev-crm-db-start-01,/subscriptions/d88f0b5b-6660-4607-8c6a-395820400912/resourceGroups/bab-core-auto-weeu-rg-01/providers/Microsoft.Logic/workflows/bab-dev-crm-db-start-01,Enabled,dev,crm,ScheduledStartTriggers,Week,1,650,Arab Standard Time,DTAZRCRMDBWV01,/subscriptions/43cc4f11-ffb1-4a0d-8420-0ba3746b4248/resourceGroups/bab-dev-crm-swec-rg-01/providers/Microsoft.Compute/virtualMachines/DTAZRCRMDBWV01,43cc4f11-ffb1-4a0d-8420-0ba3746b4248,bab-dev-crm-swec-rg-01,swedencentral,DB,db,bab-dev-crm-db-start-01,43cc4f11-ffb1-4a0d-8420-0ba3746b4248|bab-dev-crm-swec-rg-01|dev|crm|db|0650,Ready
bab-dev-crm-db-start-01,/subscriptions/d88f0b5b-6660-4607-8c6a-395820400912/resourceGroups/bab-core-auto-weeu-rg-01/providers/Microsoft.Logic/workflows/bab-dev-crm-db-start-01,Enabled,dev,crm,ScheduledStartTriggers,Week,1,650,Arab Standard Time,DTAZRCRMDBWV02,/subscriptions/43cc4f11-ffb1-4a0d-8420-0ba3746b4248/resourceGroups/bab-dev-crm-swec-rg-01/providers/Microsoft.Compute/virtualMachines/DTAZRCRMDBWV02,43cc4f11-ffb1-4a0d-8420-0ba3746b4248,bab-dev-crm-swec-rg-01,swedencentral,DB,db,bab-dev-crm-db-start-01,43cc4f11-ffb1-4a0d-8420-0ba3746b4248|bab-dev-crm-swec-rg-01|dev|crm|db|0650,Ready
bab-dev-crtxup-appweb-start-01,/subscriptions/d88f0b5b-6660-4607-8c6a-395820400912/resourceGroups/bab-core-auto-weeu-rg-01/providers/Microsoft.Logic/workflows/bab-dev-crtxup-appweb-start-01,Enabled,dev,crtxup,ScheduledStartTriggers,Week,1,800,Arab Standard Time,DACTXAPGUDLV01,/subscriptions/43cc4f11-ffb1-4a0d-8420-0ba3746b4248/resourceGroups/BAB-DEV-CRTXUP-SWEC-RG-01/providers/Microsoft.Compute/virtualMachines/DACTXAPGUDLV01,43cc4f11-ffb1-4a0d-8420-0ba3746b4248,BAB-DEV-CRTXUP-SWEC-RG-01,swedencentral,AP,appweb,bab-dev-crtxup-appweb-start-01,43cc4f11-ffb1-4a0d-8420-0ba3746b4248|BAB-DEV-CRTXUP-SWEC-RG-01|dev|crtxup|appweb|0800,Ready
bab-dev-crtxup-appweb-start-01,/subscriptions/d88f0b5b-6660-4607-8c6a-395820400912/resourceGroups/bab-core-auto-weeu-rg-01/providers/Microsoft.Logic/workflows/bab-dev-crtxup-appweb-start-01,Enabled,dev,crtxup,ScheduledStartTriggers,Week,1,800,Arab Standard Time,DACTXAPSWDLV01,/subscriptions/43cc4f11-ffb1-4a0d-8420-0ba3746b4248/resourceGroups/BAB-DEV-CRTXUP-SWEC-RG-01/providers/Microsoft.Compute/virtualMachines/DACTXAPSWDLV01,43cc4f11-ffb1-4a0d-8420-0ba3746b4248,BAB-DEV-CRTXUP-SWEC-RG-01,swedencentral,AP,appweb,bab-dev-crtxup-appweb-start-01,43cc4f11-ffb1-4a0d-8420-0ba3746b4248|BAB-DEV-CRTXUP-SWEC-RG-01|dev|crtxup|appweb|0800,Ready
bab-dev-crtxup-appweb-start-01,/subscriptions/d88f0b5b-6660-4607-8c6a-395820400912/resourceGroups/bab-core-auto-weeu-rg-01/providers/Microsoft.Logic/workflows/bab-dev-crtxup-appweb-start-01,Enabled,dev,crtxup,ScheduledStartTriggers,Week,1,800,Arab Standard Time,DAISTAPGUDLV01,/subscriptions/43cc4f11-ffb1-4a0d-8420-0ba3746b4248/resourceGroups/BAB-DEV-CRTXUP-SWEC-RG-01/providers/Microsoft.Compute/virtualMachines/DAISTAPGUDLV01,43cc4f11-ffb1-4a0d-8420-0ba3746b4248,BAB-DEV-CRTXUP-SWEC-RG-01,swedencentral,AP,appweb,bab-dev-crtxup-appweb-start-01,43cc4f11-ffb1-4a0d-8420-0ba3746b4248|BAB-DEV-CRTXUP-SWEC-RG-01|dev|crtxup|appweb|0800,Ready
bab-dev-crtxup-appweb-start-01,/subscriptions/d88f0b5b-6660-4607-8c6a-395820400912/resourceGroups/bab-core-auto-weeu-rg-01/providers/Microsoft.Logic/workflows/bab-dev-crtxup-appweb-start-01,Enabled,dev,crtxup,ScheduledStartTriggers,Week,1,800,Arab Standard Time,DAISTAPSWDLV01,/subscriptions/43cc4f11-ffb1-4a0d-8420-0ba3746b4248/resourceGroups/BAB-DEV-CRTXUP-SWEC-RG-01/providers/Microsoft.Compute/virtualMachines/DAISTAPSWDLV01,43cc4f11-ffb1-4a0d-8420-0ba3746b4248,BAB-DEV-CRTXUP-SWEC-RG-01,swedencentral,AP,appweb,bab-dev-crtxup-appweb-start-01,43cc4f11-ffb1-4a0d-8420-0ba3746b4248|BAB-DEV-CRTXUP-SWEC-RG-01|dev|crtxup|appweb|0800,Ready
bab-dev-crtxup-db-start-01,/subscriptions/d88f0b5b-6660-4607-8c6a-395820400912/resourceGroups/bab-core-auto-weeu-rg-01/providers/Microsoft.Logic/workflows/bab-dev-crtxup-db-start-01,Enabled,dev,crtxup,ScheduledStartTriggers,Week,1,750,Arab Standard Time,DACTXDBORDLV01,/subscriptions/43cc4f11-ffb1-4a0d-8420-0ba3746b4248/resourceGroups/BAB-DEV-CRTXUP-SWEC-RG-01/providers/Microsoft.Compute/virtualMachines/DACTXDBORDLV01,43cc4f11-ffb1-4a0d-8420-0ba3746b4248,BAB-DEV-CRTXUP-SWEC-RG-01,swedencentral,DB,db,bab-dev-crtxup-db-start-01,43cc4f11-ffb1-4a0d-8420-0ba3746b4248|BAB-DEV-CRTXUP-SWEC-RG-01|dev|crtxup|db|0750,Ready
bab-dev-dex-upg-db-start-01,/subscriptions/d88f0b5b-6660-4607-8c6a-395820400912/resourceGroups/bab-core-auto-weeu-rg-01/providers/Microsoft.Logic/workflows/bab-dev-dex-upg-db-start-01,Enabled,dev,dex-upg,ScheduledStartTrigger,Week,1,750,Arab Standard Time,DADEXORDBDLV01,/subscriptions/43cc4f11-ffb1-4a0d-8420-0ba3746b4248/resourceGroups/BAB-DEV-DEX-UPG-SWEC-RG-01/providers/Microsoft.Compute/virtualMachines/DADEXORDBDLV01,43cc4f11-ffb1-4a0d-8420-0ba3746b4248,BAB-DEV-DEX-UPG-SWEC-RG-01,swedencentral,DB,db,bab-dev-dex-upg-db-start-01,43cc4f11-ffb1-4a0d-8420-0ba3746b4248|BAB-DEV-DEX-UPG-SWEC-RG-01|dev|dex-upg|db|0750,Ready
bab-dev-dgpdpl-appweb-start-01,/subscriptions/d88f0b5b-6660-4607-8c6a-395820400912/resourceGroups/bab-core-auto-weeu-rg-01/providers/Microsoft.Logic/workflows/bab-dev-dgpdpl-appweb-start-01,Enabled,dev,dgpdpl,ScheduledStartTriggers,Week,1,800,Arab Standard Time,DADGERMAPWV01,/subscriptions/43cc4f11-ffb1-4a0d-8420-0ba3746b4248/resourceGroups/bab-dev-dgpdpl-swec-rg-01/providers/Microsoft.Compute/virtualMachines/DADGERMAPWV01,43cc4f11-ffb1-4a0d-8420-0ba3746b4248,bab-dev-dgpdpl-swec-rg-01,swedencentral,AP,appweb,bab-dev-dgpdpl-appweb-start-01,43cc4f11-ffb1-4a0d-8420-0ba3746b4248|bab-dev-dgpdpl-swec-rg-01|dev|dgpdpl|appweb|0800,Ready
bab-dev-dgpdpl-appweb-start-01,/subscriptions/d88f0b5b-6660-4607-8c6a-395820400912/resourceGroups/bab-core-auto-weeu-rg-01/providers/Microsoft.Logic/workflows/bab-dev-dgpdpl-appweb-start-01,Enabled,dev,dgpdpl,ScheduledStartTriggers,Week,1,800,Arab Standard Time,DADGINFAPLV01,/subscriptions/43cc4f11-ffb1-4a0d-8420-0ba3746b4248/resourceGroups/bab-dev-dgpdpl-swec-rg-01/providers/Microsoft.Compute/virtualMachines/DADGINFAPLV01,43cc4f11-ffb1-4a0d-8420-0ba3746b4248,bab-dev-dgpdpl-swec-rg-01,swedencentral,AP,appweb,bab-dev-dgpdpl-appweb-start-01,43cc4f11-ffb1-4a0d-8420-0ba3746b4248|bab-dev-dgpdpl-swec-rg-01|dev|dgpdpl|appweb|0800,Ready
bab-dev-dgpdpl-db-start-01,/subscriptions/d88f0b5b-6660-4607-8c6a-395820400912/resourceGroups/bab-core-auto-weeu-rg-01/providers/Microsoft.Logic/workflows/bab-dev-dgpdpl-db-start-01,Enabled,dev,dgpdpl,ScheduledStartTriggers,Week,1,750,Arab Standard Time,DADGBMNDBLV01,/subscriptions/43cc4f11-ffb1-4a0d-8420-0ba3746b4248/resourceGroups/bab-dev-dgpdpl-swec-rg-01/providers/Microsoft.Compute/virtualMachines/DADGBMNDBLV01,43cc4f11-ffb1-4a0d-8420-0ba3746b4248,bab-dev-dgpdpl-swec-rg-01,swedencentral,DB,db,bab-dev-dgpdpl-db-start-01,43cc4f11-ffb1-4a0d-8420-0ba3746b4248|bab-dev-dgpdpl-swec-rg-01|dev|dgpdpl|db|0750,Ready
bab-dev-dgpdpl-db-start-01,/subscriptions/d88f0b5b-6660-4607-8c6a-395820400912/resourceGroups/bab-core-auto-weeu-rg-01/providers/Microsoft.Logic/workflows/bab-dev-dgpdpl-db-start-01,Enabled,dev,dgpdpl,ScheduledStartTriggers,Week,1,750,Arab Standard Time,DADGERMDBLV01,/subscriptions/43cc4f11-ffb1-4a0d-8420-0ba3746b4248/resourceGroups/bab-dev-dgpdpl-swec-rg-01/providers/Microsoft.Compute/virtualMachines/DADGERMDBLV01,43cc4f11-ffb1-4a0d-8420-0ba3746b4248,bab-dev-dgpdpl-swec-rg-01,swedencentral,DB,db,bab-dev-dgpdpl-db-start-01,43cc4f11-ffb1-4a0d-8420-0ba3746b4248|bab-dev-dgpdpl-swec-rg-01|dev|dgpdpl|db|0750,Ready
bab-dev-dgpdpl-db-start-01,/subscriptions/d88f0b5b-6660-4607-8c6a-395820400912/resourceGroups/bab-core-auto-weeu-rg-01/providers/Microsoft.Logic/workflows/bab-dev-dgpdpl-db-start-01,Enabled,dev,dgpdpl,ScheduledStartTriggers,Week,1,750,Arab Standard Time,DADGINFDBWV01,/subscriptions/43cc4f11-ffb1-4a0d-8420-0ba3746b4248/resourceGroups/bab-dev-dgpdpl-swec-rg-01/providers/Microsoft.Compute/virtualMachines/DADGINFDBWV01,43cc4f11-ffb1-4a0d-8420-0ba3746b4248,bab-dev-dgpdpl-swec-rg-01,swedencentral,DB,db,bab-dev-dgpdpl-db-start-01,43cc4f11-ffb1-4a0d-8420-0ba3746b4248|bab-dev-dgpdpl-swec-rg-01|dev|dgpdpl|db|0750,Ready
bab-dev-digiapi-db-start-01,/subscriptions/d88f0b5b-6660-4607-8c6a-395820400912/resourceGroups/bab-core-auto-weeu-rg-01/providers/Microsoft.Logic/workflows/bab-dev-digiapi-db-start-01,Enabled,dev,digiapi,ScheduledStartTriggers,Week,1,750,Arab Standard Time,DAOBPDBSQDWV1,/subscriptions/43cc4f11-ffb1-4a0d-8420-0ba3746b4248/resourceGroups/bab-dev-digiapi-swec-rg-01/providers/Microsoft.Compute/virtualMachines/DAOBPDBSQDWV1,43cc4f11-ffb1-4a0d-8420-0ba3746b4248,bab-dev-digiapi-swec-rg-01,swedencentral,DB,db,bab-dev-digiapi-db-start-01,43cc4f11-ffb1-4a0d-8420-0ba3746b4248|bab-dev-digiapi-swec-rg-01|dev|digiapi|db|0750,Ready
ststv2_ENJMBNK_dev_vms_Scheduled_start,/subscriptions/d88f0b5b-6660-4607-8c6a-395820400912/resourceGroups/bab-core-auto-weeu-rg-01/providers/Microsoft.Logic/workflows/ststv2_ENJMBNK_dev_vms_Scheduled_start,Enabled,dev,enjmbnk,Recurrence,Week,1,800,Arab Standard Time,DAEMBAPJBDLV1,/subscriptions/43cc4f11-ffb1-4a0d-8420-0ba3746b4248/resourceGroups/BAB-DEV-ENJMBNK-SWEC-RG-01/providers/Microsoft.Compute/virtualMachines/DAEMBAPJBDLV1,43cc4f11-ffb1-4a0d-8420-0ba3746b4248,BAB-DEV-ENJMBNK-SWEC-RG-01,swedencentral,AP,appweb,bab-dev-enjmbnk-appweb-start-01,43cc4f11-ffb1-4a0d-8420-0ba3746b4248|BAB-DEV-ENJMBNK-SWEC-RG-01|dev|enjmbnk|appweb|0800,Ready
ststv2_ENJMBNK-db_dev_vms_Scheduled_start,/subscriptions/d88f0b5b-6660-4607-8c6a-395820400912/resourceGroups/bab-core-auto-weeu-rg-01/providers/Microsoft.Logic/workflows/ststv2_ENJMBNK-db_dev_vms_Scheduled_start,Enabled,dev,enjmbnk,Recurrence,Week,1,750,Arab Standard Time,DAEMBDBSQDWV1,/subscriptions/43cc4f11-ffb1-4a0d-8420-0ba3746b4248/resourceGroups/BAB-DEV-ENJMBNK-SWEC-RG-01/providers/Microsoft.Compute/virtualMachines/DAEMBDBSQDWV1,43cc4f11-ffb1-4a0d-8420-0ba3746b4248,BAB-DEV-ENJMBNK-SWEC-RG-01,swedencentral,DB,db,bab-dev-enjmbnk-db-start-01,43cc4f11-ffb1-4a0d-8420-0ba3746b4248|BAB-DEV-ENJMBNK-SWEC-RG-01|dev|enjmbnk|db|0750,Ready
bab-etl-dev_vmstart_vms_Scheduled_appweb,/subscriptions/d88f0b5b-6660-4607-8c6a-395820400912/resourceGroups/bab-core-auto-weeu-rg-01/providers/Microsoft.Logic/workflows/bab-etl-dev_vmstart_vms_Scheduled_appweb,Enabled,dev,etl,ScheduledStartTriggers,Week,1,800,Arab Standard Time,DAETLAPDMDWV1,/subscriptions/43cc4f11-ffb1-4a0d-8420-0ba3746b4248/resourceGroups/bab-dev-etl-swec-rg-01/providers/Microsoft.Compute/virtualMachines/DAETLAPDMDWV1,43cc4f11-ffb1-4a0d-8420-0ba3746b4248,bab-dev-etl-swec-rg-01,swedencentral,AP,appweb,bab-dev-etl-appweb-start-01,43cc4f11-ffb1-4a0d-8420-0ba3746b4248|bab-dev-etl-swec-rg-01|dev|etl|appweb|0800,Ready
bab-etl-dev_vms_Scheduled_db,/subscriptions/d88f0b5b-6660-4607-8c6a-395820400912/resourceGroups/bab-core-auto-weeu-rg-01/providers/Microsoft.Logic/workflows/bab-etl-dev_vms_Scheduled_db,Enabled,dev,etl,ScheduledStartTriggers,Week,1,750,Arab Standard Time,DADHBDBSQDWV1,/subscriptions/43cc4f11-ffb1-4a0d-8420-0ba3746b4248/resourceGroups/BAB-DEV-ETL-SWEC-RG-01/providers/Microsoft.Compute/virtualMachines/DADHBDBSQDWV1,43cc4f11-ffb1-4a0d-8420-0ba3746b4248,BAB-DEV-ETL-SWEC-RG-01,swedencentral,DB,db,bab-dev-etl-db-start-01,43cc4f11-ffb1-4a0d-8420-0ba3746b4248|BAB-DEV-ETL-SWEC-RG-01|dev|etl|db|0750,Ready
bab-gib-dev_vms_Scheduled_appweb,/subscriptions/d88f0b5b-6660-4607-8c6a-395820400912/resourceGroups/bab-core-auto-weeu-rg-01/providers/Microsoft.Logic/workflows/bab-gib-dev_vms_Scheduled_appweb,Enabled,dev,gib,ScheduledStartTriggers,Week,1,800,Arab Standard Time,DAMLAPLV01,/subscriptions/43cc4f11-ffb1-4a0d-8420-0ba3746b4248/resourceGroups/bab-dev-gib-swec-rg-01/providers/Microsoft.Compute/virtualMachines/DAMLAPLV01,43cc4f11-ffb1-4a0d-8420-0ba3746b4248,bab-dev-gib-swec-rg-01,swedencentral,AP,appweb,bab-dev-gib-appweb-start-01,43cc4f11-ffb1-4a0d-8420-0ba3746b4248|bab-dev-gib-swec-rg-01|dev|gib|appweb|0800,Ready
bab-gib-dev_vms_Scheduled_db,/subscriptions/d88f0b5b-6660-4607-8c6a-395820400912/resourceGroups/bab-core-auto-weeu-rg-01/providers/Microsoft.Logic/workflows/bab-gib-dev_vms_Scheduled_db,Enabled,dev,gib,ScheduledStartTriggers,Week,1,750,Arab Standard Time,DACASDBLV01,/subscriptions/43cc4f11-ffb1-4a0d-8420-0ba3746b4248/resourceGroups/bab-dev-gib-swec-rg-01/providers/Microsoft.Compute/virtualMachines/DACASDBLV01,43cc4f11-ffb1-4a0d-8420-0ba3746b4248,bab-dev-gib-swec-rg-01,swedencentral,DB,db,bab-dev-gib-db-start-01,43cc4f11-ffb1-4a0d-8420-0ba3746b4248|bab-dev-gib-swec-rg-01|dev|gib|db|0750,Ready
bab-gib-dev_vms_Scheduled_db,/subscriptions/d88f0b5b-6660-4607-8c6a-395820400912/resourceGroups/bab-core-auto-weeu-rg-01/providers/Microsoft.Logic/workflows/bab-gib-dev_vms_Scheduled_db,Enabled,dev,gib,ScheduledStartTriggers,Week,1,750,Arab Standard Time,DACASDBLV02,/subscriptions/43cc4f11-ffb1-4a0d-8420-0ba3746b4248/resourceGroups/bab-dev-gib-swec-rg-01/providers/Microsoft.Compute/virtualMachines/DACASDBLV02,43cc4f11-ffb1-4a0d-8420-0ba3746b4248,bab-dev-gib-swec-rg-01,swedencentral,DB,db,bab-dev-gib-db-start-01,43cc4f11-ffb1-4a0d-8420-0ba3746b4248|bab-dev-gib-swec-rg-01|dev|gib|db|0750,Ready
bab-gib-dev_vms_Scheduled_appweb,/subscriptions/d88f0b5b-6660-4607-8c6a-395820400912/resourceGroups/bab-core-auto-weeu-rg-01/providers/Microsoft.Logic/workflows/bab-gib-dev_vms_Scheduled_appweb,Enabled,dev,gib,ScheduledStartTriggers,Week,1,800,Arab Standard Time,DAMORADLV01,/subscriptions/43cc4f11-ffb1-4a0d-8420-0ba3746b4248/resourceGroups/bab-dev-gib-swec-rg-01/providers/Microsoft.Compute/virtualMachines/DAMORADLV01,43cc4f11-ffb1-4a0d-8420-0ba3746b4248,bab-dev-gib-swec-rg-01,swedencentral,,appweb,bab-dev-gib-appweb-start-01,43cc4f11-ffb1-4a0d-8420-0ba3746b4248|bab-dev-gib-swec-rg-01|dev|gib|unknown|0800,Ready
bab-HID_Dev_vms_Scheduled_start,/subscriptions/d88f0b5b-6660-4607-8c6a-395820400912/resourceGroups/bab-core-auto-weeu-rg-01/providers/Microsoft.Logic/workflows/bab-HID_Dev_vms_Scheduled_start,Enabled,dev,hid,ScheduledStartTriggers,Week,1,800,Arab Standard Time,DAMFAWBWBDWV1,/subscriptions/43cc4f11-ffb1-4a0d-8420-0ba3746b4248/resourceGroups/bab-dev-hid-swec-rg-01/providers/Microsoft.Compute/virtualMachines/DAMFAWBWBDWV1,43cc4f11-ffb1-4a0d-8420-0ba3746b4248,bab-dev-hid-swec-rg-01,swedencentral,WB,appweb,bab-dev-hid-appweb-start-01,43cc4f11-ffb1-4a0d-8420-0ba3746b4248|bab-dev-hid-swec-rg-01|dev|hid|appweb|0800,Ready
bab-HRM-dev_vms_Scheduled_appweb,/subscriptions/d88f0b5b-6660-4607-8c6a-395820400912/resourceGroups/bab-core-auto-weeu-rg-01/providers/Microsoft.Logic/workflows/bab-HRM-dev_vms_Scheduled_appweb,Enabled,dev,hrm,ScheduledStartTriggers,Week,1,800,Arab Standard Time,DAHRMAPDWV1,/subscriptions/43cc4f11-ffb1-4a0d-8420-0ba3746b4248/resourceGroups/bab-dev-hrm-swec-rg-01/providers/Microsoft.Compute/virtualMachines/DAHRMAPDWV1,43cc4f11-ffb1-4a0d-8420-0ba3746b4248,bab-dev-hrm-swec-rg-01,swedencentral,AP,appweb,bab-dev-hrm-appweb-start-01,43cc4f11-ffb1-4a0d-8420-0ba3746b4248|bab-dev-hrm-swec-rg-01|dev|hrm|appweb|0800,Ready
bab-HRM-dev_vms_Scheduled_appweb,/subscriptions/d88f0b5b-6660-4607-8c6a-395820400912/resourceGroups/bab-core-auto-weeu-rg-01/providers/Microsoft.Logic/workflows/bab-HRM-dev_vms_Scheduled_appweb,Enabled,dev,hrm,ScheduledStartTriggers,Week,1,800,Arab Standard Time,DAHRMWBDWV1,/subscriptions/43cc4f11-ffb1-4a0d-8420-0ba3746b4248/resourceGroups/bab-dev-hrm-swec-rg-01/providers/Microsoft.Compute/virtualMachines/DAHRMWBDWV1,43cc4f11-ffb1-4a0d-8420-0ba3746b4248,bab-dev-hrm-swec-rg-01,swedencentral,WB,appweb,bab-dev-hrm-appweb-start-01,43cc4f11-ffb1-4a0d-8420-0ba3746b4248|bab-dev-hrm-swec-rg-01|dev|hrm|appweb|0800,Ready
bab_iam_dev_vms_Scheduled_start,/subscriptions/d88f0b5b-6660-4607-8c6a-395820400912/resourceGroups/bab-core-auto-weeu-rg-01/providers/Microsoft.Logic/workflows/bab_iam_dev_vms_Scheduled_start,Enabled,dev,iams,Recurrence,Week,1,800,Arab Standard Time,DAIAMAPDMDWV2,/subscriptions/43cc4f11-ffb1-4a0d-8420-0ba3746b4248/resourceGroups/BAB-DEV-IAMS-SWEC-RG-01/providers/Microsoft.Compute/virtualMachines/DAIAMAPDMDWV2,43cc4f11-ffb1-4a0d-8420-0ba3746b4248,BAB-DEV-IAMS-SWEC-RG-01,swedencentral,AP,appweb,bab-dev-iams-appweb-start-01,43cc4f11-ffb1-4a0d-8420-0ba3746b4248|BAB-DEV-IAMS-SWEC-RG-01|dev|iams|appweb|0800,Ready
bab_iam_dev_vms_Scheduled_start,/subscriptions/d88f0b5b-6660-4607-8c6a-395820400912/resourceGroups/bab-core-auto-weeu-rg-01/providers/Microsoft.Logic/workflows/bab_iam_dev_vms_Scheduled_start,Enabled,dev,iams,Recurrence,Week,1,800,Arab Standard Time,DAIAMDBDMDWV1,/subscriptions/43cc4f11-ffb1-4a0d-8420-0ba3746b4248/resourceGroups/bab-dev-iams-swec-rg-01/providers/Microsoft.Compute/virtualMachines/DAIAMDBDMDWV1,43cc4f11-ffb1-4a0d-8420-0ba3746b4248,bab-dev-iams-swec-rg-01,swedencentral,DB,db,bab-dev-iams-db-start-01,43cc4f11-ffb1-4a0d-8420-0ba3746b4248|bab-dev-iams-swec-rg-01|dev|iams|db|0800,Ready
bab-ibg-dev_vms_Scheduled_start,/subscriptions/d88f0b5b-6660-4607-8c6a-395820400912/resourceGroups/bab-core-auto-weeu-rg-01/providers/Microsoft.Logic/workflows/bab-ibg-dev_vms_Scheduled_start,Enabled,dev,ibg,ScheduledStartTriggers,Week,1,800,Arab Standard Time,DAIBGAPWSDLV1,/subscriptions/43cc4f11-ffb1-4a0d-8420-0ba3746b4248/resourceGroups/BAB-DEV-IBG-SWEC-RG-01/providers/Microsoft.Compute/virtualMachines/DAIBGAPWSDLV1,43cc4f11-ffb1-4a0d-8420-0ba3746b4248,BAB-DEV-IBG-SWEC-RG-01,swedencentral,AP,appweb,bab-dev-ibg-appweb-start-01,43cc4f11-ffb1-4a0d-8420-0ba3746b4248|BAB-DEV-IBG-SWEC-RG-01|dev|ibg|appweb|0800,Ready
bab-ibg-dev_vms_Scheduled_start,/subscriptions/d88f0b5b-6660-4607-8c6a-395820400912/resourceGroups/bab-core-auto-weeu-rg-01/providers/Microsoft.Logic/workflows/bab-ibg-dev_vms_Scheduled_start,Enabled,dev,ibg,ScheduledStartTriggers,Week,1,800,Arab Standard Time,DAIBGAPWSDLV2,/subscriptions/43cc4f11-ffb1-4a0d-8420-0ba3746b4248/resourceGroups/BAB-DEV-IBG-SWEC-RG-01/providers/Microsoft.Compute/virtualMachines/DAIBGAPWSDLV2,43cc4f11-ffb1-4a0d-8420-0ba3746b4248,BAB-DEV-IBG-SWEC-RG-01,swedencentral,AP,appweb,bab-dev-ibg-appweb-start-01,43cc4f11-ffb1-4a0d-8420-0ba3746b4248|BAB-DEV-IBG-SWEC-RG-01|dev|ibg|appweb|0800,Ready
bab-ipay-dev_vms_Scheduled_start,/subscriptions/d88f0b5b-6660-4607-8c6a-395820400912/resourceGroups/bab-core-auto-weeu-rg-01/providers/Microsoft.Logic/workflows/bab-ipay-dev_vms_Scheduled_start,Enabled,dev,ipay,ScheduledStartTriggers,Week,1,800,Arab Standard Time,DAIPYAPXXDWV1,/subscriptions/43cc4f11-ffb1-4a0d-8420-0ba3746b4248/resourceGroups/bab-dev-ipay-swec-rg-01/providers/Microsoft.Compute/virtualMachines/DAIPYAPXXDWV1,43cc4f11-ffb1-4a0d-8420-0ba3746b4248,bab-dev-ipay-swec-rg-01,swedencentral,AP,appweb,bab-dev-ipay-appweb-start-01,43cc4f11-ffb1-4a0d-8420-0ba3746b4248|bab-dev-ipay-swec-rg-01|dev|ipay|appweb|0800,Ready
bab-ipay-dev_db_Scheduled_start,/subscriptions/d88f0b5b-6660-4607-8c6a-395820400912/resourceGroups/bab-core-auto-weeu-rg-01/providers/Microsoft.Logic/workflows/bab-ipay-dev_db_Scheduled_start,Enabled,dev,ipay,ScheduledStartTriggers,Week,1,800,Arab Standard Time,DAIPYDBSQDWV1,/subscriptions/43cc4f11-ffb1-4a0d-8420-0ba3746b4248/resourceGroups/BAB-DEV-IPAY-SWEC-RG-01/providers/Microsoft.Compute/virtualMachines/DAIPYDBSQDWV1,43cc4f11-ffb1-4a0d-8420-0ba3746b4248,BAB-DEV-IPAY-SWEC-RG-01,swedencentral,DB,db,bab-dev-ipay-db-start-01,43cc4f11-ffb1-4a0d-8420-0ba3746b4248|BAB-DEV-IPAY-SWEC-RG-01|dev|ipay|db|0800,Ready
bab-jms-dev_vms_Scheduled_start,/subscriptions/d88f0b5b-6660-4607-8c6a-395820400912/resourceGroups/bab-core-auto-weeu-rg-01/providers/Microsoft.Logic/workflows/bab-jms-dev_vms_Scheduled_start,Enabled,dev,jms,ScheduledStartTriggers,Week,1,800,Arab Standard Time,DAJMSAPDLV1,/subscriptions/43cc4f11-ffb1-4a0d-8420-0ba3746b4248/resourceGroups/BAB-DEV-JMS-SWEC-RG-01/providers/Microsoft.Compute/virtualMachines/DAJMSAPDLV1,43cc4f11-ffb1-4a0d-8420-0ba3746b4248,BAB-DEV-JMS-SWEC-RG-01,swedencentral,AP,appweb,bab-dev-jms-appweb-start-01,43cc4f11-ffb1-4a0d-8420-0ba3746b4248|BAB-DEV-JMS-SWEC-RG-01|dev|jms|appweb|0800,Ready
bab-jms-dev_vms_Scheduled_start,/subscriptions/d88f0b5b-6660-4607-8c6a-395820400912/resourceGroups/bab-core-auto-weeu-rg-01/providers/Microsoft.Logic/workflows/bab-jms-dev_vms_Scheduled_start,Enabled,dev,jms,ScheduledStartTriggers,Week,1,800,Arab Standard Time,DAJMSAPDLV2,/subscriptions/43cc4f11-ffb1-4a0d-8420-0ba3746b4248/resourceGroups/BAB-DEV-JMS-SWEC-RG-01/providers/Microsoft.Compute/virtualMachines/DAJMSAPDLV2,43cc4f11-ffb1-4a0d-8420-0ba3746b4248,BAB-DEV-JMS-SWEC-RG-01,swedencentral,AP,appweb,bab-dev-jms-appweb-start-01,43cc4f11-ffb1-4a0d-8420-0ba3746b4248|BAB-DEV-JMS-SWEC-RG-01|dev|jms|appweb|0800,Ready
bab-jms-dev_vms_Scheduled_start,/subscriptions/d88f0b5b-6660-4607-8c6a-395820400912/resourceGroups/bab-core-auto-weeu-rg-01/providers/Microsoft.Logic/workflows/bab-jms-dev_vms_Scheduled_start,Enabled,dev,jms,ScheduledStartTriggers,Week,1,800,Arab Standard Time,DAMVSAPREDWV1,/subscriptions/43cc4f11-ffb1-4a0d-8420-0ba3746b4248/resourceGroups/bab-dev-jms-swec-rg-01/providers/Microsoft.Compute/virtualMachines/DAMVSAPREDWV1,43cc4f11-ffb1-4a0d-8420-0ba3746b4248,bab-dev-jms-swec-rg-01,swedencentral,AP,appweb,bab-dev-jms-appweb-start-01,43cc4f11-ffb1-4a0d-8420-0ba3746b4248|bab-dev-jms-swec-rg-01|dev|jms|appweb|0800,Ready
bab-jms-dev_db_Scheduled_start,/subscriptions/d88f0b5b-6660-4607-8c6a-395820400912/resourceGroups/bab-core-auto-weeu-rg-01/providers/Microsoft.Logic/workflows/bab-jms-dev_db_Scheduled_start,Enabled,dev,jms,ScheduledStartTriggers,Week,1,800,Arab Standard Time,DAJMGDBSQDWV1,/subscriptions/43cc4f11-ffb1-4a0d-8420-0ba3746b4248/resourceGroups/bab-dev-jms-swec-rg-01/providers/Microsoft.Compute/virtualMachines/DAJMGDBSQDWV1,43cc4f11-ffb1-4a0d-8420-0ba3746b4248,bab-dev-jms-swec-rg-01,swedencentral,DB,db,bab-dev-jms-db-start-01,43cc4f11-ffb1-4a0d-8420-0ba3746b4248|bab-dev-jms-swec-rg-01|dev|jms|db|0800,Ready
bab-kfk-dev_vms_Scheduled_start,/subscriptions/d88f0b5b-6660-4607-8c6a-395820400912/resourceGroups/bab-core-auto-weeu-rg-01/providers/Microsoft.Logic/workflows/bab-kfk-dev_vms_Scheduled_start,Enabled,dev,kfk,ScheduledStartTriggers,Week,1,800,Arab Standard Time,DARMBKFKLV01,/subscriptions/43cc4f11-ffb1-4a0d-8420-0ba3746b4248/resourceGroups/bab-dev-kfk-swec-rg-01/providers/Microsoft.Compute/virtualMachines/DARMBKFKLV01,43cc4f11-ffb1-4a0d-8420-0ba3746b4248,bab-dev-kfk-swec-rg-01,swedencentral,,appweb,bab-dev-kfk-appweb-start-01,43cc4f11-ffb1-4a0d-8420-0ba3746b4248|bab-dev-kfk-swec-rg-01|dev|kfk|unknown|0800,Ready
bab-kfk-dev_vms_Scheduled_start,/subscriptions/d88f0b5b-6660-4607-8c6a-395820400912/resourceGroups/bab-core-auto-weeu-rg-01/providers/Microsoft.Logic/workflows/bab-kfk-dev_vms_Scheduled_start,Enabled,dev,kfk,ScheduledStartTriggers,Week,1,800,Arab Standard Time,DARMBKFKLV02,/subscriptions/43cc4f11-ffb1-4a0d-8420-0ba3746b4248/resourceGroups/bab-dev-kfk-swec-rg-01/providers/Microsoft.Compute/virtualMachines/DARMBKFKLV02,43cc4f11-ffb1-4a0d-8420-0ba3746b4248,bab-dev-kfk-swec-rg-01,swedencentral,,appweb,bab-dev-kfk-appweb-start-01,43cc4f11-ffb1-4a0d-8420-0ba3746b4248|bab-dev-kfk-swec-rg-01|dev|kfk|unknown|0800,Ready
bab-kfk-dev_vms_Scheduled_start,/subscriptions/d88f0b5b-6660-4607-8c6a-395820400912/resourceGroups/bab-core-auto-weeu-rg-01/providers/Microsoft.Logic/workflows/bab-kfk-dev_vms_Scheduled_start,Enabled,dev,kfk,ScheduledStartTriggers,Week,1,800,Arab Standard Time,DARMBKFKLV03,/subscriptions/43cc4f11-ffb1-4a0d-8420-0ba3746b4248/resourceGroups/bab-dev-kfk-swec-rg-01/providers/Microsoft.Compute/virtualMachines/DARMBKFKLV03,43cc4f11-ffb1-4a0d-8420-0ba3746b4248,bab-dev-kfk-swec-rg-01,swedencentral,,appweb,bab-dev-kfk-appweb-start-01,43cc4f11-ffb1-4a0d-8420-0ba3746b4248|bab-dev-kfk-swec-rg-01|dev|kfk|unknown|0800,Ready
bab-mobilebanking-dev_vms_Scheduled_start,/subscriptions/d88f0b5b-6660-4607-8c6a-395820400912/resourceGroups/bab-core-auto-weeu-rg-01/providers/Microsoft.Logic/workflows/bab-mobilebanking-dev_vms_Scheduled_start,Enabled,dev,mobile-banking,ScheduledStartTriggers,Week,1,800,Arab Standard Time,DARMBAPWSDLV1,/subscriptions/43cc4f11-ffb1-4a0d-8420-0ba3746b4248/resourceGroups/BAB-DEV-MOBILE-BANKING-SWEC-RG-01/providers/Microsoft.Compute/virtualMachines/DARMBAPWSDLV1,43cc4f11-ffb1-4a0d-8420-0ba3746b4248,BAB-DEV-MOBILE-BANKING-SWEC-RG-01,swedencentral,AP,appweb,bab-dev-mobile-banking-appweb-start-01,43cc4f11-ffb1-4a0d-8420-0ba3746b4248|BAB-DEV-MOBILE-BANKING-SWEC-RG-01|dev|mobile-banking|appweb|0800,Ready
bab-modcred-dev_vms_Scheduled_appweb,/subscriptions/d88f0b5b-6660-4607-8c6a-395820400912/resourceGroups/bab-core-auto-weeu-rg-01/providers/Microsoft.Logic/workflows/bab-modcred-dev_vms_Scheduled_appweb,Enabled,dev,modcred,ScheduledStartTriggers,Week,1,800,Arab Standard Time,DAMODAPWBDWV1,/subscriptions/43cc4f11-ffb1-4a0d-8420-0ba3746b4248/resourceGroups/BAB-DEV-MODCRED-SWEC-RG-01/providers/Microsoft.Compute/virtualMachines/DAMODAPWBDWV1,43cc4f11-ffb1-4a0d-8420-0ba3746b4248,BAB-DEV-MODCRED-SWEC-RG-01,swedencentral,APWB,appweb,bab-dev-modcred-appweb-start-01,43cc4f11-ffb1-4a0d-8420-0ba3746b4248|BAB-DEV-MODCRED-SWEC-RG-01|dev|modcred|appweb|0800,Ready
bab-modcred-dev_vms_Scheduled_db,/subscriptions/d88f0b5b-6660-4607-8c6a-395820400912/resourceGroups/bab-core-auto-weeu-rg-01/providers/Microsoft.Logic/workflows/bab-modcred-dev_vms_Scheduled_db,Enabled,dev,modcred,ScheduledStartTriggers,Week,1,750,Arab Standard Time,DAMODDBORDLV1,/subscriptions/43cc4f11-ffb1-4a0d-8420-0ba3746b4248/resourceGroups/BAB-DEV-MODCRED-SWEC-RG-01/providers/Microsoft.Compute/virtualMachines/DAMODDBORDLV1,43cc4f11-ffb1-4a0d-8420-0ba3746b4248,BAB-DEV-MODCRED-SWEC-RG-01,swedencentral,DB,db,bab-dev-modcred-db-start-01,43cc4f11-ffb1-4a0d-8420-0ba3746b4248|BAB-DEV-MODCRED-SWEC-RG-01|dev|modcred|db|0750,Ready
bab-dev-mog-db-start-01,/subscriptions/d88f0b5b-6660-4607-8c6a-395820400912/resourceGroups/bab-core-auto-weeu-rg-01/providers/Microsoft.Logic/workflows/bab-dev-mog-db-start-01,Enabled,dev,mogdb,Recurrence,Week,1,700,Arab Standard Time,DAMOGDBORDLV1,/subscriptions/43cc4f11-ffb1-4a0d-8420-0ba3746b4248/resourceGroups/bab-dev-mogdb-swec-rg-01/providers/Microsoft.Compute/virtualMachines/DAMOGDBORDLV1,43cc4f11-ffb1-4a0d-8420-0ba3746b4248,bab-dev-mogdb-swec-rg-01,swedencentral,DB,db,bab-dev-mogdb-db-start-01,43cc4f11-ffb1-4a0d-8420-0ba3746b4248|bab-dev-mogdb-swec-rg-01|dev|mogdb|db|0700,Ready
bab-dev-mog-db-start-01,/subscriptions/d88f0b5b-6660-4607-8c6a-395820400912/resourceGroups/bab-core-auto-weeu-rg-01/providers/Microsoft.Logic/workflows/bab-dev-mog-db-start-01,Enabled,dev,mogdb,Recurrence,Week,1,700,Arab Standard Time,DAMOGDBORDLV2,/subscriptions/43cc4f11-ffb1-4a0d-8420-0ba3746b4248/resourceGroups/bab-dev-mogdb-swec-rg-01/providers/Microsoft.Compute/virtualMachines/DAMOGDBORDLV2,43cc4f11-ffb1-4a0d-8420-0ba3746b4248,bab-dev-mogdb-swec-rg-01,swedencentral,DB,db,bab-dev-mogdb-db-start-01,43cc4f11-ffb1-4a0d-8420-0ba3746b4248|bab-dev-mogdb-swec-rg-01|dev|mogdb|db|0700,Ready
bab-dev-mog-db-start-01,/subscriptions/d88f0b5b-6660-4607-8c6a-395820400912/resourceGroups/bab-core-auto-weeu-rg-01/providers/Microsoft.Logic/workflows/bab-dev-mog-db-start-01,Enabled,dev,mogdb,Recurrence,Week,1,700,Arab Standard Time,DAMOGDBORDLV3,/subscriptions/43cc4f11-ffb1-4a0d-8420-0ba3746b4248/resourceGroups/bab-dev-mogdb-swec-rg-01/providers/Microsoft.Compute/virtualMachines/DAMOGDBORDLV3,43cc4f11-ffb1-4a0d-8420-0ba3746b4248,bab-dev-mogdb-swec-rg-01,swedencentral,DB,db,bab-dev-mogdb-db-start-01,43cc4f11-ffb1-4a0d-8420-0ba3746b4248|bab-dev-mogdb-swec-rg-01|dev|mogdb|db|0700,Ready
ststv2_MUB-dev_vms_Scheduled_start,/subscriptions/d88f0b5b-6660-4607-8c6a-395820400912/resourceGroups/bab-core-auto-weeu-rg-01/providers/Microsoft.Logic/workflows/ststv2_MUB-dev_vms_Scheduled_start,Enabled,dev,mub,Recurrence,Week,1,700,Arab Standard Time,D2MUBAPJBDWV1,/subscriptions/43cc4f11-ffb1-4a0d-8420-0ba3746b4248/resourceGroups/bab-dev-mub-swec-rg-01/providers/Microsoft.Compute/virtualMachines/D2MUBAPJBDWV1,43cc4f11-ffb1-4a0d-8420-0ba3746b4248,bab-dev-mub-swec-rg-01,swedencentral,AP,appweb,bab-dev-mub-appweb-start-01,43cc4f11-ffb1-4a0d-8420-0ba3746b4248|bab-dev-mub-swec-rg-01|dev|mub|appweb|0700,Ready
ststv2_MUB-dev_vms_Scheduled_start,/subscriptions/d88f0b5b-6660-4607-8c6a-395820400912/resourceGroups/bab-core-auto-weeu-rg-01/providers/Microsoft.Logic/workflows/ststv2_MUB-dev_vms_Scheduled_start,Enabled,dev,mub,Recurrence,Week,1,700,Arab Standard Time,D2MUBAPJBDWV2,/subscriptions/43cc4f11-ffb1-4a0d-8420-0ba3746b4248/resourceGroups/bab-dev-mub-swec-rg-01/providers/Microsoft.Compute/virtualMachines/D2MUBAPJBDWV2,43cc4f11-ffb1-4a0d-8420-0ba3746b4248,bab-dev-mub-swec-rg-01,swedencentral,AP,appweb,bab-dev-mub-appweb-start-01,43cc4f11-ffb1-4a0d-8420-0ba3746b4248|bab-dev-mub-swec-rg-01|dev|mub|appweb|0700,Ready
ststv2_MUB-dev_vms_Scheduled_start,/subscriptions/d88f0b5b-6660-4607-8c6a-395820400912/resourceGroups/bab-core-auto-weeu-rg-01/providers/Microsoft.Logic/workflows/ststv2_MUB-dev_vms_Scheduled_start,Enabled,dev,mub,Recurrence,Week,1,700,Arab Standard Time,D2MUBAPJBDWV3,/subscriptions/43cc4f11-ffb1-4a0d-8420-0ba3746b4248/resourceGroups/bab-dev-mub-swec-rg-01/providers/Microsoft.Compute/virtualMachines/D2MUBAPJBDWV3,43cc4f11-ffb1-4a0d-8420-0ba3746b4248,bab-dev-mub-swec-rg-01,swedencentral,AP,appweb,bab-dev-mub-appweb-start-01,43cc4f11-ffb1-4a0d-8420-0ba3746b4248|bab-dev-mub-swec-rg-01|dev|mub|appweb|0700,Ready
ststv2_MUB-dev_vms_Scheduled_start,/subscriptions/d88f0b5b-6660-4607-8c6a-395820400912/resourceGroups/bab-core-auto-weeu-rg-01/providers/Microsoft.Logic/workflows/ststv2_MUB-dev_vms_Scheduled_start,Enabled,dev,mub,Recurrence,Week,1,700,Arab Standard Time,DAMUBAPCODWV1,/subscriptions/43cc4f11-ffb1-4a0d-8420-0ba3746b4248/resourceGroups/bab-dev-mub-swec-rg-01/providers/Microsoft.Compute/virtualMachines/DAMUBAPCODWV1,43cc4f11-ffb1-4a0d-8420-0ba3746b4248,bab-dev-mub-swec-rg-01,swedencentral,AP,appweb,bab-dev-mub-appweb-start-01,43cc4f11-ffb1-4a0d-8420-0ba3746b4248|bab-dev-mub-swec-rg-01|dev|mub|appweb|0700,Ready
ststv2_MUB-dev_vms_Scheduled_start,/subscriptions/d88f0b5b-6660-4607-8c6a-395820400912/resourceGroups/bab-core-auto-weeu-rg-01/providers/Microsoft.Logic/workflows/ststv2_MUB-dev_vms_Scheduled_start,Enabled,dev,mub,Recurrence,Week,1,700,Arab Standard Time,DAMUBAPCODWV2,/subscriptions/43cc4f11-ffb1-4a0d-8420-0ba3746b4248/resourceGroups/bab-dev-mub-swec-rg-01/providers/Microsoft.Compute/virtualMachines/DAMUBAPCODWV2,43cc4f11-ffb1-4a0d-8420-0ba3746b4248,bab-dev-mub-swec-rg-01,swedencentral,AP,appweb,bab-dev-mub-appweb-start-01,43cc4f11-ffb1-4a0d-8420-0ba3746b4248|bab-dev-mub-swec-rg-01|dev|mub|appweb|0700,Ready
ststv2_MUB-dev_vms_Scheduled_start,/subscriptions/d88f0b5b-6660-4607-8c6a-395820400912/resourceGroups/bab-core-auto-weeu-rg-01/providers/Microsoft.Logic/workflows/ststv2_MUB-dev_vms_Scheduled_start,Enabled,dev,mub,Recurrence,Week,1,700,Arab Standard Time,DAMUBAPJBDWV1,/subscriptions/43cc4f11-ffb1-4a0d-8420-0ba3746b4248/resourceGroups/bab-dev-mub-swec-rg-01/providers/Microsoft.Compute/virtualMachines/DAMUBAPJBDWV1,43cc4f11-ffb1-4a0d-8420-0ba3746b4248,bab-dev-mub-swec-rg-01,swedencentral,AP,appweb,bab-dev-mub-appweb-start-01,43cc4f11-ffb1-4a0d-8420-0ba3746b4248|bab-dev-mub-swec-rg-01|dev|mub|appweb|0700,Ready
ststv2_MUB-dev_vms_Scheduled_start,/subscriptions/d88f0b5b-6660-4607-8c6a-395820400912/resourceGroups/bab-core-auto-weeu-rg-01/providers/Microsoft.Logic/workflows/ststv2_MUB-dev_vms_Scheduled_start,Enabled,dev,mub,Recurrence,Week,1,700,Arab Standard Time,DAMUBAPMGDWV01,/subscriptions/43cc4f11-ffb1-4a0d-8420-0ba3746b4248/resourceGroups/bab-dev-mub-swec-rg-01/providers/Microsoft.Compute/virtualMachines/DAMUBAPMGDWV01,43cc4f11-ffb1-4a0d-8420-0ba3746b4248,bab-dev-mub-swec-rg-01,swedencentral,AP,appweb,bab-dev-mub-appweb-start-01,43cc4f11-ffb1-4a0d-8420-0ba3746b4248|bab-dev-mub-swec-rg-01|dev|mub|appweb|0700,Ready
ststv2_MUB-dev_vms_Scheduled_start,/subscriptions/d88f0b5b-6660-4607-8c6a-395820400912/resourceGroups/bab-core-auto-weeu-rg-01/providers/Microsoft.Logic/workflows/ststv2_MUB-dev_vms_Scheduled_start,Enabled,dev,mub,Recurrence,Week,1,700,Arab Standard Time,DAMUBCSMAPWV01,/subscriptions/43cc4f11-ffb1-4a0d-8420-0ba3746b4248/resourceGroups/bab-dev-mub-swec-rg-01/providers/Microsoft.Compute/virtualMachines/DAMUBCSMAPWV01,43cc4f11-ffb1-4a0d-8420-0ba3746b4248,bab-dev-mub-swec-rg-01,swedencentral,AP,appweb,bab-dev-mub-appweb-start-01,43cc4f11-ffb1-4a0d-8420-0ba3746b4248|bab-dev-mub-swec-rg-01|dev|mub|appweb|0700,Ready
ststv2_MUB-dev_vms_Scheduled_start,/subscriptions/d88f0b5b-6660-4607-8c6a-395820400912/resourceGroups/bab-core-auto-weeu-rg-01/providers/Microsoft.Logic/workflows/ststv2_MUB-dev_vms_Scheduled_start,Enabled,dev,mub,Recurrence,Week,1,700,Arab Standard Time,DAMUBOMSAPWV01,/subscriptions/43cc4f11-ffb1-4a0d-8420-0ba3746b4248/resourceGroups/bab-dev-mub-swec-rg-01/providers/Microsoft.Compute/virtualMachines/DAMUBOMSAPWV01,43cc4f11-ffb1-4a0d-8420-0ba3746b4248,bab-dev-mub-swec-rg-01,swedencentral,AP,appweb,bab-dev-mub-appweb-start-01,43cc4f11-ffb1-4a0d-8420-0ba3746b4248|bab-dev-mub-swec-rg-01|dev|mub|appweb|0700,Ready
ststv2_MUB-dev_vms_Scheduled_start,/subscriptions/d88f0b5b-6660-4607-8c6a-395820400912/resourceGroups/bab-core-auto-weeu-rg-01/providers/Microsoft.Logic/workflows/ststv2_MUB-dev_vms_Scheduled_start,Enabled,dev,mub,Recurrence,Week,1,700,Arab Standard Time,DAMUBOMSAPWV02,/subscriptions/43cc4f11-ffb1-4a0d-8420-0ba3746b4248/resourceGroups/bab-dev-mub-swec-rg-01/providers/Microsoft.Compute/virtualMachines/DAMUBOMSAPWV02,43cc4f11-ffb1-4a0d-8420-0ba3746b4248,bab-dev-mub-swec-rg-01,swedencentral,AP,appweb,bab-dev-mub-appweb-start-01,43cc4f11-ffb1-4a0d-8420-0ba3746b4248|bab-dev-mub-swec-rg-01|dev|mub|appweb|0700,Ready
ststv2_MUB-dev_vms_Scheduled_start,/subscriptions/d88f0b5b-6660-4607-8c6a-395820400912/resourceGroups/bab-core-auto-weeu-rg-01/providers/Microsoft.Logic/workflows/ststv2_MUB-dev_vms_Scheduled_start,Enabled,dev,mub,Recurrence,Week,1,700,Arab Standard Time,DAMUBOMSAPWV03,/subscriptions/43cc4f11-ffb1-4a0d-8420-0ba3746b4248/resourceGroups/bab-dev-mub-swec-rg-01/providers/Microsoft.Compute/virtualMachines/DAMUBOMSAPWV03,43cc4f11-ffb1-4a0d-8420-0ba3746b4248,bab-dev-mub-swec-rg-01,swedencentral,AP,appweb,bab-dev-mub-appweb-start-01,43cc4f11-ffb1-4a0d-8420-0ba3746b4248|bab-dev-mub-swec-rg-01|dev|mub|appweb|0700,Ready
ststv2_MUB-dev_vms_Scheduled_start,/subscriptions/d88f0b5b-6660-4607-8c6a-395820400912/resourceGroups/bab-core-auto-weeu-rg-01/providers/Microsoft.Logic/workflows/ststv2_MUB-dev_vms_Scheduled_start,Enabled,dev,mub,Recurrence,Week,1,700,Arab Standard Time,DAMUBSCMAPWV01-new,/subscriptions/43cc4f11-ffb1-4a0d-8420-0ba3746b4248/resourceGroups/bab-dev-mub-swec-rg-01/providers/Microsoft.Compute/virtualMachines/DAMUBSCMAPWV01-new,43cc4f11-ffb1-4a0d-8420-0ba3746b4248,bab-dev-mub-swec-rg-01,swedencentral,AP,appweb,bab-dev-mub-appweb-start-01,43cc4f11-ffb1-4a0d-8420-0ba3746b4248|bab-dev-mub-swec-rg-01|dev|mub|appweb|0700,Ready
ststv2_MUB-dev_vms_Scheduled_start,/subscriptions/d88f0b5b-6660-4607-8c6a-395820400912/resourceGroups/bab-core-auto-weeu-rg-01/providers/Microsoft.Logic/workflows/ststv2_MUB-dev_vms_Scheduled_start,Enabled,dev,mub,Recurrence,Week,1,700,Arab Standard Time,DAMUBSMSAPWV01,/subscriptions/43cc4f11-ffb1-4a0d-8420-0ba3746b4248/resourceGroups/bab-dev-mub-swec-rg-01/providers/Microsoft.Compute/virtualMachines/DAMUBSMSAPWV01,43cc4f11-ffb1-4a0d-8420-0ba3746b4248,bab-dev-mub-swec-rg-01,swedencentral,AP,appweb,bab-dev-mub-appweb-start-01,43cc4f11-ffb1-4a0d-8420-0ba3746b4248|bab-dev-mub-swec-rg-01|dev|mub|appweb|0700,Ready
ststv2_MUB-dev_vms_Scheduled_start,/subscriptions/d88f0b5b-6660-4607-8c6a-395820400912/resourceGroups/bab-core-auto-weeu-rg-01/providers/Microsoft.Logic/workflows/ststv2_MUB-dev_vms_Scheduled_start,Enabled,dev,mub,Recurrence,Week,1,700,Arab Standard Time,DAMUBTRSAPWV01,/subscriptions/43cc4f11-ffb1-4a0d-8420-0ba3746b4248/resourceGroups/bab-dev-mub-swec-rg-01/providers/Microsoft.Compute/virtualMachines/DAMUBTRSAPWV01,43cc4f11-ffb1-4a0d-8420-0ba3746b4248,bab-dev-mub-swec-rg-01,swedencentral,AP,appweb,bab-dev-mub-appweb-start-01,43cc4f11-ffb1-4a0d-8420-0ba3746b4248|bab-dev-mub-swec-rg-01|dev|mub|appweb|0700,Ready
ststv2_MUB-dev_vms_Scheduled_start,/subscriptions/d88f0b5b-6660-4607-8c6a-395820400912/resourceGroups/bab-core-auto-weeu-rg-01/providers/Microsoft.Logic/workflows/ststv2_MUB-dev_vms_Scheduled_start,Enabled,dev,mub,Recurrence,Week,1,700,Arab Standard Time,DAMUBWBAPDWV1,/subscriptions/43cc4f11-ffb1-4a0d-8420-0ba3746b4248/resourceGroups/bab-dev-mub-swec-rg-01/providers/Microsoft.Compute/virtualMachines/DAMUBWBAPDWV1,43cc4f11-ffb1-4a0d-8420-0ba3746b4248,bab-dev-mub-swec-rg-01,swedencentral,AP,appweb,bab-dev-mub-appweb-start-01,43cc4f11-ffb1-4a0d-8420-0ba3746b4248|bab-dev-mub-swec-rg-01|dev|mub|appweb|0700,Ready
ststv2_MUB-dev_vms_Scheduled_start,/subscriptions/d88f0b5b-6660-4607-8c6a-395820400912/resourceGroups/bab-core-auto-weeu-rg-01/providers/Microsoft.Logic/workflows/ststv2_MUB-dev_vms_Scheduled_start,Enabled,dev,mub,Recurrence,Week,1,700,Arab Standard Time,DAMUBWBAPDWV2,/subscriptions/43cc4f11-ffb1-4a0d-8420-0ba3746b4248/resourceGroups/bab-dev-mub-swec-rg-01/providers/Microsoft.Compute/virtualMachines/DAMUBWBAPDWV2,43cc4f11-ffb1-4a0d-8420-0ba3746b4248,bab-dev-mub-swec-rg-01,swedencentral,AP,appweb,bab-dev-mub-appweb-start-01,43cc4f11-ffb1-4a0d-8420-0ba3746b4248|bab-dev-mub-swec-rg-01|dev|mub|appweb|0700,Ready
ststv2_MUB-dev_vms_Scheduled_start,/subscriptions/d88f0b5b-6660-4607-8c6a-395820400912/resourceGroups/bab-core-auto-weeu-rg-01/providers/Microsoft.Logic/workflows/ststv2_MUB-dev_vms_Scheduled_start,Enabled,dev,mub,Recurrence,Week,1,700,Arab Standard Time,DAMUBWBMGDWV01,/subscriptions/43cc4f11-ffb1-4a0d-8420-0ba3746b4248/resourceGroups/bab-dev-mub-swec-rg-01/providers/Microsoft.Compute/virtualMachines/DAMUBWBMGDWV01,43cc4f11-ffb1-4a0d-8420-0ba3746b4248,bab-dev-mub-swec-rg-01,swedencentral,WB,appweb,bab-dev-mub-appweb-start-01,43cc4f11-ffb1-4a0d-8420-0ba3746b4248|bab-dev-mub-swec-rg-01|dev|mub|appweb|0700,Ready
ststv2_MUB-dev_vms_Scheduled_start,/subscriptions/d88f0b5b-6660-4607-8c6a-395820400912/resourceGroups/bab-core-auto-weeu-rg-01/providers/Microsoft.Logic/workflows/ststv2_MUB-dev_vms_Scheduled_start,Enabled,dev,mub,Recurrence,Week,1,700,Arab Standard Time,DAMUBWBWV01,/subscriptions/43cc4f11-ffb1-4a0d-8420-0ba3746b4248/resourceGroups/bab-dev-mub-swec-rg-01/providers/Microsoft.Compute/virtualMachines/DAMUBWBWV01,43cc4f11-ffb1-4a0d-8420-0ba3746b4248,bab-dev-mub-swec-rg-01,swedencentral,WB,appweb,bab-dev-mub-appweb-start-01,43cc4f11-ffb1-4a0d-8420-0ba3746b4248|bab-dev-mub-swec-rg-01|dev|mub|appweb|0700,Ready
ststv2_MUB-dev_vms_Scheduled_start,/subscriptions/d88f0b5b-6660-4607-8c6a-395820400912/resourceGroups/bab-core-auto-weeu-rg-01/providers/Microsoft.Logic/workflows/ststv2_MUB-dev_vms_Scheduled_start,Enabled,dev,mub,Recurrence,Week,1,700,Arab Standard Time,DAMUBDBORDLV01,/subscriptions/43cc4f11-ffb1-4a0d-8420-0ba3746b4248/resourceGroups/bab-dev-mub-swec-rg-01/providers/Microsoft.Compute/virtualMachines/DAMUBDBORDLV01,43cc4f11-ffb1-4a0d-8420-0ba3746b4248,bab-dev-mub-swec-rg-01,swedencentral,DB,db,bab-dev-mub-db-start-01,43cc4f11-ffb1-4a0d-8420-0ba3746b4248|bab-dev-mub-swec-rg-01|dev|mub|db|0700,Ready
bab-mux-dev_vms_Scheduled_appweb,/subscriptions/d88f0b5b-6660-4607-8c6a-395820400912/resourceGroups/bab-core-auto-weeu-rg-01/providers/Microsoft.Logic/workflows/bab-mux-dev_vms_Scheduled_appweb,Enabled,dev,mux,ScheduledStartTriggers,Week,1,800,Arab Standard Time,DATMSAPMODLV1,/subscriptions/43cc4f11-ffb1-4a0d-8420-0ba3746b4248/resourceGroups/bab-dev-mux-swec-rg-01/providers/Microsoft.Compute/virtualMachines/DATMSAPMODLV1,43cc4f11-ffb1-4a0d-8420-0ba3746b4248,bab-dev-mux-swec-rg-01,swedencentral,AP,appweb,bab-dev-mux-appweb-start-01,43cc4f11-ffb1-4a0d-8420-0ba3746b4248|bab-dev-mux-swec-rg-01|dev|mux|appweb|0800,Ready
bab-mux-dev_vms_Scheduled_db,/subscriptions/d88f0b5b-6660-4607-8c6a-395820400912/resourceGroups/bab-core-auto-weeu-rg-01/providers/Microsoft.Logic/workflows/bab-mux-dev_vms_Scheduled_db,Enabled,dev,mux,ScheduledStartTriggers,Week,1,750,Arab Standard Time,DATMSDBORDLV1,/subscriptions/43cc4f11-ffb1-4a0d-8420-0ba3746b4248/resourceGroups/bab-dev-mux-swec-rg-01/providers/Microsoft.Compute/virtualMachines/DATMSDBORDLV1,43cc4f11-ffb1-4a0d-8420-0ba3746b4248,bab-dev-mux-swec-rg-01,swedencentral,DB,db,bab-dev-mux-db-start-01,43cc4f11-ffb1-4a0d-8420-0ba3746b4248|bab-dev-mux-swec-rg-01|dev|mux|db|0750,Ready
bab-new-bib-dev-db-start-01,/subscriptions/d88f0b5b-6660-4607-8c6a-395820400912/resourceGroups/bab-core-auto-weeu-rg-01/providers/Microsoft.Logic/workflows/bab-new-bib-dev-db-start-01,Enabled,dev,new-bib,ScheduledStartTriggers,Week,1,630,Arab Standard Time,DANBIBDBORDLV01,/subscriptions/43cc4f11-ffb1-4a0d-8420-0ba3746b4248/resourceGroups/bab-dev-new-bib-swec-rg-01/providers/Microsoft.Compute/virtualMachines/DANBIBDBORDLV01,43cc4f11-ffb1-4a0d-8420-0ba3746b4248,bab-dev-new-bib-swec-rg-01,swedencentral,DB,db,bab-dev-new-bib-db-start-01,43cc4f11-ffb1-4a0d-8420-0ba3746b4248|bab-dev-new-bib-swec-rg-01|dev|new-bib|db|0630,Ready
bab-dev-oab-appweb-start-01,/subscriptions/d88f0b5b-6660-4607-8c6a-395820400912/resourceGroups/bab-core-auto-weeu-rg-01/providers/Microsoft.Logic/workflows/bab-dev-oab-appweb-start-01,Enabled,dev,oab,ScheduledStartTriggers,Week,1,800,Arab Standard Time,DAOABAPDWV01,/subscriptions/43cc4f11-ffb1-4a0d-8420-0ba3746b4248/resourceGroups/bab-dev-oab-swec-rg-01/providers/Microsoft.Compute/virtualMachines/DAOABAPDWV01,43cc4f11-ffb1-4a0d-8420-0ba3746b4248,bab-dev-oab-swec-rg-01,swedencentral,AP,appweb,bab-dev-oab-appweb-start-01,43cc4f11-ffb1-4a0d-8420-0ba3746b4248|bab-dev-oab-swec-rg-01|dev|oab|appweb|0800,Ready
bab-dev-oab-db-start-01,/subscriptions/d88f0b5b-6660-4607-8c6a-395820400912/resourceGroups/bab-core-auto-weeu-rg-01/providers/Microsoft.Logic/workflows/bab-dev-oab-db-start-01,Enabled,dev,oab,ScheduledStartTriggers,Week,1,750,Arab Standard Time,DAOABDBDWV01,/subscriptions/43cc4f11-ffb1-4a0d-8420-0ba3746b4248/resourceGroups/bab-dev-oab-swec-rg-01/providers/Microsoft.Compute/virtualMachines/DAOABDBDWV01,43cc4f11-ffb1-4a0d-8420-0ba3746b4248,bab-dev-oab-swec-rg-01,swedencentral,DB,db,bab-dev-oab-db-start-01,43cc4f11-ffb1-4a0d-8420-0ba3746b4248|bab-dev-oab-swec-rg-01|dev|oab|db|0750,Ready
bab-odm-dev_db_Scheduled_appweb,/subscriptions/d88f0b5b-6660-4607-8c6a-395820400912/resourceGroups/bab-core-auto-weeu-rg-01/providers/Microsoft.Logic/workflows/bab-odm-dev_db_Scheduled_appweb,Enabled,dev,odm,ScheduledStartTriggers,Week,1,800,Arab Standard Time,DAENTDBSQDWV2,/subscriptions/43cc4f11-ffb1-4a0d-8420-0ba3746b4248/resourceGroups/BAB-DEV-ODM-SWEC-RG-01/providers/Microsoft.Compute/virtualMachines/DAENTDBSQDWV2,43cc4f11-ffb1-4a0d-8420-0ba3746b4248,BAB-DEV-ODM-SWEC-RG-01,swedencentral,DB,db,bab-dev-odm-db-start-01,43cc4f11-ffb1-4a0d-8420-0ba3746b4248|BAB-DEV-ODM-SWEC-RG-01|dev|odm|db|0800,Ready
bab-ods-dev_vms_Scheduled_db,/subscriptions/d88f0b5b-6660-4607-8c6a-395820400912/resourceGroups/bab-core-auto-weeu-rg-01/providers/Microsoft.Logic/workflows/bab-ods-dev_vms_Scheduled_db,Enabled,dev,ods,ScheduledStartTriggers,Week,1,750,Arab Standard Time,DAFATDBSQDWV1,/subscriptions/43cc4f11-ffb1-4a0d-8420-0ba3746b4248/resourceGroups/BAB-DEV-ODS-SWEC-RG-01/providers/Microsoft.Compute/virtualMachines/DAFATDBSQDWV1,43cc4f11-ffb1-4a0d-8420-0ba3746b4248,BAB-DEV-ODS-SWEC-RG-01,swedencentral,DB,db,bab-dev-ods-db-start-01,43cc4f11-ffb1-4a0d-8420-0ba3746b4248|BAB-DEV-ODS-SWEC-RG-01|dev|ods|db|0750,Ready
bab-ods-dev_vms_Scheduled_db,/subscriptions/d88f0b5b-6660-4607-8c6a-395820400912/resourceGroups/bab-core-auto-weeu-rg-01/providers/Microsoft.Logic/workflows/bab-ods-dev_vms_Scheduled_db,Enabled,dev,ods,ScheduledStartTriggers,Week,1,750,Arab Standard Time,DAODSDBORDLV2,/subscriptions/43cc4f11-ffb1-4a0d-8420-0ba3746b4248/resourceGroups/BAB-DEV-ODS-SWEC-RG-01/providers/Microsoft.Compute/virtualMachines/DAODSDBORDLV2,43cc4f11-ffb1-4a0d-8420-0ba3746b4248,BAB-DEV-ODS-SWEC-RG-01,swedencentral,DB,db,bab-dev-ods-db-start-01,43cc4f11-ffb1-4a0d-8420-0ba3746b4248|BAB-DEV-ODS-SWEC-RG-01|dev|ods|db|0750,Ready
bab-ods-dev_vms_Scheduled_db,/subscriptions/d88f0b5b-6660-4607-8c6a-395820400912/resourceGroups/bab-core-auto-weeu-rg-01/providers/Microsoft.Logic/workflows/bab-ods-dev_vms_Scheduled_db,Enabled,dev,ods,ScheduledStartTriggers,Week,1,750,Arab Standard Time,DAODSDBORDWV2,/subscriptions/43cc4f11-ffb1-4a0d-8420-0ba3746b4248/resourceGroups/bab-dev-ods-swec-rg-01/providers/Microsoft.Compute/virtualMachines/DAODSDBORDWV2,43cc4f11-ffb1-4a0d-8420-0ba3746b4248,bab-dev-ods-swec-rg-01,swedencentral,DB,db,bab-dev-ods-db-start-01,43cc4f11-ffb1-4a0d-8420-0ba3746b4248|bab-dev-ods-swec-rg-01|dev|ods|db|0750,Ready
bab-ods-dev_vms_Scheduled_db,/subscriptions/d88f0b5b-6660-4607-8c6a-395820400912/resourceGroups/bab-core-auto-weeu-rg-01/providers/Microsoft.Logic/workflows/bab-ods-dev_vms_Scheduled_db,Enabled,dev,ods,ScheduledStartTriggers,Week,1,750,Arab Standard Time,DASDBDBORDLV1,/subscriptions/43cc4f11-ffb1-4a0d-8420-0ba3746b4248/resourceGroups/BAB-DEV-ODS-SWEC-RG-01/providers/Microsoft.Compute/virtualMachines/DASDBDBORDLV1,43cc4f11-ffb1-4a0d-8420-0ba3746b4248,BAB-DEV-ODS-SWEC-RG-01,swedencentral,DB,db,bab-dev-ods-db-start-01,43cc4f11-ffb1-4a0d-8420-0ba3746b4248|BAB-DEV-ODS-SWEC-RG-01|dev|ods|db|0750,Ready
bab-dev-orch-db-start-01,/subscriptions/d88f0b5b-6660-4607-8c6a-395820400912/resourceGroups/bab-core-auto-weeu-rg-01/providers/Microsoft.Logic/workflows/bab-dev-orch-db-start-01,Enabled,dev,orch,ScheduledStartTrigger,Week,1,800,Arab Standard Time,DAORCHDBDLV01,/subscriptions/43cc4f11-ffb1-4a0d-8420-0ba3746b4248/resourceGroups/BAB-DEV-ORCH-SWEC-RG-01/providers/Microsoft.Compute/virtualMachines/DAORCHDBDLV01,43cc4f11-ffb1-4a0d-8420-0ba3746b4248,BAB-DEV-ORCH-SWEC-RG-01,swedencentral,DB,db,bab-dev-orch-db-start-01,43cc4f11-ffb1-4a0d-8420-0ba3746b4248|BAB-DEV-ORCH-SWEC-RG-01|dev|orch|db|0800,Ready
bab-dev-pbdh-db-start-01,/subscriptions/d88f0b5b-6660-4607-8c6a-395820400912/resourceGroups/bab-core-auto-weeu-rg-01/providers/Microsoft.Logic/workflows/bab-dev-pbdh-db-start-01,Enabled,dev,pbdh,ScheduledStartTriggers,Week,1,750,Arab Standard Time,DAPBDHDBSQDWV01,/subscriptions/43cc4f11-ffb1-4a0d-8420-0ba3746b4248/resourceGroups/bab-dev-pbdh-swec-rg-01/providers/Microsoft.Compute/virtualMachines/DAPBDHDBSQDWV01,43cc4f11-ffb1-4a0d-8420-0ba3746b4248,bab-dev-pbdh-swec-rg-01,swedencentral,AP,db,bab-dev-pbdh-db-start-01,43cc4f11-ffb1-4a0d-8420-0ba3746b4248|bab-dev-pbdh-swec-rg-01|dev|pbdh|appweb|0750,Ready
bab-dev-pbdh-appweb-start-01,/subscriptions/d88f0b5b-6660-4607-8c6a-395820400912/resourceGroups/bab-core-auto-weeu-rg-01/providers/Microsoft.Logic/workflows/bab-dev-pbdh-appweb-start-01,Enabled,dev,pbdh,ScheduledStartTriggers,Week,1,800,Arab Standard Time,DAPBDHAPDWV01,/subscriptions/43cc4f11-ffb1-4a0d-8420-0ba3746b4248/resourceGroups/bab-dev-pbdh-swec-rg-01/providers/Microsoft.Compute/virtualMachines/DAPBDHAPDWV01,43cc4f11-ffb1-4a0d-8420-0ba3746b4248,bab-dev-pbdh-swec-rg-01,swedencentral,AP,appweb,bab-dev-pbdh-appweb-start-01,43cc4f11-ffb1-4a0d-8420-0ba3746b4248|bab-dev-pbdh-swec-rg-01|dev|pbdh|appweb|0800,Ready
bab_pbi_dev_vms_Scheduled_db,/subscriptions/d88f0b5b-6660-4607-8c6a-395820400912/resourceGroups/bab-core-auto-weeu-rg-01/providers/Microsoft.Logic/workflows/bab_pbi_dev_vms_Scheduled_db,Enabled,dev,pbi,ScheduledStartTriggers,Week,1,750,Arab Standard Time,DAPBIDBSQDWV1,/subscriptions/43cc4f11-ffb1-4a0d-8420-0ba3746b4248/resourceGroups/BAB-DEV-PBI-SWEC-RG-01/providers/Microsoft.Compute/virtualMachines/DAPBIDBSQDWV1,43cc4f11-ffb1-4a0d-8420-0ba3746b4248,BAB-DEV-PBI-SWEC-RG-01,swedencentral,AP,appweb,bab-dev-pbi-appweb-start-01,43cc4f11-ffb1-4a0d-8420-0ba3746b4248|BAB-DEV-PBI-SWEC-RG-01|dev|pbi|appweb|0750,Ready
ststv2_pcc_dev_vms_Scheduled_start,/subscriptions/d88f0b5b-6660-4607-8c6a-395820400912/resourceGroups/bab-core-auto-weeu-rg-01/providers/Microsoft.Logic/workflows/ststv2_pcc_dev_vms_Scheduled_start,Enabled,dev,pcc,Recurrence,Week,1,800,Arab Standard Time,DAPCCAPDLV1,/subscriptions/43cc4f11-ffb1-4a0d-8420-0ba3746b4248/resourceGroups/bab-dev-pcc-swec-rg-01/providers/Microsoft.Compute/virtualMachines/DAPCCAPDLV1,43cc4f11-ffb1-4a0d-8420-0ba3746b4248,bab-dev-pcc-swec-rg-01,swedencentral,AP,appweb,bab-dev-pcc-appweb-start-01,43cc4f11-ffb1-4a0d-8420-0ba3746b4248|bab-dev-pcc-swec-rg-01|dev|pcc|appweb|0800,Ready
ststv2_pcc_dev_vms_Scheduled_start,/subscriptions/d88f0b5b-6660-4607-8c6a-395820400912/resourceGroups/bab-core-auto-weeu-rg-01/providers/Microsoft.Logic/workflows/ststv2_pcc_dev_vms_Scheduled_start,Enabled,dev,pcc,Recurrence,Week,1,800,Arab Standard Time,DAPCCWBDLV1,/subscriptions/43cc4f11-ffb1-4a0d-8420-0ba3746b4248/resourceGroups/bab-dev-pcc-swec-rg-01/providers/Microsoft.Compute/virtualMachines/DAPCCWBDLV1,43cc4f11-ffb1-4a0d-8420-0ba3746b4248,bab-dev-pcc-swec-rg-01,swedencentral,AP,appweb,bab-dev-pcc-appweb-start-01,43cc4f11-ffb1-4a0d-8420-0ba3746b4248|bab-dev-pcc-swec-rg-01|dev|pcc|appweb|0800,Ready
bab-dev-picm-appweb-start-01,/subscriptions/d88f0b5b-6660-4607-8c6a-395820400912/resourceGroups/bab-core-auto-weeu-rg-01/providers/Microsoft.Logic/workflows/bab-dev-picm-appweb-start-01,Enabled,dev,picm,ScheduledStartTrigger,Week,1,800,Arab Standard Time,DAPICMORDBDLV01,/subscriptions/43cc4f11-ffb1-4a0d-8420-0ba3746b4248/resourceGroups/bab-dev-picm-swec-rg-01/providers/Microsoft.Compute/virtualMachines/DAPICMORDBDLV01,43cc4f11-ffb1-4a0d-8420-0ba3746b4248,bab-dev-picm-swec-rg-01,swedencentral,AP,appweb,bab-dev-picm-appweb-start-01,43cc4f11-ffb1-4a0d-8420-0ba3746b4248|bab-dev-picm-swec-rg-01|dev|picm|appweb|0800,Ready
ststv2_rmb-rds_dev_vms_Scheduled_start,/subscriptions/d88f0b5b-6660-4607-8c6a-395820400912/resourceGroups/bab-core-auto-weeu-rg-01/providers/Microsoft.Logic/workflows/ststv2_rmb-rds_dev_vms_Scheduled_start,Enabled,dev,rmb-rds,Recurrence,Week,1,800,Arab Standard Time,DARDSDBORDLV1,/subscriptions/43cc4f11-ffb1-4a0d-8420-0ba3746b4248/resourceGroups/bab-dev-rmb-rds-swec-rg-01/providers/Microsoft.Compute/virtualMachines/DARDSDBORDLV1,43cc4f11-ffb1-4a0d-8420-0ba3746b4248,bab-dev-rmb-rds-swec-rg-01,swedencentral,DB,db,bab-dev-rmb-rds-db-start-01,43cc4f11-ffb1-4a0d-8420-0ba3746b4248|bab-dev-rmb-rds-swec-rg-01|dev|rmb-rds|db|0800,Ready
ststv2_rmb-rds_dev_vms_Scheduled_start,/subscriptions/d88f0b5b-6660-4607-8c6a-395820400912/resourceGroups/bab-core-auto-weeu-rg-01/providers/Microsoft.Logic/workflows/ststv2_rmb-rds_dev_vms_Scheduled_start,Enabled,dev,rmb-rds,Recurrence,Week,1,800,Arab Standard Time,DARDSDBORDLV2,/subscriptions/43cc4f11-ffb1-4a0d-8420-0ba3746b4248/resourceGroups/bab-dev-rmb-rds-swec-rg-01/providers/Microsoft.Compute/virtualMachines/DARDSDBORDLV2,43cc4f11-ffb1-4a0d-8420-0ba3746b4248,bab-dev-rmb-rds-swec-rg-01,swedencentral,DB,db,bab-dev-rmb-rds-db-start-01,43cc4f11-ffb1-4a0d-8420-0ba3746b4248|bab-dev-rmb-rds-swec-rg-01|dev|rmb-rds|db|0800,Ready
ststv2_rmb-rds_dev_vms_Scheduled_start,/subscriptions/d88f0b5b-6660-4607-8c6a-395820400912/resourceGroups/bab-core-auto-weeu-rg-01/providers/Microsoft.Logic/workflows/ststv2_rmb-rds_dev_vms_Scheduled_start,Enabled,dev,rmb-rds,Recurrence,Week,1,800,Arab Standard Time,DARDSDBORDLV3,/subscriptions/43cc4f11-ffb1-4a0d-8420-0ba3746b4248/resourceGroups/bab-dev-rmb-rds-swec-rg-01/providers/Microsoft.Compute/virtualMachines/DARDSDBORDLV3,43cc4f11-ffb1-4a0d-8420-0ba3746b4248,bab-dev-rmb-rds-swec-rg-01,swedencentral,DB,db,bab-dev-rmb-rds-db-start-01,43cc4f11-ffb1-4a0d-8420-0ba3746b4248|bab-dev-rmb-rds-swec-rg-01|dev|rmb-rds|db|0800,Ready
ststv2_rpa_dev-db_vms_Scheduled_start,/subscriptions/d88f0b5b-6660-4607-8c6a-395820400912/resourceGroups/bab-core-auto-weeu-rg-01/providers/Microsoft.Logic/workflows/ststv2_rpa_dev-db_vms_Scheduled_start,Enabled,dev,rpa,Recurrence,Week,1,745,Arab Standard Time,DARPADBSQWV01,/subscriptions/43cc4f11-ffb1-4a0d-8420-0ba3746b4248/resourceGroups/bab-dev-rpa-swec-rg-01/providers/Microsoft.Compute/virtualMachines/DARPADBSQWV01,43cc4f11-ffb1-4a0d-8420-0ba3746b4248,bab-dev-rpa-swec-rg-01,swedencentral,DB,db,bab-dev-rpa-db-start-01,43cc4f11-ffb1-4a0d-8420-0ba3746b4248|bab-dev-rpa-swec-rg-01|dev|rpa|db|0745,Ready
ststv2_rpa_dev_vms_Scheduled_start,/subscriptions/d88f0b5b-6660-4607-8c6a-395820400912/resourceGroups/bab-core-auto-weeu-rg-01/providers/Microsoft.Logic/workflows/ststv2_rpa_dev_vms_Scheduled_start,Disabled,dev,rpa,Recurrence,Week,1,800,Arab Standard Time,DARPAREDLV01,/subscriptions/43cc4f11-ffb1-4a0d-8420-0ba3746b4248/resourceGroups/bab-dev-rpa-swec-rg-01/providers/Microsoft.Compute/virtualMachines/DARPAREDLV01,43cc4f11-ffb1-4a0d-8420-0ba3746b4248,BAB-DEV-RPA-SWEC-RG-01,swedencentral,appweb,appweb,bab-dev-rpa-appweb-start-01,43cc4f11-ffb1-4a0d-8420-0ba3746b4248|BAB-DEV-RPA-SWEC-RG-01|dev|rpa|db|0800,Ready
ststv2_rpa_dev-db_vms_Scheduled_start,/subscriptions/d88f0b5b-6660-4607-8c6a-395820400912/resourceGroups/bab-core-auto-weeu-rg-01/providers/Microsoft.Logic/workflows/ststv2_rpa_dev-db_vms_Scheduled_start,Enabled,dev,rpa,Recurrence,Week,1,745,Arab Standard Time,DARPAUPDBDWV1,/subscriptions/43cc4f11-ffb1-4a0d-8420-0ba3746b4248/resourceGroups/BAB-DEV-RPA-SWEC-RG-01/providers/Microsoft.Compute/virtualMachines/DARPAUPDBDWV1,43cc4f11-ffb1-4a0d-8420-0ba3746b4248,bab-dev-rpa-swec-rg-01,swedencentral,DB,db,bab-dev-rpa-db-start-01,43cc4f11-ffb1-4a0d-8420-0ba3746b4248|bab-dev-rpa-swec-rg-01|dev|rpa|unknown|0745,Ready
ststv2_rpa_dev_vms_Scheduled_start,/subscriptions/d88f0b5b-6660-4607-8c6a-395820400912/resourceGroups/bab-core-auto-weeu-rg-01/providers/Microsoft.Logic/workflows/ststv2_rpa_dev_vms_Scheduled_start,Disabled,dev,rpa,Recurrence,Week,1,800,Arab Standard Time,DARPAUPORDWV1,/subscriptions/43cc4f11-ffb1-4a0d-8420-0ba3746b4248/resourceGroups/bab-dev-rpa-swec-rg-01/providers/Microsoft.Compute/virtualMachines/DARPAUPORDWV1,43cc4f11-ffb1-4a0d-8420-0ba3746b4248,bab-dev-rpa-swec-rg-01,swedencentral,appweb,appweb,bab-dev-rpa-appweb-start-01,43cc4f11-ffb1-4a0d-8420-0ba3746b4248|bab-dev-rpa-swec-rg-01|dev|rpa|unknown|0800,Ready
ststv2_rpa_dev_vms_Scheduled_start,/subscriptions/d88f0b5b-6660-4607-8c6a-395820400912/resourceGroups/bab-core-auto-weeu-rg-01/providers/Microsoft.Logic/workflows/ststv2_rpa_dev_vms_Scheduled_start,Disabled,dev,rpa,Recurrence,Week,1,800,Arab Standard Time,DARPAUPRBDWV1,/subscriptions/43cc4f11-ffb1-4a0d-8420-0ba3746b4248/resourceGroups/BAB-DEV-RPA-SWEC-RG-01/providers/Microsoft.Compute/virtualMachines/DARPAUPRBDWV1,43cc4f11-ffb1-4a0d-8420-0ba3746b4248,BAB-DEV-RPA-SWEC-RG-01,swedencentral,appweb,appweb,bab-dev-rpa-appweb-start-01,43cc4f11-ffb1-4a0d-8420-0ba3746b4248|BAB-DEV-RPA-SWEC-RG-01|dev|rpa|unknown|0800,Ready
ststv2_rpa_dev_vms_Scheduled_start,/subscriptions/d88f0b5b-6660-4607-8c6a-395820400912/resourceGroups/bab-core-auto-weeu-rg-01/providers/Microsoft.Logic/workflows/ststv2_rpa_dev_vms_Scheduled_start,Disabled,dev,rpa,Recurrence,Week,1,800,Arab Standard Time,DARPAUPRBDWV2,/subscriptions/43cc4f11-ffb1-4a0d-8420-0ba3746b4248/resourceGroups/bab-dev-rpa-swec-rg-01/providers/Microsoft.Compute/virtualMachines/DARPAUPRBDWV2,43cc4f11-ffb1-4a0d-8420-0ba3746b4248,bab-dev-rpa-swec-rg-01,swedencentral,qppweb,appweb,bab-dev-rpa-appweb-start-01,43cc4f11-ffb1-4a0d-8420-0ba3746b4248|bab-dev-rpa-swec-rg-01|dev|rpa|unknown|0800,Ready
bab-rsp-dev_vms_Scheduled_db,/subscriptions/d88f0b5b-6660-4607-8c6a-395820400912/resourceGroups/bab-core-auto-weeu-rg-01/providers/Microsoft.Logic/workflows/bab-rsp-dev_vms_Scheduled_db,Enabled,dev,rsp,ScheduledStartTriggers,Week,1,750,Arab Standard Time,DARSPDBDLV01,/subscriptions/43cc4f11-ffb1-4a0d-8420-0ba3746b4248/resourceGroups/bab-dev-rsp-swec-rg-01/providers/Microsoft.Compute/virtualMachines/DARSPDBDLV01,43cc4f11-ffb1-4a0d-8420-0ba3746b4248,bab-dev-rsp-swec-rg-01,swedencentral,DB,db,bab-dev-rsp-db-start-01,43cc4f11-ffb1-4a0d-8420-0ba3746b4248|bab-dev-rsp-swec-rg-01|dev|rsp|db|0750,Ready
ststv2_saqar-dev_vms_Scheduled_start,/subscriptions/d88f0b5b-6660-4607-8c6a-395820400912/resourceGroups/bab-core-auto-weeu-rg-01/providers/Microsoft.Logic/workflows/ststv2_saqar-dev_vms_Scheduled_start,Disabled,dev,saqr,Recurrence,Week,1,800,Arab Standard Time,DASAQAPWSDWV2,/subscriptions/43cc4f11-ffb1-4a0d-8420-0ba3746b4248/resourceGroups/bab-dev-saqr-swec-rg-01/providers/Microsoft.Compute/virtualMachines/DASAQAPWSDWV2,43cc4f11-ffb1-4a0d-8420-0ba3746b4248,bab-dev-saqr-swec-rg-01,swedencentral,AP,appweb,bab-dev-saqr-appweb-start-01,43cc4f11-ffb1-4a0d-8420-0ba3746b4248|bab-dev-saqr-swec-rg-01|dev|saqr|appweb|0800,Ready
ststv2_saqar-dev_vms_Scheduled_start,/subscriptions/d88f0b5b-6660-4607-8c6a-395820400912/resourceGroups/bab-core-auto-weeu-rg-01/providers/Microsoft.Logic/workflows/ststv2_saqar-dev_vms_Scheduled_start,Disabled,dev,saqr,Recurrence,Week,1,800,Arab Standard Time,DASAQWBWSDWV1,/subscriptions/43cc4f11-ffb1-4a0d-8420-0ba3746b4248/resourceGroups/bab-dev-saqr-swec-rg-01/providers/Microsoft.Compute/virtualMachines/DASAQWBWSDWV1,43cc4f11-ffb1-4a0d-8420-0ba3746b4248,bab-dev-saqr-swec-rg-01,swedencentral,WB,appweb,bab-dev-saqr-appweb-start-01,43cc4f11-ffb1-4a0d-8420-0ba3746b4248|bab-dev-saqr-swec-rg-01|dev|saqr|appweb|0800,Ready
ststv2_saqar-dev_vms_Scheduled_start,/subscriptions/d88f0b5b-6660-4607-8c6a-395820400912/resourceGroups/bab-core-auto-weeu-rg-01/providers/Microsoft.Logic/workflows/ststv2_saqar-dev_vms_Scheduled_start,Disabled,dev,saqr,Recurrence,Week,1,800,Arab Standard Time,DASAQDBORDLV03,/subscriptions/43cc4f11-ffb1-4a0d-8420-0ba3746b4248/resourceGroups/bab-dev-saqr-swec-rg-01/providers/Microsoft.Compute/virtualMachines/DASAQDBORDLV03,43cc4f11-ffb1-4a0d-8420-0ba3746b4248,bab-dev-saqr-swec-rg-01,swedencentral,DB,db,bab-dev-saqr-db-start-01,43cc4f11-ffb1-4a0d-8420-0ba3746b4248|bab-dev-saqr-swec-rg-01|dev|saqr|db|0800,Ready
ststv2_sas_dev_vms_Scheduled_start,/subscriptions/d88f0b5b-6660-4607-8c6a-395820400912/resourceGroups/bab-core-auto-weeu-rg-01/providers/Microsoft.Logic/workflows/ststv2_sas_dev_vms_Scheduled_start,Disabled,dev,sas,Recurrence,Week,1,800,Arab Standard Time,DASASAPAISLV1,/subscriptions/43cc4f11-ffb1-4a0d-8420-0ba3746b4248/resourceGroups/bab-dev-sas-swec-rg-01/providers/Microsoft.Compute/virtualMachines/DASASAPAISLV1,43cc4f11-ffb1-4a0d-8420-0ba3746b4248,bab-dev-sas-swec-rg-01,swedencentral,AP,appweb,bab-dev-sas-appweb-start-01,43cc4f11-ffb1-4a0d-8420-0ba3746b4248|bab-dev-sas-swec-rg-01|dev|sas|appweb|0800,Ready
ststv2_sas_dev_vms_Scheduled_start,/subscriptions/d88f0b5b-6660-4607-8c6a-395820400912/resourceGroups/bab-core-auto-weeu-rg-01/providers/Microsoft.Logic/workflows/ststv2_sas_dev_vms_Scheduled_start,Disabled,dev,sas,Recurrence,Week,1,800,Arab Standard Time,DASASAPODELV1,/subscriptions/43cc4f11-ffb1-4a0d-8420-0ba3746b4248/resourceGroups/bab-dev-sas-swec-rg-01/providers/Microsoft.Compute/virtualMachines/DASASAPODELV1,43cc4f11-ffb1-4a0d-8420-0ba3746b4248,bab-dev-sas-swec-rg-01,swedencentral,AP,appweb,bab-dev-sas-appweb-start-01,43cc4f11-ffb1-4a0d-8420-0ba3746b4248|bab-dev-sas-swec-rg-01|dev|sas|appweb|0800,Ready
ststv2_sas_dev_vms_Scheduled_start,/subscriptions/d88f0b5b-6660-4607-8c6a-395820400912/resourceGroups/bab-core-auto-weeu-rg-01/providers/Microsoft.Logic/workflows/ststv2_sas_dev_vms_Scheduled_start,Disabled,dev,sas,Recurrence,Week,1,800,Arab Standard Time,DASASAPPWBSLV1,/subscriptions/43cc4f11-ffb1-4a0d-8420-0ba3746b4248/resourceGroups/BAB-DEV-SAS-SWEC-RG-01/providers/Microsoft.Compute/virtualMachines/DASASAPPWBSLV1,43cc4f11-ffb1-4a0d-8420-0ba3746b4248,BAB-DEV-SAS-SWEC-RG-01,swedencentral,AP,appweb,bab-dev-sas-appweb-start-01,43cc4f11-ffb1-4a0d-8420-0ba3746b4248|BAB-DEV-SAS-SWEC-RG-01|dev|sas|appweb|0800,Ready
ststv2_sas_dev_vms_Scheduled_start,/subscriptions/d88f0b5b-6660-4607-8c6a-395820400912/resourceGroups/bab-core-auto-weeu-rg-01/providers/Microsoft.Logic/workflows/ststv2_sas_dev_vms_Scheduled_start,Disabled,dev,sas,Recurrence,Week,1,800,Arab Standard Time,DASASWBRESLV1,/subscriptions/43cc4f11-ffb1-4a0d-8420-0ba3746b4248/resourceGroups/bab-dev-sas-swec-rg-01/providers/Microsoft.Compute/virtualMachines/DASASWBRESLV1,43cc4f11-ffb1-4a0d-8420-0ba3746b4248,bab-dev-sas-swec-rg-01,swedencentral,WB,appweb,bab-dev-sas-appweb-start-01,43cc4f11-ffb1-4a0d-8420-0ba3746b4248|bab-dev-sas-swec-rg-01|dev|sas|appweb|0800,Ready
ststv2_sas-db_dev_vms_Scheduled_start,/subscriptions/d88f0b5b-6660-4607-8c6a-395820400912/resourceGroups/bab-core-auto-weeu-rg-01/providers/Microsoft.Logic/workflows/ststv2_sas-db_dev_vms_Scheduled_start,Disabled,dev,sas,Recurrence,Week,1,745,Arab Standard Time,DASASDBMEHLV1,/subscriptions/43cc4f11-ffb1-4a0d-8420-0ba3746b4248/resourceGroups/bab-dev-sas-swec-rg-01/providers/Microsoft.Compute/virtualMachines/DASASDBMEHLV1,43cc4f11-ffb1-4a0d-8420-0ba3746b4248,bab-dev-sas-swec-rg-01,swedencentral,DB,db,bab-dev-sas-db-start-01,43cc4f11-ffb1-4a0d-8420-0ba3746b4248|bab-dev-sas-swec-rg-01|dev|sas|db|0745,Ready
ststv2_scf_dev_vms_Scheduled_start,/subscriptions/d88f0b5b-6660-4607-8c6a-395820400912/resourceGroups/bab-core-auto-weeu-rg-01/providers/Microsoft.Logic/workflows/ststv2_scf_dev_vms_Scheduled_start,Enabled,dev,scf,Recurrence,Week,1,800,Arab Standard Time,DASCFWBISDWV01,/subscriptions/43cc4f11-ffb1-4a0d-8420-0ba3746b4248/resourceGroups/bab-dev-scf-swec-rg-01/providers/Microsoft.Compute/virtualMachines/DASCFWBISDWV01,43cc4f11-ffb1-4a0d-8420-0ba3746b4248,bab-dev-scf-swec-rg-01,swedencentral,WB,appweb,bab-dev-scf-appweb-start-01,43cc4f11-ffb1-4a0d-8420-0ba3746b4248|bab-dev-scf-swec-rg-01|dev|scf|appweb|0800,Ready
ststv2_scf_dev_vms_Scheduled_start,/subscriptions/d88f0b5b-6660-4607-8c6a-395820400912/resourceGroups/bab-core-auto-weeu-rg-01/providers/Microsoft.Logic/workflows/ststv2_scf_dev_vms_Scheduled_start,Enabled,dev,scf,Recurrence,Week,1,800,Arab Standard Time,DASCFDBSQDWV01,/subscriptions/43cc4f11-ffb1-4a0d-8420-0ba3746b4248/resourceGroups/BAB-DEV-SCF-SWEC-RG-01/providers/Microsoft.Compute/virtualMachines/DASCFDBSQDWV01,43cc4f11-ffb1-4a0d-8420-0ba3746b4248,BAB-DEV-SCF-SWEC-RG-01,swedencentral,DB,db,bab-dev-scf-db-start-01,43cc4f11-ffb1-4a0d-8420-0ba3746b4248|BAB-DEV-SCF-SWEC-RG-01|dev|scf|db|0800,Ready
bab-shp-dev_vmstart_vms_Scheduled_appweb,/subscriptions/d88f0b5b-6660-4607-8c6a-395820400912/resourceGroups/bab-core-auto-weeu-rg-01/providers/Microsoft.Logic/workflows/bab-shp-dev_vmstart_vms_Scheduled_appweb,Enabled,dev,shp,ScheduledStartTriggers,Week,1,800,Arab Standard Time,DADOCAPIIDWV2,/subscriptions/43cc4f11-ffb1-4a0d-8420-0ba3746b4248/resourceGroups/bab-dev-shp-swec-rg-01/providers/Microsoft.Compute/virtualMachines/DADOCAPIIDWV2,43cc4f11-ffb1-4a0d-8420-0ba3746b4248,bab-dev-shp-swec-rg-01,swedencentral,AP,appweb,bab-dev-shp-appweb-start-01,43cc4f11-ffb1-4a0d-8420-0ba3746b4248|bab-dev-shp-swec-rg-01|dev|shp|appweb|0800,Ready
bab-shp-dev_vmstart_vms_Scheduled_appweb,/subscriptions/d88f0b5b-6660-4607-8c6a-395820400912/resourceGroups/bab-core-auto-weeu-rg-01/providers/Microsoft.Logic/workflows/bab-shp-dev_vmstart_vms_Scheduled_appweb,Enabled,dev,shp,ScheduledStartTriggers,Week,1,800,Arab Standard Time,DASHPAPFEOWV1,/subscriptions/43cc4f11-ffb1-4a0d-8420-0ba3746b4248/resourceGroups/bab-dev-shp-swec-rg-01/providers/Microsoft.Compute/virtualMachines/DASHPAPFEOWV1,43cc4f11-ffb1-4a0d-8420-0ba3746b4248,bab-dev-shp-swec-rg-01,swedencentral,AP,appweb,bab-dev-shp-appweb-start-01,43cc4f11-ffb1-4a0d-8420-0ba3746b4248|bab-dev-shp-swec-rg-01|dev|shp|appweb|0800,Ready
bab-shp-dev_vmstart_vms_Scheduled_appweb,/subscriptions/d88f0b5b-6660-4607-8c6a-395820400912/resourceGroups/bab-core-auto-weeu-rg-01/providers/Microsoft.Logic/workflows/bab-shp-dev_vmstart_vms_Scheduled_appweb,Enabled,dev,shp,ScheduledStartTriggers,Week,1,800,Arab Standard Time,DASHPAPFEWV1,/subscriptions/43cc4f11-ffb1-4a0d-8420-0ba3746b4248/resourceGroups/bab-dev-shp-swec-rg-01/providers/Microsoft.Compute/virtualMachines/DASHPAPFEWV1,43cc4f11-ffb1-4a0d-8420-0ba3746b4248,bab-dev-shp-swec-rg-01,swedencentral,AP,appweb,bab-dev-shp-appweb-start-01,43cc4f11-ffb1-4a0d-8420-0ba3746b4248|bab-dev-shp-swec-rg-01|dev|shp|appweb|0800,Ready
ststv2_shp_dev_vms_Scheduled_start,/subscriptions/d88f0b5b-6660-4607-8c6a-395820400912/resourceGroups/bab-core-auto-weeu-rg-01/providers/Microsoft.Logic/workflows/ststv2_shp_dev_vms_Scheduled_start,Enabled,dev,shp,Recurrence,Week,1,800,Arab Standard Time,DASHPWBDWV1,/subscriptions/43cc4f11-ffb1-4a0d-8420-0ba3746b4248/resourceGroups/bab-dev-shp-swec-rg-01/providers/Microsoft.Compute/virtualMachines/DASHPWBDWV1,43cc4f11-ffb1-4a0d-8420-0ba3746b4248,bab-dev-shp-swec-rg-01,swedencentral,WB,appweb,bab-dev-shp-appweb-start-02,43cc4f11-ffb1-4a0d-8420-0ba3746b4248|bab-dev-shp-swec-rg-01|dev|shp|appweb|0800,Ready
ststv2_shp_dev_vms_Scheduled_start_DB,/subscriptions/d88f0b5b-6660-4607-8c6a-395820400912/resourceGroups/bab-core-auto-weeu-rg-01/providers/Microsoft.Logic/workflows/ststv2_shp_dev_vms_Scheduled_start_DB,Enabled,dev,shp,Recurrence,Week,1,750,Arab Standard Time,DASHPDBSQDWV1,/subscriptions/43cc4f11-ffb1-4a0d-8420-0ba3746b4248/resourceGroups/bab-dev-shp-swec-rg-01/providers/Microsoft.Compute/virtualMachines/DASHPDBSQDWV1,43cc4f11-ffb1-4a0d-8420-0ba3746b4248,bab-dev-shp-swec-rg-01,swedencentral,DB,db,bab-dev-shp-db-start-02,43cc4f11-ffb1-4a0d-8420-0ba3746b4248|bab-dev-shp-swec-rg-01|dev|shp|db|0750,Ready
bab-shp-dev_vms_Scheduled_db,/subscriptions/d88f0b5b-6660-4607-8c6a-395820400912/resourceGroups/bab-core-auto-weeu-rg-01/providers/Microsoft.Logic/workflows/bab-shp-dev_vms_Scheduled_db,Enabled,dev,shp,ScheduledStartTriggers,Week,1,750,Arab Standard Time,dashpdbsqowv1-Restore,/subscriptions/43cc4f11-ffb1-4a0d-8420-0ba3746b4248/resourceGroups/bab-dev-shp-swec-rg-01/providers/Microsoft.Compute/virtualMachines/dashpdbsqowv1-Restore,43cc4f11-ffb1-4a0d-8420-0ba3746b4248,bab-dev-shp-swec-rg-01,swedencentral,DB,db,bab-dev-shp-db-start-01,43cc4f11-ffb1-4a0d-8420-0ba3746b4248|bab-dev-shp-swec-rg-01|dev|shp|db|0750,Ready
bab-shp-dev_vms_Scheduled_db,/subscriptions/d88f0b5b-6660-4607-8c6a-395820400912/resourceGroups/bab-core-auto-weeu-rg-01/providers/Microsoft.Logic/workflows/bab-shp-dev_vms_Scheduled_db,Enabled,dev,shp,ScheduledStartTriggers,Week,1,750,Arab Standard Time,DASHPDBSQWV1,/subscriptions/43cc4f11-ffb1-4a0d-8420-0ba3746b4248/resourceGroups/bab-dev-shp-swec-rg-01/providers/Microsoft.Compute/virtualMachines/DASHPDBSQWV1,43cc4f11-ffb1-4a0d-8420-0ba3746b4248,bab-dev-shp-swec-rg-01,swedencentral,DB,db,bab-dev-shp-db-start-01,43cc4f11-ffb1-4a0d-8420-0ba3746b4248|bab-dev-shp-swec-rg-01|dev|shp|db|0750,Ready
bab-shp-dev_vms_Scheduled_db,/subscriptions/d88f0b5b-6660-4607-8c6a-395820400912/resourceGroups/bab-core-auto-weeu-rg-01/providers/Microsoft.Logic/workflows/bab-shp-dev_vms_Scheduled_db,Enabled,dev,shp,ScheduledStartTriggers,Week,1,750,Arab Standard Time,DASHPFEDBDWV1,/subscriptions/43cc4f11-ffb1-4a0d-8420-0ba3746b4248/resourceGroups/bab-dev-shp-swec-rg-01/providers/Microsoft.Compute/virtualMachines/DASHPFEDBDWV1,43cc4f11-ffb1-4a0d-8420-0ba3746b4248,bab-dev-shp-swec-rg-01,swedencentral,DB,db,bab-dev-shp-db-start-01,43cc4f11-ffb1-4a0d-8420-0ba3746b4248|bab-dev-shp-swec-rg-01|dev|shp|db|0750,Ready
bab-slm-dev_vms_Scheduled_appweb,/subscriptions/d88f0b5b-6660-4607-8c6a-395820400912/resourceGroups/bab-core-auto-weeu-rg-01/providers/Microsoft.Logic/workflows/bab-slm-dev_vms_Scheduled_appweb,Enabled,dev,slm,ScheduledStartTriggers,Week,1,800,Arab Standard Time,DASLMAPINDLV01,/subscriptions/43cc4f11-ffb1-4a0d-8420-0ba3746b4248/resourceGroups/bab-dev-slm-swec-rg-01/providers/Microsoft.Compute/virtualMachines/DASLMAPINDLV01,43cc4f11-ffb1-4a0d-8420-0ba3746b4248,bab-dev-slm-swec-rg-01,swedencentral,AP,appweb,bab-dev-slm-appweb-start-01,43cc4f11-ffb1-4a0d-8420-0ba3746b4248|bab-dev-slm-swec-rg-01|dev|slm|appweb|0800,Ready
bab-slm-dev_vms_Scheduled_db,/subscriptions/d88f0b5b-6660-4607-8c6a-395820400912/resourceGroups/bab-core-auto-weeu-rg-01/providers/Microsoft.Logic/workflows/bab-slm-dev_vms_Scheduled_db,Enabled,dev,slm,ScheduledStartTriggers,Week,1,750,Arab Standard Time,DASLMDBSQLLV01,/subscriptions/43cc4f11-ffb1-4a0d-8420-0ba3746b4248/resourceGroups/BAB-DEV-SLM-SWEC-RG-01/providers/Microsoft.Compute/virtualMachines/DASLMDBSQLLV01,43cc4f11-ffb1-4a0d-8420-0ba3746b4248,BAB-DEV-SLM-SWEC-RG-01,swedencentral,DB,db,bab-dev-slm-db-start-01,43cc4f11-ffb1-4a0d-8420-0ba3746b4248|BAB-DEV-SLM-SWEC-RG-01|dev|slm|db|0750,Ready
ststv2_vms_Scheduled_start_sme,/subscriptions/d88f0b5b-6660-4607-8c6a-395820400912/resourceGroups/bab-core-auto-weeu-rg-01/providers/Microsoft.Logic/workflows/ststv2_vms_Scheduled_start_sme,Enabled,dev,sme-loan,Recurrence,Week,1,800,Arab Standard Time,DASMEWBMSDLV1,/subscriptions/43cc4f11-ffb1-4a0d-8420-0ba3746b4248/resourceGroups/BAB-DEV-SME-LOAN-RG-01/providers/Microsoft.Compute/virtualMachines/DASMEWBMSDLV1,43cc4f11-ffb1-4a0d-8420-0ba3746b4248,BAB-DEV-SME-LOAN-RG-01,swedencentral,WB,appweb,bab-dev-sme-loan-appweb-start-01,43cc4f11-ffb1-4a0d-8420-0ba3746b4248|BAB-DEV-SME-LOAN-RG-01|dev|sme-loan|appweb|0800,Ready
bab-smsgw-dev_vms_Scheduled_db,/subscriptions/d88f0b5b-6660-4607-8c6a-395820400912/resourceGroups/bab-core-auto-weeu-rg-01/providers/Microsoft.Logic/workflows/bab-smsgw-dev_vms_Scheduled_db,Enabled,dev,smsgw,ScheduledStartTriggers,Week,1,750,Arab Standard Time,DASMSGWCODWV1,/subscriptions/43cc4f11-ffb1-4a0d-8420-0ba3746b4248/resourceGroups/BAB-DEV-SMSGW-SWEC-RG-01/providers/Microsoft.Compute/virtualMachines/DASMSGWCODWV1,43cc4f11-ffb1-4a0d-8420-0ba3746b4248,BAB-DEV-SMSGW-SWEC-RG-01,swedencentral,,DB,bab-dev-smsgw-db-start-01,43cc4f11-ffb1-4a0d-8420-0ba3746b4248|BAB-DEV-SMSGW-SWEC-RG-01|dev|smsgw|unknown|0750,Ready
ststv2_snai_dev_vms_Scheduled_start,/subscriptions/d88f0b5b-6660-4607-8c6a-395820400912/resourceGroups/bab-core-auto-weeu-rg-01/providers/Microsoft.Logic/workflows/ststv2_snai_dev_vms_Scheduled_start,Disabled,dev,snai,Recurrence,Week,1,800,Arab Standard Time,DASAIADAPDWV01,/subscriptions/43cc4f11-ffb1-4a0d-8420-0ba3746b4248/resourceGroups/bab-dev-snai-swec-rg-01/providers/Microsoft.Compute/virtualMachines/DASAIADAPDWV01,43cc4f11-ffb1-4a0d-8420-0ba3746b4248,bab-dev-snai-swec-rg-01,swedencentral,AP,appweb,bab-dev-snai-appweb-start-01,43cc4f11-ffb1-4a0d-8420-0ba3746b4248|bab-dev-snai-swec-rg-01|dev|snai|appweb|0800,Ready
ststv2_snai_dev_vms_Scheduled_start,/subscriptions/d88f0b5b-6660-4607-8c6a-395820400912/resourceGroups/bab-core-auto-weeu-rg-01/providers/Microsoft.Logic/workflows/ststv2_snai_dev_vms_Scheduled_start,Disabled,dev,snai,Recurrence,Week,1,800,Arab Standard Time,DASAIPRAIDLV01,/subscriptions/43cc4f11-ffb1-4a0d-8420-0ba3746b4248/resourceGroups/bab-dev-snai-swec-rg-01/providers/Microsoft.Compute/virtualMachines/DASAIPRAIDLV01,43cc4f11-ffb1-4a0d-8420-0ba3746b4248,bab-dev-snai-swec-rg-01,swedencentral,AP,appweb,bab-dev-snai-appweb-start-01,43cc4f11-ffb1-4a0d-8420-0ba3746b4248|bab-dev-snai-swec-rg-01|dev|snai|unknown|0800,Ready
ststv2_snai_dev_vms_Scheduled_start,/subscriptions/d88f0b5b-6660-4607-8c6a-395820400912/resourceGroups/bab-core-auto-weeu-rg-01/providers/Microsoft.Logic/workflows/ststv2_snai_dev_vms_Scheduled_start,Disabled,dev,snai,Recurrence,Week,1,800,Arab Standard Time,DASAITRAIDLV01,/subscriptions/43cc4f11-ffb1-4a0d-8420-0ba3746b4248/resourceGroups/bab-dev-snai-swec-rg-01/providers/Microsoft.Compute/virtualMachines/DASAITRAIDLV01,43cc4f11-ffb1-4a0d-8420-0ba3746b4248,bab-dev-snai-swec-rg-01,swedencentral,AP,appweb,bab-dev-snai-appweb-start-01,43cc4f11-ffb1-4a0d-8420-0ba3746b4248|bab-dev-snai-swec-rg-01|dev|snai|unknown|0800,Ready
bab-svc-dev_vms_Scheduled_start,/subscriptions/d88f0b5b-6660-4607-8c6a-395820400912/resourceGroups/bab-core-auto-weeu-rg-01/providers/Microsoft.Logic/workflows/bab-svc-dev_vms_Scheduled_start,Enabled,dev,svcnow,ScheduledStartTriggers,Week,1,615,Arab Standard Time,DASNWAPTMDLV1,/subscriptions/43cc4f11-ffb1-4a0d-8420-0ba3746b4248/resourceGroups/BAB-DEV-SVCNOW-SWEC-RG-01/providers/Microsoft.Compute/virtualMachines/DASNWAPTMDLV1,43cc4f11-ffb1-4a0d-8420-0ba3746b4248,BAB-DEV-SVCNOW-SWEC-RG-01,swedencentral,AP,appweb,bab-dev-svcnow-appweb-start-01,43cc4f11-ffb1-4a0d-8420-0ba3746b4248|BAB-DEV-SVCNOW-SWEC-RG-01|dev|svcnow|appweb|0615,Ready
bab-svc-dev_vms_Scheduled_start,/subscriptions/d88f0b5b-6660-4607-8c6a-395820400912/resourceGroups/bab-core-auto-weeu-rg-01/providers/Microsoft.Logic/workflows/bab-svc-dev_vms_Scheduled_start,Enabled,dev,svcnow,ScheduledStartTriggers,Week,1,615,Arab Standard Time,DASNWAPTMDWV1,/subscriptions/43cc4f11-ffb1-4a0d-8420-0ba3746b4248/resourceGroups/BAB-DEV-SVCNOW-SWEC-RG-01/providers/Microsoft.Compute/virtualMachines/DASNWAPTMDWV1,43cc4f11-ffb1-4a0d-8420-0ba3746b4248,BAB-DEV-SVCNOW-SWEC-RG-01,swedencentral,AP,appweb,bab-dev-svcnow-appweb-start-01,43cc4f11-ffb1-4a0d-8420-0ba3746b4248|BAB-DEV-SVCNOW-SWEC-RG-01|dev|svcnow|appweb|0615,Ready
bab-svc-dev_vms_Scheduled_start,/subscriptions/d88f0b5b-6660-4607-8c6a-395820400912/resourceGroups/bab-core-auto-weeu-rg-01/providers/Microsoft.Logic/workflows/bab-svc-dev_vms_Scheduled_start,Enabled,dev,svcnow,ScheduledStartTriggers,Week,1,615,Arab Standard Time,DASNWWBTMDWV1,/subscriptions/43cc4f11-ffb1-4a0d-8420-0ba3746b4248/resourceGroups/bab-dev-svcnow-swec-rg-01/providers/Microsoft.Compute/virtualMachines/DASNWWBTMDWV1,43cc4f11-ffb1-4a0d-8420-0ba3746b4248,bab-dev-svcnow-swec-rg-01,swedencentral,WB,appweb,bab-dev-svcnow-appweb-start-01,43cc4f11-ffb1-4a0d-8420-0ba3746b4248|bab-dev-svcnow-swec-rg-01|dev|svcnow|appweb|0615,Ready
bab-svc-dev_db_Scheduled_start,/subscriptions/d88f0b5b-6660-4607-8c6a-395820400912/resourceGroups/bab-core-auto-weeu-rg-01/providers/Microsoft.Logic/workflows/bab-svc-dev_db_Scheduled_start,Enabled,dev,svcnow,ScheduledStartTriggers,Week,1,600,Arab Standard Time,DASNWDBORDLV1,/subscriptions/43cc4f11-ffb1-4a0d-8420-0ba3746b4248/resourceGroups/bab-dev-svcnow-swec-rg-01/providers/Microsoft.Compute/virtualMachines/DASNWDBORDLV1,43cc4f11-ffb1-4a0d-8420-0ba3746b4248,bab-dev-svcnow-swec-rg-01,swedencentral,DB,db,bab-dev-svcnow-db-start-01,43cc4f11-ffb1-4a0d-8420-0ba3746b4248|bab-dev-svcnow-swec-rg-01|dev|svcnow|db|0600,Ready
ststv2_tfs_dev_vms_Scheduled_start,/subscriptions/d88f0b5b-6660-4607-8c6a-395820400912/resourceGroups/bab-core-auto-weeu-rg-01/providers/Microsoft.Logic/workflows/ststv2_tfs_dev_vms_Scheduled_start,Enabled,dev,tfs,Recurrence,Week,1,800,Arab Standard Time,DATFSAPAIDWV1,/subscriptions/43cc4f11-ffb1-4a0d-8420-0ba3746b4248/resourceGroups/bab-dev-tfs-swec-rg-01/providers/Microsoft.Compute/virtualMachines/DATFSAPAIDWV1,43cc4f11-ffb1-4a0d-8420-0ba3746b4248,bab-dev-tfs-swec-rg-01,swedencentral,AP,appweb,bab-dev-tfs-appweb-start-02,43cc4f11-ffb1-4a0d-8420-0ba3746b4248|bab-dev-tfs-swec-rg-01|dev|tfs|appweb|0800,Ready
ststv2_tfs_dev_vms_Scheduled_start,/subscriptions/d88f0b5b-6660-4607-8c6a-395820400912/resourceGroups/bab-core-auto-weeu-rg-01/providers/Microsoft.Logic/workflows/ststv2_tfs_dev_vms_Scheduled_start,Enabled,dev,tfs,Recurrence,Week,1,800,Arab Standard Time,DATFSAPOCDWV1,/subscriptions/43cc4f11-ffb1-4a0d-8420-0ba3746b4248/resourceGroups/bab-dev-tfs-swec-rg-01/providers/Microsoft.Compute/virtualMachines/DATFSAPOCDWV1,43cc4f11-ffb1-4a0d-8420-0ba3746b4248,bab-dev-tfs-swec-rg-01,swedencentral,AP,appweb,bab-dev-tfs-appweb-start-02,43cc4f11-ffb1-4a0d-8420-0ba3746b4248|bab-dev-tfs-swec-rg-01|dev|tfs|appweb|0800,Ready
ststv2_tfs_dev_vms_Scheduled_start,/subscriptions/d88f0b5b-6660-4607-8c6a-395820400912/resourceGroups/bab-core-auto-weeu-rg-01/providers/Microsoft.Logic/workflows/ststv2_tfs_dev_vms_Scheduled_start,Enabled,dev,tfs,Recurrence,Week,1,800,Arab Standard Time,DTAZRTFSApWV01,/subscriptions/43cc4f11-ffb1-4a0d-8420-0ba3746b4248/resourceGroups/bab-dev-tfs-swec-rg-01/providers/Microsoft.Compute/virtualMachines/DTAZRTFSApWV01,43cc4f11-ffb1-4a0d-8420-0ba3746b4248,bab-dev-tfs-swec-rg-01,swedencentral,AP,appweb,bab-dev-tfs-appweb-start-02,43cc4f11-ffb1-4a0d-8420-0ba3746b4248|bab-dev-tfs-swec-rg-01|dev|tfs|appweb|0800,Ready
ststv2_tfs_dev_vms_Scheduled_start,/subscriptions/d88f0b5b-6660-4607-8c6a-395820400912/resourceGroups/bab-core-auto-weeu-rg-01/providers/Microsoft.Logic/workflows/ststv2_tfs_dev_vms_Scheduled_start,Enabled,dev,tfs,Recurrence,Week,1,800,Arab Standard Time,DTAZRTFSAPWV02,/subscriptions/43cc4f11-ffb1-4a0d-8420-0ba3746b4248/resourceGroups/bab-dev-tfs-swec-rg-01/providers/Microsoft.Compute/virtualMachines/DTAZRTFSAPWV02,43cc4f11-ffb1-4a0d-8420-0ba3746b4248,bab-dev-tfs-swec-rg-01,swedencentral,AP,appweb,bab-dev-tfs-appweb-start-02,43cc4f11-ffb1-4a0d-8420-0ba3746b4248|bab-dev-tfs-swec-rg-01|dev|tfs|appweb|0800,Ready
ststv2_tfs-f_dev_vms_Scheduled_start,/subscriptions/d88f0b5b-6660-4607-8c6a-395820400912/resourceGroups/bab-core-auto-weeu-rg-01/providers/Microsoft.Logic/workflows/ststv2_tfs-f_dev_vms_Scheduled_start,Enabled,dev,tfs,Recurrence,Week,1,800,Arab Standard Time,DTAZRTFSAPWV03,/subscriptions/43cc4f11-ffb1-4a0d-8420-0ba3746b4248/resourceGroups/bab-dev-tfs-swec-rg-01/providers/Microsoft.Compute/virtualMachines/DTAZRTFSAPWV03,43cc4f11-ffb1-4a0d-8420-0ba3746b4248,bab-dev-tfs-swec-rg-01,swedencentral,AP,appweb,bab-dev-tfs-appweb-start-01,43cc4f11-ffb1-4a0d-8420-0ba3746b4248|bab-dev-tfs-swec-rg-01|dev|tfs|appweb|0800,Ready
ststv2_tfs-f_dev_vms_Scheduled_start,/subscriptions/d88f0b5b-6660-4607-8c6a-395820400912/resourceGroups/bab-core-auto-weeu-rg-01/providers/Microsoft.Logic/workflows/ststv2_tfs-f_dev_vms_Scheduled_start,Enabled,dev,tfs,Recurrence,Week,1,800,Arab Standard Time,DTAZRTFSDBWV1,/subscriptions/43cc4f11-ffb1-4a0d-8420-0ba3746b4248/resourceGroups/bab-dev-tfs-swec-rg-01/providers/Microsoft.Compute/virtualMachines/DTAZRTFSDBWV1,43cc4f11-ffb1-4a0d-8420-0ba3746b4248,bab-dev-tfs-swec-rg-01,swedencentral,DB,db,bab-dev-tfs-appweb-start-01,43cc4f11-ffb1-4a0d-8420-0ba3746b4248|bab-dev-tfs-swec-rg-01|dev|tfs|db|0800,Ready
ststv2_tfs_dev_vms_Scheduled_start,/subscriptions/d88f0b5b-6660-4607-8c6a-395820400912/resourceGroups/bab-core-auto-weeu-rg-01/providers/Microsoft.Logic/workflows/ststv2_tfs_dev_vms_Scheduled_start,Enabled,dev,tfs,Recurrence,Week,1,800,Arab Standard Time,DTAZRTFSMWWV01,/subscriptions/43cc4f11-ffb1-4a0d-8420-0ba3746b4248/resourceGroups/bab-dev-tfs-swec-rg-01/providers/Microsoft.Compute/virtualMachines/DTAZRTFSMWWV01,43cc4f11-ffb1-4a0d-8420-0ba3746b4248,bab-dev-tfs-swec-rg-01,swedencentral,,appweb,bab-dev-tfs-appweb-start-02,43cc4f11-ffb1-4a0d-8420-0ba3746b4248|bab-dev-tfs-swec-rg-01|dev|tfs|unknown|0800,Ready
ststv2_tfs-f_dev_vms_Scheduled_start,/subscriptions/d88f0b5b-6660-4607-8c6a-395820400912/resourceGroups/bab-core-auto-weeu-rg-01/providers/Microsoft.Logic/workflows/ststv2_tfs-f_dev_vms_Scheduled_start,Enabled,dev,tfs,Recurrence,Week,1,800,Arab Standard Time,DTAZRTFSMWWV02,/subscriptions/43cc4f11-ffb1-4a0d-8420-0ba3746b4248/resourceGroups/bab-dev-tfs-swec-rg-01/providers/Microsoft.Compute/virtualMachines/DTAZRTFSMWWV02,43cc4f11-ffb1-4a0d-8420-0ba3746b4248,bab-dev-tfs-swec-rg-01,swedencentral,,appweb,bab-dev-tfs-appweb-start-01,43cc4f11-ffb1-4a0d-8420-0ba3746b4248|bab-dev-tfs-swec-rg-01|dev|tfs|unknown|0800,Ready
ststv2_tfs_dev_vms_Scheduled_start,/subscriptions/d88f0b5b-6660-4607-8c6a-395820400912/resourceGroups/bab-core-auto-weeu-rg-01/providers/Microsoft.Logic/workflows/ststv2_tfs_dev_vms_Scheduled_start,Enabled,dev,tfs,Recurrence,Week,1,800,Arab Standard Time,DTAZRTFSMWWV03,/subscriptions/43cc4f11-ffb1-4a0d-8420-0ba3746b4248/resourceGroups/bab-dev-tfs-swec-rg-01/providers/Microsoft.Compute/virtualMachines/DTAZRTFSMWWV03,43cc4f11-ffb1-4a0d-8420-0ba3746b4248,bab-dev-tfs-swec-rg-01,swedencentral,,appweb,bab-dev-tfs-appweb-start-02,43cc4f11-ffb1-4a0d-8420-0ba3746b4248|bab-dev-tfs-swec-rg-01|dev|tfs|unknown|0800,Ready
ststv2_upba_vms_Scheduled_start,/subscriptions/d88f0b5b-6660-4607-8c6a-395820400912/resourceGroups/bab-core-auto-weeu-rg-01/providers/Microsoft.Logic/workflows/ststv2_upba_vms_Scheduled_start,Enabled,dev,upba,Recurrence,Week,1,800,Arab Standard Time,DAUPBAOFOADWV01,/subscriptions/43cc4f11-ffb1-4a0d-8420-0ba3746b4248/resourceGroups/bab-dev-upba-swec-rg-01/providers/Microsoft.Compute/virtualMachines/DAUPBAOFOADWV01,43cc4f11-ffb1-4a0d-8420-0ba3746b4248,bab-dev-upba-swec-rg-01,swedencentral,,appweb,bab-dev-upba-appweb-start-01,43cc4f11-ffb1-4a0d-8420-0ba3746b4248|bab-dev-upba-swec-rg-01|dev|upba|unknown|0800,Ready
ststv2_ABIC-DG-sit_vms_Scheduled_start,/subscriptions/d88f0b5b-6660-4607-8c6a-395820400912/resourceGroups/bab-core-auto-weeu-rg-01/providers/Microsoft.Logic/workflows/ststv2_ABIC-DG-sit_vms_Scheduled_start,Enabled,sit,abic-digital,Recurrence,Week,1,800,Arab Standard Time,DAABDGAPSLV1,/subscriptions/e48414cd-f96d-4414-ae9e-da7fec844f77/resourceGroups/bab-sit-abic-digital-swec-rg-01/providers/Microsoft.Compute/virtualMachines/DAABDGAPSLV1,e48414cd-f96d-4414-ae9e-da7fec844f77,bab-sit-abic-digital-swec-rg-01,swedencentral,AP,appweb,bab-sit-abic-digital-appweb-start-01,e48414cd-f96d-4414-ae9e-da7fec844f77|bab-sit-abic-digital-swec-rg-01|sit|abic-digital|appweb|0800,Ready
ststv2_ABIC-DG-sit_vms_Scheduled_start,/subscriptions/d88f0b5b-6660-4607-8c6a-395820400912/resourceGroups/bab-core-auto-weeu-rg-01/providers/Microsoft.Logic/workflows/ststv2_ABIC-DG-sit_vms_Scheduled_start,Enabled,sit,abic-digital,Recurrence,Week,1,800,Arab Standard Time,DAABDGORDBSLV1,/subscriptions/e48414cd-f96d-4414-ae9e-da7fec844f77/resourceGroups/bab-sit-abic-digital-swec-rg-01/providers/Microsoft.Compute/virtualMachines/DAABDGORDBSLV1,e48414cd-f96d-4414-ae9e-da7fec844f77,bab-sit-abic-digital-swec-rg-01,swedencentral,DB,db,bab-sit-abic-digital-db-start-01,e48414cd-f96d-4414-ae9e-da7fec844f77|bab-sit-abic-digital-swec-rg-01|sit|abic-digital|db|0800,Ready
ststv2_ABIC-ibm-sit_vms_Scheduled_start,/subscriptions/d88f0b5b-6660-4607-8c6a-395820400912/resourceGroups/bab-core-auto-weeu-rg-01/providers/Microsoft.Logic/workflows/ststv2_ABIC-ibm-sit_vms_Scheduled_start,Enabled,sit,abic-ibm,Recurrence,Week,1,750,Arab Standard Time,DAIBMAPSLV1,/subscriptions/e48414cd-f96d-4414-ae9e-da7fec844f77/resourceGroups/BAB-SIT-ABIC-IBM-RG-01/providers/Microsoft.Compute/virtualMachines/DAIBMAPSLV1,e48414cd-f96d-4414-ae9e-da7fec844f77,BAB-SIT-ABIC-IBM-RG-01,swedencentral,AP,appweb,bab-sit-abic-ibm-appweb-start-01,e48414cd-f96d-4414-ae9e-da7fec844f77|BAB-SIT-ABIC-IBM-RG-01|sit|abic-ibm|appweb|0750,Ready
ststv2_ABIC-ibm-sit_vms_Scheduled_start,/subscriptions/d88f0b5b-6660-4607-8c6a-395820400912/resourceGroups/bab-core-auto-weeu-rg-01/providers/Microsoft.Logic/workflows/ststv2_ABIC-ibm-sit_vms_Scheduled_start,Enabled,sit,abic-ibm,Recurrence,Week,1,750,Arab Standard Time,DAIBMDBSLV1,/subscriptions/e48414cd-f96d-4414-ae9e-da7fec844f77/resourceGroups/bab-sit-abic-ibm-rg-01/providers/Microsoft.Compute/virtualMachines/DAIBMDBSLV1,e48414cd-f96d-4414-ae9e-da7fec844f77,bab-sit-abic-ibm-rg-01,swedencentral,DB,db,bab-sit-abic-ibm-db-start-01,e48414cd-f96d-4414-ae9e-da7fec844f77|bab-sit-abic-ibm-rg-01|sit|abic-ibm|db|0750,Ready
bab_axia_sit_vms_Scheduled_appweb,/subscriptions/d88f0b5b-6660-4607-8c6a-395820400912/resourceGroups/bab-core-auto-weeu-rg-01/providers/Microsoft.Logic/workflows/bab_axia_sit_vms_Scheduled_appweb,Enabled,sit,aix,ScheduledStartTriggers,Week,1,800,Arab Standard Time,DAAXIAPSWV1,/subscriptions/e48414cd-f96d-4414-ae9e-da7fec844f77/resourceGroups/bab-sit-aix-swec-rg-01/providers/Microsoft.Compute/virtualMachines/DAAXIAPSWV1,e48414cd-f96d-4414-ae9e-da7fec844f77,bab-sit-aix-swec-rg-01,swedencentral,AP,appweb,bab-sit-aix-appweb-start-01,e48414cd-f96d-4414-ae9e-da7fec844f77|bab-sit-aix-swec-rg-01|sit|aix|appweb|0800,Ready
bab_axia_sit_vms_Scheduled_appweb,/subscriptions/d88f0b5b-6660-4607-8c6a-395820400912/resourceGroups/bab-core-auto-weeu-rg-01/providers/Microsoft.Logic/workflows/bab_axia_sit_vms_Scheduled_appweb,Enabled,sit,aix,ScheduledStartTriggers,Week,1,800,Arab Standard Time,DAAXIWBSWV1,/subscriptions/e48414cd-f96d-4414-ae9e-da7fec844f77/resourceGroups/BAB-SIT-AIX-SWEC-RG-01/providers/Microsoft.Compute/virtualMachines/DAAXIWBSWV1,e48414cd-f96d-4414-ae9e-da7fec844f77,BAB-SIT-AIX-SWEC-RG-01,swedencentral,WB,appweb,bab-sit-aix-appweb-start-01,e48414cd-f96d-4414-ae9e-da7fec844f77|BAB-SIT-AIX-SWEC-RG-01|sit|aix|appweb|0800,Ready
bab_axia_sit_vms_Scheduled_db,/subscriptions/d88f0b5b-6660-4607-8c6a-395820400912/resourceGroups/bab-core-auto-weeu-rg-01/providers/Microsoft.Logic/workflows/bab_axia_sit_vms_Scheduled_db,Enabled,sit,aix,ScheduledStartTriggers,Week,1,750,Arab Standard Time,DAAXIDBSQSWV1,/subscriptions/e48414cd-f96d-4414-ae9e-da7fec844f77/resourceGroups/bab-sit-aix-swec-rg-01/providers/Microsoft.Compute/virtualMachines/DAAXIDBSQSWV1,e48414cd-f96d-4414-ae9e-da7fec844f77,bab-sit-aix-swec-rg-01,swedencentral,DB,db,bab-sit-aix-db-start-01,e48414cd-f96d-4414-ae9e-da7fec844f77|bab-sit-aix-swec-rg-01|sit|aix|db|0750,Ready
bab-sit-apex-appweb-start-01,/subscriptions/d88f0b5b-6660-4607-8c6a-395820400912/resourceGroups/bab-core-auto-weeu-rg-01/providers/Microsoft.Logic/workflows/bab-sit-apex-appweb-start-01,Enabled,sit,apex,ScheduledStartTriggers,Week,1,800,Arab Standard Time,DAFISAPSEIWV1,/subscriptions/e48414cd-f96d-4414-ae9e-da7fec844f77/resourceGroups/BAB-SIT-APEX-SWEC-RG-01/providers/Microsoft.Compute/virtualMachines/DAFISAPSEIWV1,e48414cd-f96d-4414-ae9e-da7fec844f77,BAB-SIT-APEX-SWEC-RG-01,swedencentral,AP,appweb,bab-sit-apex-appweb-start-01,e48414cd-f96d-4414-ae9e-da7fec844f77|BAB-SIT-APEX-SWEC-RG-01|sit|apex|appweb|0800,Ready
bab-sit-apex-appweb-start-01,/subscriptions/d88f0b5b-6660-4607-8c6a-395820400912/resourceGroups/bab-core-auto-weeu-rg-01/providers/Microsoft.Logic/workflows/bab-sit-apex-appweb-start-01,Enabled,sit,apex,ScheduledStartTriggers,Week,1,800,Arab Standard Time,DAMMPAPXXIWV1,/subscriptions/e48414cd-f96d-4414-ae9e-da7fec844f77/resourceGroups/BAB-SIT-APEX-SWEC-RG-01/providers/Microsoft.Compute/virtualMachines/DAMMPAPXXIWV1,e48414cd-f96d-4414-ae9e-da7fec844f77,BAB-SIT-APEX-SWEC-RG-01,swedencentral,AP,appweb,bab-sit-apex-appweb-start-01,e48414cd-f96d-4414-ae9e-da7fec844f77|BAB-SIT-APEX-SWEC-RG-01|sit|apex|appweb|0800,Ready
bab-sit-apex-appweb-start-01,/subscriptions/d88f0b5b-6660-4607-8c6a-395820400912/resourceGroups/bab-core-auto-weeu-rg-01/providers/Microsoft.Logic/workflows/bab-sit-apex-appweb-start-01,Enabled,sit,apex,ScheduledStartTriggers,Week,1,800,Arab Standard Time,DARRRAPAUILV1,/subscriptions/e48414cd-f96d-4414-ae9e-da7fec844f77/resourceGroups/BAB-SIT-APEX-SWEC-RG-01/providers/Microsoft.Compute/virtualMachines/DARRRAPAUILV1,e48414cd-f96d-4414-ae9e-da7fec844f77,BAB-SIT-APEX-SWEC-RG-01,swedencentral,AP,appweb,bab-sit-apex-appweb-start-01,e48414cd-f96d-4414-ae9e-da7fec844f77|BAB-SIT-APEX-SWEC-RG-01|sit|apex|appweb|0800,Ready
bab-sit-apex-appweb-start-01,/subscriptions/d88f0b5b-6660-4607-8c6a-395820400912/resourceGroups/bab-core-auto-weeu-rg-01/providers/Microsoft.Logic/workflows/bab-sit-apex-appweb-start-01,Enabled,sit,apex,ScheduledStartTriggers,Week,1,800,Arab Standard Time,DARRRWBWBILV1,/subscriptions/e48414cd-f96d-4414-ae9e-da7fec844f77/resourceGroups/BAB-SIT-APEX-SWEC-RG-01/providers/Microsoft.Compute/virtualMachines/DARRRWBWBILV1,e48414cd-f96d-4414-ae9e-da7fec844f77,BAB-SIT-APEX-SWEC-RG-01,swedencentral,WB,appweb,bab-sit-apex-appweb-start-01,e48414cd-f96d-4414-ae9e-da7fec844f77|BAB-SIT-APEX-SWEC-RG-01|sit|apex|appweb|0800,Ready
bab-sit-apex-db-start-01,/subscriptions/d88f0b5b-6660-4607-8c6a-395820400912/resourceGroups/bab-core-auto-weeu-rg-01/providers/Microsoft.Logic/workflows/bab-sit-apex-db-start-01,Enabled,sit,apex,ScheduledStartTriggers,Week,1,800,Arab Standard Time,DAMMPDBXXIWV1,/subscriptions/e48414cd-f96d-4414-ae9e-da7fec844f77/resourceGroups/BAB-SIT-APEX-SWEC-RG-01/providers/Microsoft.Compute/virtualMachines/DAMMPDBXXIWV1,e48414cd-f96d-4414-ae9e-da7fec844f77,BAB-SIT-APEX-SWEC-RG-01,swedencentral,DB,db,bab-sit-apex-db-start-01,e48414cd-f96d-4414-ae9e-da7fec844f77|BAB-SIT-APEX-SWEC-RG-01|sit|apex|db|0800,Ready
bab-sit-apex-db-start-01,/subscriptions/d88f0b5b-6660-4607-8c6a-395820400912/resourceGroups/bab-core-auto-weeu-rg-01/providers/Microsoft.Logic/workflows/bab-sit-apex-db-start-01,Enabled,sit,apex,ScheduledStartTriggers,Week,1,800,Arab Standard Time,DARRRDBORILV1,/subscriptions/e48414cd-f96d-4414-ae9e-da7fec844f77/resourceGroups/BAB-SIT-APEX-SWEC-RG-01/providers/Microsoft.Compute/virtualMachines/DARRRDBORILV1,e48414cd-f96d-4414-ae9e-da7fec844f77,BAB-SIT-APEX-SWEC-RG-01,swedencentral,DB,db,bab-sit-apex-db-start-01,e48414cd-f96d-4414-ae9e-da7fec844f77|BAB-SIT-APEX-SWEC-RG-01|sit|apex|db|0800,Ready
bab-sit-aptra-appweb-start-01,/subscriptions/d88f0b5b-6660-4607-8c6a-395820400912/resourceGroups/bab-core-auto-weeu-rg-01/providers/Microsoft.Logic/workflows/bab-sit-aptra-appweb-start-01,Enabled,sit,aptra,ScheduledStartTriggers,Week,1,800,Arab Standard Time,DANCRAPXXIWV1,/subscriptions/e48414cd-f96d-4414-ae9e-da7fec844f77/resourceGroups/BAB-SIT-APTRA-SWEC-RG-01/providers/Microsoft.Compute/virtualMachines/DANCRAPXXIWV1,e48414cd-f96d-4414-ae9e-da7fec844f77,BAB-SIT-APTRA-SWEC-RG-01,swedencentral,AP,appweb,bab-sit-aptra-appweb-start-01,e48414cd-f96d-4414-ae9e-da7fec844f77|BAB-SIT-APTRA-SWEC-RG-01|sit|aptra|appweb|0800,Ready
bab-sit-aptra-db-start-01,/subscriptions/d88f0b5b-6660-4607-8c6a-395820400912/resourceGroups/bab-core-auto-weeu-rg-01/providers/Microsoft.Logic/workflows/bab-sit-aptra-db-start-01,Enabled,sit,aptra,ScheduledStartTriggers,Week,1,800,Arab Standard Time,DAFCODBSQIWV1,/subscriptions/e48414cd-f96d-4414-ae9e-da7fec844f77/resourceGroups/bab-sit-aptra-swec-rg-01/providers/Microsoft.Compute/virtualMachines/DAFCODBSQIWV1,e48414cd-f96d-4414-ae9e-da7fec844f77,bab-sit-aptra-swec-rg-01,swedencentral,DB,db,bab-sit-aptra-db-start-01,e48414cd-f96d-4414-ae9e-da7fec844f77|bab-sit-aptra-swec-rg-01|sit|aptra|db|0800,Ready
bab-sit-baas-appweb-start-01,/subscriptions/d88f0b5b-6660-4607-8c6a-395820400912/resourceGroups/bab-core-auto-weeu-rg-01/providers/Microsoft.Logic/workflows/bab-sit-baas-appweb-start-01,Enabled,sit,baas,ScheduledStartTriggers,Week,1,630,Arab Standard Time,DABASAPKASLV01,/subscriptions/e48414cd-f96d-4414-ae9e-da7fec844f77/resourceGroups/BAB-SIT-BAAS-SWEC-RG-01/providers/Microsoft.Compute/virtualMachines/DABASAPKASLV01,e48414cd-f96d-4414-ae9e-da7fec844f77,BAB-SIT-BAAS-SWEC-RG-01,swedencentral,AP,appweb,bab-sit-baas-appweb-start-01,e48414cd-f96d-4414-ae9e-da7fec844f77|BAB-SIT-BAAS-SWEC-RG-01|sit|baas|appweb|0630,Ready
bab-sit-baas-appweb-start-01,/subscriptions/d88f0b5b-6660-4607-8c6a-395820400912/resourceGroups/bab-core-auto-weeu-rg-01/providers/Microsoft.Logic/workflows/bab-sit-baas-appweb-start-01,Enabled,sit,baas,ScheduledStartTriggers,Week,1,630,Arab Standard Time,DABASAPKASLV02,/subscriptions/e48414cd-f96d-4414-ae9e-da7fec844f77/resourceGroups/BAB-SIT-BAAS-SWEC-RG-01/providers/Microsoft.Compute/virtualMachines/DABASAPKASLV02,e48414cd-f96d-4414-ae9e-da7fec844f77,BAB-SIT-BAAS-SWEC-RG-01,swedencentral,AP,appweb,bab-sit-baas-appweb-start-01,e48414cd-f96d-4414-ae9e-da7fec844f77|BAB-SIT-BAAS-SWEC-RG-01|sit|baas|appweb|0630,Ready
bab-sit-baas-appweb-start-01,/subscriptions/d88f0b5b-6660-4607-8c6a-395820400912/resourceGroups/bab-core-auto-weeu-rg-01/providers/Microsoft.Logic/workflows/bab-sit-baas-appweb-start-01,Enabled,sit,baas,ScheduledStartTriggers,Week,1,630,Arab Standard Time,DABASAPKASLV03,/subscriptions/e48414cd-f96d-4414-ae9e-da7fec844f77/resourceGroups/BAB-SIT-BAAS-SWEC-RG-01/providers/Microsoft.Compute/virtualMachines/DABASAPKASLV03,e48414cd-f96d-4414-ae9e-da7fec844f77,BAB-SIT-BAAS-SWEC-RG-01,swedencentral,AP,appweb,bab-sit-baas-appweb-start-01,e48414cd-f96d-4414-ae9e-da7fec844f77|BAB-SIT-BAAS-SWEC-RG-01|sit|baas|appweb|0630,Ready
bab-sit-baas-db-start-01,/subscriptions/d88f0b5b-6660-4607-8c6a-395820400912/resourceGroups/bab-core-auto-weeu-rg-01/providers/Microsoft.Logic/workflows/bab-sit-baas-db-start-01,Enabled,sit,baas,ScheduledStartTriggers,Week,1,615,Arab Standard Time,DABASDBRDSLV01,/subscriptions/e48414cd-f96d-4414-ae9e-da7fec844f77/resourceGroups/BAB-SIT-BAAS-SWEC-RG-01/providers/Microsoft.Compute/virtualMachines/DABASDBRDSLV01,e48414cd-f96d-4414-ae9e-da7fec844f77,BAB-SIT-BAAS-SWEC-RG-01,swedencentral,DB,db,bab-sit-baas-db-start-01,e48414cd-f96d-4414-ae9e-da7fec844f77|BAB-SIT-BAAS-SWEC-RG-01|sit|baas|db|0615,Ready
bab-sit-bds-appweb-start-01,/subscriptions/d88f0b5b-6660-4607-8c6a-395820400912/resourceGroups/bab-core-auto-weeu-rg-01/providers/Microsoft.Logic/workflows/bab-sit-bds-appweb-start-01,Enabled,sit,bds,ScheduledStartTriggers,Week,1,800,Arab Standard Time,DABDMAPWBSWV1,/subscriptions/e48414cd-f96d-4414-ae9e-da7fec844f77/resourceGroups/BAB-SIT-BDS-SWEC-RG-01/providers/Microsoft.Compute/virtualMachines/DABDMAPWBSWV1,e48414cd-f96d-4414-ae9e-da7fec844f77,BAB-SIT-BDS-SWEC-RG-01,swedencentral,APWB,appweb,bab-sit-bds-appweb-start-01,e48414cd-f96d-4414-ae9e-da7fec844f77|BAB-SIT-BDS-SWEC-RG-01|sit|bds|appweb|0800,Ready
bab-sit-bds-db-start-01,/subscriptions/d88f0b5b-6660-4607-8c6a-395820400912/resourceGroups/bab-core-auto-weeu-rg-01/providers/Microsoft.Logic/workflows/bab-sit-bds-db-start-01,Enabled,sit,bds,ScheduledStartTriggers,Week,1,750,Arab Standard Time,DABDMDBSQSWV1,/subscriptions/e48414cd-f96d-4414-ae9e-da7fec844f77/resourceGroups/bab-sit-bds-swec-rg-01/providers/Microsoft.Compute/virtualMachines/DABDMDBSQSWV1,e48414cd-f96d-4414-ae9e-da7fec844f77,bab-sit-bds-swec-rg-01,swedencentral,DB,db,bab-sit-bds-db-start-01,e48414cd-f96d-4414-ae9e-da7fec844f77|bab-sit-bds-swec-rg-01|sit|bds|db|0750,Ready
bab_bo_sit_appsweb_scheduled_start,/subscriptions/d88f0b5b-6660-4607-8c6a-395820400912/resourceGroups/bab-core-auto-weeu-rg-01/providers/Microsoft.Logic/workflows/bab_bo_sit_appsweb_scheduled_start,Enabled,sit,bo,ScheduledStartTriggers,Week,1,745,Arab Standard Time,D2SAPWBBOIWV1,/subscriptions/e48414cd-f96d-4414-ae9e-da7fec844f77/resourceGroups/BAB-SIT-BO-SWEC-RG-01/providers/Microsoft.Compute/virtualMachines/D2SAPWBBOIWV1,e48414cd-f96d-4414-ae9e-da7fec844f77,BAB-SIT-BO-SWEC-RG-01,swedencentral,APWB,appweb,bab-sit-bo-appweb-start-01,e48414cd-f96d-4414-ae9e-da7fec844f77|BAB-SIT-BO-SWEC-RG-01|sit|bo|appweb|0745,Ready
bab_bo_sit_appsweb_scheduled_start,/subscriptions/d88f0b5b-6660-4607-8c6a-395820400912/resourceGroups/bab-core-auto-weeu-rg-01/providers/Microsoft.Logic/workflows/bab_bo_sit_appsweb_scheduled_start,Enabled,sit,bo,ScheduledStartTriggers,Week,1,745,Arab Standard Time,DAMISAPXXTWV1,/subscriptions/e48414cd-f96d-4414-ae9e-da7fec844f77/resourceGroups/BAB-SIT-BO-SWEC-RG-01/providers/Microsoft.Compute/virtualMachines/DAMISAPXXTWV1,e48414cd-f96d-4414-ae9e-da7fec844f77,BAB-SIT-BO-SWEC-RG-01,swedencentral,AP,appweb,bab-sit-bo-appweb-start-01,e48414cd-f96d-4414-ae9e-da7fec844f77|BAB-SIT-BO-SWEC-RG-01|sit|bo|appweb|0745,Ready
bab_BOWeb_sit_appsweb_scheduled_start,/subscriptions/d88f0b5b-6660-4607-8c6a-395820400912/resourceGroups/bab-core-auto-weeu-rg-01/providers/Microsoft.Logic/workflows/bab_BOWeb_sit_appsweb_scheduled_start,Enabled,sit,bo,ScheduledStartTriggers,Week,1,800,Arab Standard Time,DABORAPXXTWV1,/subscriptions/e48414cd-f96d-4414-ae9e-da7fec844f77/resourceGroups/BAB-SIT-BO-SWEC-RG-01/providers/Microsoft.Compute/virtualMachines/DABORAPXXTWV1,e48414cd-f96d-4414-ae9e-da7fec844f77,BAB-SIT-BO-SWEC-RG-01,swedencentral,AP,appweb,bab-sit-bo-appweb-start-02,e48414cd-f96d-4414-ae9e-da7fec844f77|BAB-SIT-BO-SWEC-RG-01|sit|bo|appweb|0800,Ready
bab_BOWeb_sit_appsweb_scheduled_start,/subscriptions/d88f0b5b-6660-4607-8c6a-395820400912/resourceGroups/bab-core-auto-weeu-rg-01/providers/Microsoft.Logic/workflows/bab_BOWeb_sit_appsweb_scheduled_start,Enabled,sit,bo,ScheduledStartTriggers,Week,1,800,Arab Standard Time,DASAPAPBOIWV1,/subscriptions/e48414cd-f96d-4414-ae9e-da7fec844f77/resourceGroups/BAB-SIT-BO-SWEC-RG-01/providers/Microsoft.Compute/virtualMachines/DASAPAPBOIWV1,e48414cd-f96d-4414-ae9e-da7fec844f77,BAB-SIT-BO-SWEC-RG-01,swedencentral,AP,appweb,bab-sit-bo-appweb-start-02,e48414cd-f96d-4414-ae9e-da7fec844f77|BAB-SIT-BO-SWEC-RG-01|sit|bo|appweb|0800,Ready
bab-sit-bpm-appweb-start-01,/subscriptions/d88f0b5b-6660-4607-8c6a-395820400912/resourceGroups/bab-core-auto-weeu-rg-01/providers/Microsoft.Logic/workflows/bab-sit-bpm-appweb-start-01,Enabled,sit,bpm,ScheduledStartTriggers,Week,1,800,Arab Standard Time,DABPMAPWSDWV6,/subscriptions/e48414cd-f96d-4414-ae9e-da7fec844f77/resourceGroups/BAB-SIT-BPM-SWEC-RG-01/providers/Microsoft.Compute/virtualMachines/DABPMAPWSDWV6,e48414cd-f96d-4414-ae9e-da7fec844f77,BAB-SIT-BPM-SWEC-RG-01,swedencentral,AP,appweb,bab-sit-bpm-appweb-start-01,e48414cd-f96d-4414-ae9e-da7fec844f77|BAB-SIT-BPM-SWEC-RG-01|sit|bpm|appweb|0800,Ready
bab-sit-bpm-appweb-start-01,/subscriptions/d88f0b5b-6660-4607-8c6a-395820400912/resourceGroups/bab-core-auto-weeu-rg-01/providers/Microsoft.Logic/workflows/bab-sit-bpm-appweb-start-01,Enabled,sit,bpm,ScheduledStartTriggers,Week,1,800,Arab Standard Time,DABPMAPWSILV1,/subscriptions/e48414cd-f96d-4414-ae9e-da7fec844f77/resourceGroups/BAB-SIT-BPM-SWEC-RG-01/providers/Microsoft.Compute/virtualMachines/DABPMAPWSILV1,e48414cd-f96d-4414-ae9e-da7fec844f77,BAB-SIT-BPM-SWEC-RG-01,swedencentral,AP,appweb,bab-sit-bpm-appweb-start-01,e48414cd-f96d-4414-ae9e-da7fec844f77|BAB-SIT-BPM-SWEC-RG-01|sit|bpm|appweb|0800,Ready
bab-sit-bpm-db-start-01,/subscriptions/d88f0b5b-6660-4607-8c6a-395820400912/resourceGroups/bab-core-auto-weeu-rg-01/providers/Microsoft.Logic/workflows/bab-sit-bpm-db-start-01,Enabled,sit,bpm,ScheduledStartTriggers,Week,1,750,Arab Standard Time,DABPMDBORSLV1,/subscriptions/e48414cd-f96d-4414-ae9e-da7fec844f77/resourceGroups/BAB-SIT-BPM-SWEC-RG-01/providers/Microsoft.Compute/virtualMachines/DABPMDBORSLV1,e48414cd-f96d-4414-ae9e-da7fec844f77,BAB-SIT-BPM-SWEC-RG-01,swedencentral,DB,db,bab-sit-bpm-db-start-01,e48414cd-f96d-4414-ae9e-da7fec844f77|BAB-SIT-BPM-SWEC-RG-01|sit|bpm|db|0750,Ready
bab_bsi_sit_vms_Scheduled_appweb,/subscriptions/d88f0b5b-6660-4607-8c6a-395820400912/resourceGroups/bab-core-auto-weeu-rg-01/providers/Microsoft.Logic/workflows/bab_bsi_sit_vms_Scheduled_appweb,Enabled,sit,bsi,ScheduledStartTriggers,Week,1,810,Arab Standard Time,DABSIAPPSLV1,/subscriptions/e48414cd-f96d-4414-ae9e-da7fec844f77/resourceGroups/bab-sit-bsi-swec-rg-01/providers/Microsoft.Compute/virtualMachines/DABSIAPPSLV1,e48414cd-f96d-4414-ae9e-da7fec844f77,bab-sit-bsi-swec-rg-01,swedencentral,AP,appweb,bab-sit-bsi-appweb-start-01,e48414cd-f96d-4414-ae9e-da7fec844f77|bab-sit-bsi-swec-rg-01|sit|bsi|appweb|0810,Ready
bab_bsi_sit_vms_Scheduled_db,/subscriptions/d88f0b5b-6660-4607-8c6a-395820400912/resourceGroups/bab-core-auto-weeu-rg-01/providers/Microsoft.Logic/workflows/bab_bsi_sit_vms_Scheduled_db,Enabled,sit,bsi,ScheduledStartTriggers,Week,1,800,Arab Standard Time,DABSIDBSLV1,/subscriptions/e48414cd-f96d-4414-ae9e-da7fec844f77/resourceGroups/BAB-SIT-BSI-SWEC-RG-01/providers/Microsoft.Compute/virtualMachines/DABSIDBSLV1,e48414cd-f96d-4414-ae9e-da7fec844f77,BAB-SIT-BSI-SWEC-RG-01,swedencentral,DB,db,bab-sit-bsi-db-start-01,e48414cd-f96d-4414-ae9e-da7fec844f77|BAB-SIT-BSI-SWEC-RG-01|sit|bsi|db|0800,Ready
BAB-SIT-CASHINST-SWEC-RG-01,/subscriptions/d88f0b5b-6660-4607-8c6a-395820400912/resourceGroups/bab-core-auto-weeu-rg-01/providers/Microsoft.Logic/workflows/BAB-SIT-CASHINST-SWEC-RG-01,Enabled,sit,cashinst,Recurrence,Week,1,800,Arab Standard Time,DATCRAPMOILV2,/subscriptions/e48414cd-f96d-4414-ae9e-da7fec844f77/resourceGroups/BAB-SIT-CASHINST-SWEC-RG-01/providers/Microsoft.Compute/virtualMachines/DATCRAPMOILV2,e48414cd-f96d-4414-ae9e-da7fec844f77,BAB-SIT-CASHINST-SWEC-RG-01,swedencentral,AP,appweb,bab-sit-cashinst-appweb-start-01,e48414cd-f96d-4414-ae9e-da7fec844f77|BAB-SIT-CASHINST-SWEC-RG-01|sit|cashinst|appweb|0800,Ready
BAB-SIT-DB-CASHINST-SWEC-RG-01,/subscriptions/d88f0b5b-6660-4607-8c6a-395820400912/resourceGroups/bab-core-auto-weeu-rg-01/providers/Microsoft.Logic/workflows/BAB-SIT-DB-CASHINST-SWEC-RG-01,Enabled,sit,cashinst,Recurrence,Week,1,750,Arab Standard Time,DATCRDBSQIWV1,/subscriptions/e48414cd-f96d-4414-ae9e-da7fec844f77/resourceGroups/BAB-SIT-CASHINST-SWEC-RG-01/providers/Microsoft.Compute/virtualMachines/DATCRDBSQIWV1,e48414cd-f96d-4414-ae9e-da7fec844f77,BAB-SIT-CASHINST-SWEC-RG-01,swedencentral,DB,db,bab-sit-cashinst-db-start-01,e48414cd-f96d-4414-ae9e-da7fec844f77|BAB-SIT-CASHINST-SWEC-RG-01|sit|cashinst|db|0750,Ready
bab-sit-ccas-appweb-start-01,/subscriptions/d88f0b5b-6660-4607-8c6a-395820400912/resourceGroups/bab-core-auto-weeu-rg-01/providers/Microsoft.Logic/workflows/bab-sit-ccas-appweb-start-01,Enabled,sit,ccas,ScheduledStartTriggers,Week,1,700,Arab Standard Time,DACCAAPNGIWV1,/subscriptions/e48414cd-f96d-4414-ae9e-da7fec844f77/resourceGroups/BAB-SIT-CCAS-SWEC-RG-01/providers/Microsoft.Compute/virtualMachines/DACCAAPNGIWV1,e48414cd-f96d-4414-ae9e-da7fec844f77,BAB-SIT-CCAS-SWEC-RG-01,swedencentral,AP,appweb,bab-sit-ccas-appweb-start-01,e48414cd-f96d-4414-ae9e-da7fec844f77|BAB-SIT-CCAS-SWEC-RG-01|sit|ccas|appweb|0700,Ready
bab-sit-cdc-kfk-appweb-start-01,/subscriptions/d88f0b5b-6660-4607-8c6a-395820400912/resourceGroups/bab-core-auto-weeu-rg-01/providers/Microsoft.Logic/workflows/bab-sit-cdc-kfk-appweb-start-01,Enabled,sit,cdc-kfk,ScheduledStartTrigger,Week,1,800,Arab Standard Time,DACDCAPBRSLV01,/subscriptions/e48414cd-f96d-4414-ae9e-da7fec844f77/resourceGroups/bab-sit-cdc-kfk-swec-rg-01/providers/Microsoft.Compute/virtualMachines/DACDCAPBRSLV01,e48414cd-f96d-4414-ae9e-da7fec844f77,bab-sit-cdc-kfk-swec-rg-01,swedencentral,AP,appweb,bab-sit-cdc-kfk-appweb-start-01,e48414cd-f96d-4414-ae9e-da7fec844f77|bab-sit-cdc-kfk-swec-rg-01|sit|cdc-kfk|appweb|0800,Ready
bab-sit-cdc-kfk-appweb-start-01,/subscriptions/d88f0b5b-6660-4607-8c6a-395820400912/resourceGroups/bab-core-auto-weeu-rg-01/providers/Microsoft.Logic/workflows/bab-sit-cdc-kfk-appweb-start-01,Enabled,sit,cdc-kfk,ScheduledStartTrigger,Week,1,800,Arab Standard Time,DACDCAPBRSLV02,/subscriptions/e48414cd-f96d-4414-ae9e-da7fec844f77/resourceGroups/bab-sit-cdc-kfk-swec-rg-01/providers/Microsoft.Compute/virtualMachines/DACDCAPBRSLV02,e48414cd-f96d-4414-ae9e-da7fec844f77,bab-sit-cdc-kfk-swec-rg-01,swedencentral,AP,appweb,bab-sit-cdc-kfk-appweb-start-01,e48414cd-f96d-4414-ae9e-da7fec844f77|bab-sit-cdc-kfk-swec-rg-01|sit|cdc-kfk|appweb|0800,Ready
bab-sit-cdc-kfk-appweb-start-01,/subscriptions/d88f0b5b-6660-4607-8c6a-395820400912/resourceGroups/bab-core-auto-weeu-rg-01/providers/Microsoft.Logic/workflows/bab-sit-cdc-kfk-appweb-start-01,Enabled,sit,cdc-kfk,ScheduledStartTrigger,Week,1,800,Arab Standard Time,DACDCAPBRSLV03,/subscriptions/e48414cd-f96d-4414-ae9e-da7fec844f77/resourceGroups/bab-sit-cdc-kfk-swec-rg-01/providers/Microsoft.Compute/virtualMachines/DACDCAPBRSLV03,e48414cd-f96d-4414-ae9e-da7fec844f77,bab-sit-cdc-kfk-swec-rg-01,swedencentral,AP,appweb,bab-sit-cdc-kfk-appweb-start-01,e48414cd-f96d-4414-ae9e-da7fec844f77|bab-sit-cdc-kfk-swec-rg-01|sit|cdc-kfk|appweb|0800,Ready
bab-sit-cdc-kfk-appweb-start-01,/subscriptions/d88f0b5b-6660-4607-8c6a-395820400912/resourceGroups/bab-core-auto-weeu-rg-01/providers/Microsoft.Logic/workflows/bab-sit-cdc-kfk-appweb-start-01,Enabled,sit,cdc-kfk,ScheduledStartTrigger,Week,1,800,Arab Standard Time,DACDCAPCCSLV01,/subscriptions/e48414cd-f96d-4414-ae9e-da7fec844f77/resourceGroups/bab-sit-cdc-kfk-swec-rg-01/providers/Microsoft.Compute/virtualMachines/DACDCAPCCSLV01,e48414cd-f96d-4414-ae9e-da7fec844f77,bab-sit-cdc-kfk-swec-rg-01,swedencentral,AP,appweb,bab-sit-cdc-kfk-appweb-start-01,e48414cd-f96d-4414-ae9e-da7fec844f77|bab-sit-cdc-kfk-swec-rg-01|sit|cdc-kfk|appweb|0800,Ready
bab-sit-cdc-kfk-appweb-start-01,/subscriptions/d88f0b5b-6660-4607-8c6a-395820400912/resourceGroups/bab-core-auto-weeu-rg-01/providers/Microsoft.Logic/workflows/bab-sit-cdc-kfk-appweb-start-01,Enabled,sit,cdc-kfk,ScheduledStartTrigger,Week,1,800,Arab Standard Time,DACDCAPCNSLV01,/subscriptions/e48414cd-f96d-4414-ae9e-da7fec844f77/resourceGroups/bab-sit-cdc-kfk-swec-rg-01/providers/Microsoft.Compute/virtualMachines/DACDCAPCNSLV01,e48414cd-f96d-4414-ae9e-da7fec844f77,bab-sit-cdc-kfk-swec-rg-01,swedencentral,AP,appweb,bab-sit-cdc-kfk-appweb-start-01,e48414cd-f96d-4414-ae9e-da7fec844f77|bab-sit-cdc-kfk-swec-rg-01|sit|cdc-kfk|appweb|0800,Ready
bab-sit-cdc-kfk-appweb-start-01,/subscriptions/d88f0b5b-6660-4607-8c6a-395820400912/resourceGroups/bab-core-auto-weeu-rg-01/providers/Microsoft.Logic/workflows/bab-sit-cdc-kfk-appweb-start-01,Enabled,sit,cdc-kfk,ScheduledStartTrigger,Week,1,800,Arab Standard Time,DACDCAPCNSLV02,/subscriptions/e48414cd-f96d-4414-ae9e-da7fec844f77/resourceGroups/bab-sit-cdc-kfk-swec-rg-01/providers/Microsoft.Compute/virtualMachines/DACDCAPCNSLV02,e48414cd-f96d-4414-ae9e-da7fec844f77,bab-sit-cdc-kfk-swec-rg-01,swedencentral,AP,appweb,bab-sit-cdc-kfk-appweb-start-01,e48414cd-f96d-4414-ae9e-da7fec844f77|bab-sit-cdc-kfk-swec-rg-01|sit|cdc-kfk|appweb|0800,Ready
bab-sit-cdc-kfk-appweb-start-01,/subscriptions/d88f0b5b-6660-4607-8c6a-395820400912/resourceGroups/bab-core-auto-weeu-rg-01/providers/Microsoft.Logic/workflows/bab-sit-cdc-kfk-appweb-start-01,Enabled,sit,cdc-kfk,ScheduledStartTrigger,Week,1,800,Arab Standard Time,DACDCAPCTSLV01,/subscriptions/e48414cd-f96d-4414-ae9e-da7fec844f77/resourceGroups/bab-sit-cdc-kfk-swec-rg-01/providers/Microsoft.Compute/virtualMachines/DACDCAPCTSLV01,e48414cd-f96d-4414-ae9e-da7fec844f77,bab-sit-cdc-kfk-swec-rg-01,swedencentral,AP,appweb,bab-sit-cdc-kfk-appweb-start-01,e48414cd-f96d-4414-ae9e-da7fec844f77|bab-sit-cdc-kfk-swec-rg-01|sit|cdc-kfk|appweb|0800,Ready
bab-sit-cdc-kfk-appweb-start-01,/subscriptions/d88f0b5b-6660-4607-8c6a-395820400912/resourceGroups/bab-core-auto-weeu-rg-01/providers/Microsoft.Logic/workflows/bab-sit-cdc-kfk-appweb-start-01,Enabled,sit,cdc-kfk,ScheduledStartTrigger,Week,1,800,Arab Standard Time,DACDCAPCTSLV02,/subscriptions/e48414cd-f96d-4414-ae9e-da7fec844f77/resourceGroups/bab-sit-cdc-kfk-swec-rg-01/providers/Microsoft.Compute/virtualMachines/DACDCAPCTSLV02,e48414cd-f96d-4414-ae9e-da7fec844f77,bab-sit-cdc-kfk-swec-rg-01,swedencentral,AP,appweb,bab-sit-cdc-kfk-appweb-start-01,e48414cd-f96d-4414-ae9e-da7fec844f77|bab-sit-cdc-kfk-swec-rg-01|sit|cdc-kfk|appweb|0800,Ready
bab-sit-cdc-kfk-appweb-start-01,/subscriptions/d88f0b5b-6660-4607-8c6a-395820400912/resourceGroups/bab-core-auto-weeu-rg-01/providers/Microsoft.Logic/workflows/bab-sit-cdc-kfk-appweb-start-01,Enabled,sit,cdc-kfk,ScheduledStartTrigger,Week,1,800,Arab Standard Time,DACDCAPCTSLV03,/subscriptions/e48414cd-f96d-4414-ae9e-da7fec844f77/resourceGroups/bab-sit-cdc-kfk-swec-rg-01/providers/Microsoft.Compute/virtualMachines/DACDCAPCTSLV03,e48414cd-f96d-4414-ae9e-da7fec844f77,bab-sit-cdc-kfk-swec-rg-01,swedencentral,AP,appweb,bab-sit-cdc-kfk-appweb-start-01,e48414cd-f96d-4414-ae9e-da7fec844f77|bab-sit-cdc-kfk-swec-rg-01|sit|cdc-kfk|appweb|0800,Ready
bab-sit-cdc-kfk-appweb-start-01,/subscriptions/d88f0b5b-6660-4607-8c6a-395820400912/resourceGroups/bab-core-auto-weeu-rg-01/providers/Microsoft.Logic/workflows/bab-sit-cdc-kfk-appweb-start-01,Enabled,sit,cdc-kfk,ScheduledStartTrigger,Week,1,800,Arab Standard Time,DACDCAPSRSLV01,/subscriptions/e48414cd-f96d-4414-ae9e-da7fec844f77/resourceGroups/bab-sit-cdc-kfk-swec-rg-01/providers/Microsoft.Compute/virtualMachines/DACDCAPSRSLV01,e48414cd-f96d-4414-ae9e-da7fec844f77,bab-sit-cdc-kfk-swec-rg-01,swedencentral,AP,appweb,bab-sit-cdc-kfk-appweb-start-01,e48414cd-f96d-4414-ae9e-da7fec844f77|bab-sit-cdc-kfk-swec-rg-01|sit|cdc-kfk|appweb|0800,Ready
bab-sit-cdc-kfk-appweb-start-01,/subscriptions/d88f0b5b-6660-4607-8c6a-395820400912/resourceGroups/bab-core-auto-weeu-rg-01/providers/Microsoft.Logic/workflows/bab-sit-cdc-kfk-appweb-start-01,Enabled,sit,cdc-kfk,ScheduledStartTrigger,Week,1,800,Arab Standard Time,DACDCAPSRSLV02,/subscriptions/e48414cd-f96d-4414-ae9e-da7fec844f77/resourceGroups/bab-sit-cdc-kfk-swec-rg-01/providers/Microsoft.Compute/virtualMachines/DACDCAPSRSLV02,e48414cd-f96d-4414-ae9e-da7fec844f77,bab-sit-cdc-kfk-swec-rg-01,swedencentral,AP,appweb,bab-sit-cdc-kfk-appweb-start-01,e48414cd-f96d-4414-ae9e-da7fec844f77|bab-sit-cdc-kfk-swec-rg-01|sit|cdc-kfk|appweb|0800,Ready
bab-sit-cdc-kfk-appweb-start-01,/subscriptions/d88f0b5b-6660-4607-8c6a-395820400912/resourceGroups/bab-core-auto-weeu-rg-01/providers/Microsoft.Logic/workflows/bab-sit-cdc-kfk-appweb-start-01,Enabled,sit,cdc-kfk,ScheduledStartTrigger,Week,1,800,Arab Standard Time,DACDCAPSWV01,/subscriptions/e48414cd-f96d-4414-ae9e-da7fec844f77/resourceGroups/bab-sit-cdc-kfk-swec-rg-01/providers/Microsoft.Compute/virtualMachines/DACDCAPSWV01,e48414cd-f96d-4414-ae9e-da7fec844f77,bab-sit-cdc-kfk-swec-rg-01,swedencentral,AP,appweb,bab-sit-cdc-kfk-appweb-start-01,e48414cd-f96d-4414-ae9e-da7fec844f77|bab-sit-cdc-kfk-swec-rg-01|sit|cdc-kfk|appweb|0800,Ready
bab-sit-cdc-kfk-db-start-01,/subscriptions/d88f0b5b-6660-4607-8c6a-395820400912/resourceGroups/bab-core-auto-weeu-rg-01/providers/Microsoft.Logic/workflows/bab-sit-cdc-kfk-db-start-01,Enabled,sit,cdc-kfk,ScheduledStartTrigger,Week,1,750,Arab Standard Time,DACDCORDBSWV01,/subscriptions/e48414cd-f96d-4414-ae9e-da7fec844f77/resourceGroups/bab-sit-cdc-kfk-swec-rg-01/providers/Microsoft.Compute/virtualMachines/DACDCORDBSWV01,e48414cd-f96d-4414-ae9e-da7fec844f77,bab-sit-cdc-kfk-swec-rg-01,swedencentral,DB,db,bab-sit-cdc-kfk-db-start-01,e48414cd-f96d-4414-ae9e-da7fec844f77|bab-sit-cdc-kfk-swec-rg-01|sit|cdc-kfk|db|0750,Ready
ststv2_cortex_sit_vms_Scheduled_start,/subscriptions/d88f0b5b-6660-4607-8c6a-395820400912/resourceGroups/bab-core-auto-weeu-rg-01/providers/Microsoft.Logic/workflows/ststv2_cortex_sit_vms_Scheduled_start,Enabled,sit,cortex,Recurrence,Week,1,800,Arab Standard Time,DARECAPJBIWV2,/subscriptions/e48414cd-f96d-4414-ae9e-da7fec844f77/resourceGroups/BAB-SIT-CORTEX-SWEC-RG-01/providers/Microsoft.Compute/virtualMachines/DARECAPJBIWV2,e48414cd-f96d-4414-ae9e-da7fec844f77,BAB-SIT-CORTEX-SWEC-RG-01,swedencentral,AP,appweb,bab-sit-cortex-appweb-start-01,e48414cd-f96d-4414-ae9e-da7fec844f77|BAB-SIT-CORTEX-SWEC-RG-01|sit|cortex|appweb|0800,Ready
ststv2_cortex_sit_db_Scheduled_start,/subscriptions/d88f0b5b-6660-4607-8c6a-395820400912/resourceGroups/bab-core-auto-weeu-rg-01/providers/Microsoft.Logic/workflows/ststv2_cortex_sit_db_Scheduled_start,Enabled,sit,cortex,Recurrence,Week,1,750,Arab Standard Time,DARECDBORILV1,/subscriptions/e48414cd-f96d-4414-ae9e-da7fec844f77/resourceGroups/BAB-SIT-CORTEX-SWEC-RG-01/providers/Microsoft.Compute/virtualMachines/DARECDBORILV1,e48414cd-f96d-4414-ae9e-da7fec844f77,BAB-SIT-CORTEX-SWEC-RG-01,swedencentral,DB,db,bab-sit-cortex-db-start-01,e48414cd-f96d-4414-ae9e-da7fec844f77|BAB-SIT-CORTEX-SWEC-RG-01|sit|cortex|db|0750,Ready
bab-sit-crtxup-appweb-start-01,/subscriptions/d88f0b5b-6660-4607-8c6a-395820400912/resourceGroups/bab-core-auto-weeu-rg-01/providers/Microsoft.Logic/workflows/bab-sit-crtxup-appweb-start-01,Enabled,sit,crtxup,ScheduledStartTriggers,Week,1,800,Arab Standard Time,DACTXAPGUILV01,/subscriptions/e48414cd-f96d-4414-ae9e-da7fec844f77/resourceGroups/BAB-SIT-CRTXUP-SWEC-RG-01/providers/Microsoft.Compute/virtualMachines/DACTXAPGUILV01,e48414cd-f96d-4414-ae9e-da7fec844f77,BAB-SIT-CRTXUP-SWEC-RG-01,swedencentral,AP,appweb,bab-sit-crtxup-appweb-start-01,e48414cd-f96d-4414-ae9e-da7fec844f77|BAB-SIT-CRTXUP-SWEC-RG-01|sit|crtxup|appweb|0800,Ready
bab-sit-crtxup-appweb-start-01,/subscriptions/d88f0b5b-6660-4607-8c6a-395820400912/resourceGroups/bab-core-auto-weeu-rg-01/providers/Microsoft.Logic/workflows/bab-sit-crtxup-appweb-start-01,Enabled,sit,crtxup,ScheduledStartTriggers,Week,1,800,Arab Standard Time,DACTXAPSWILV01,/subscriptions/e48414cd-f96d-4414-ae9e-da7fec844f77/resourceGroups/BAB-SIT-CRTXUP-SWEC-RG-01/providers/Microsoft.Compute/virtualMachines/DACTXAPSWILV01,e48414cd-f96d-4414-ae9e-da7fec844f77,BAB-SIT-CRTXUP-SWEC-RG-01,swedencentral,AP,appweb,bab-sit-crtxup-appweb-start-01,e48414cd-f96d-4414-ae9e-da7fec844f77|BAB-SIT-CRTXUP-SWEC-RG-01|sit|crtxup|appweb|0800,Ready
bab-sit-crtxup-appweb-start-01,/subscriptions/d88f0b5b-6660-4607-8c6a-395820400912/resourceGroups/bab-core-auto-weeu-rg-01/providers/Microsoft.Logic/workflows/bab-sit-crtxup-appweb-start-01,Enabled,sit,crtxup,ScheduledStartTriggers,Week,1,800,Arab Standard Time,DAISTAPGUILV01,/subscriptions/e48414cd-f96d-4414-ae9e-da7fec844f77/resourceGroups/BAB-SIT-CRTXUP-SWEC-RG-01/providers/Microsoft.Compute/virtualMachines/DAISTAPGUILV01,e48414cd-f96d-4414-ae9e-da7fec844f77,BAB-SIT-CRTXUP-SWEC-RG-01,swedencentral,AP,appweb,bab-sit-crtxup-appweb-start-01,e48414cd-f96d-4414-ae9e-da7fec844f77|BAB-SIT-CRTXUP-SWEC-RG-01|sit|crtxup|appweb|0800,Ready
bab-sit-crtxup-appweb-start-01,/subscriptions/d88f0b5b-6660-4607-8c6a-395820400912/resourceGroups/bab-core-auto-weeu-rg-01/providers/Microsoft.Logic/workflows/bab-sit-crtxup-appweb-start-01,Enabled,sit,crtxup,ScheduledStartTriggers,Week,1,800,Arab Standard Time,DAISTAPSWILV01,/subscriptions/e48414cd-f96d-4414-ae9e-da7fec844f77/resourceGroups/BAB-SIT-CRTXUP-SWEC-RG-01/providers/Microsoft.Compute/virtualMachines/DAISTAPSWILV01,e48414cd-f96d-4414-ae9e-da7fec844f77,BAB-SIT-CRTXUP-SWEC-RG-01,swedencentral,AP,appweb,bab-sit-crtxup-appweb-start-01,e48414cd-f96d-4414-ae9e-da7fec844f77|BAB-SIT-CRTXUP-SWEC-RG-01|sit|crtxup|appweb|0800,Ready
bab-sit-crtxup-db-start-01,/subscriptions/d88f0b5b-6660-4607-8c6a-395820400912/resourceGroups/bab-core-auto-weeu-rg-01/providers/Microsoft.Logic/workflows/bab-sit-crtxup-db-start-01,Enabled,sit,crtxup,ScheduledStartTriggers,Week,1,750,Arab Standard Time,DACTXDBORILV01,/subscriptions/e48414cd-f96d-4414-ae9e-da7fec844f77/resourceGroups/BAB-SIT-CRTXUP-SWEC-RG-01/providers/Microsoft.Compute/virtualMachines/DACTXDBORILV01,e48414cd-f96d-4414-ae9e-da7fec844f77,BAB-SIT-CRTXUP-SWEC-RG-01,swedencentral,DB,db,bab-sit-crtxup-db-start-01,e48414cd-f96d-4414-ae9e-da7fec844f77|BAB-SIT-CRTXUP-SWEC-RG-01|sit|crtxup|db|0750,Ready
bab-sit-dex-upg-appweb-start-01,/subscriptions/d88f0b5b-6660-4607-8c6a-395820400912/resourceGroups/bab-core-auto-weeu-rg-01/providers/Microsoft.Logic/workflows/bab-sit-dex-upg-appweb-start-01,Enabled,sit,dex-upg,ScheduledStartTrigger,Week,1,800,Arab Standard Time,DADEXAPIISWV01,/subscriptions/e48414cd-f96d-4414-ae9e-da7fec844f77/resourceGroups/BAB-SIT-DEX-UPG-SWEC-RG-01/providers/Microsoft.Compute/virtualMachines/DADEXAPIISWV01,e48414cd-f96d-4414-ae9e-da7fec844f77,BAB-SIT-DEX-UPG-SWEC-RG-01,swedencentral,AP,appweb,bab-sit-dex-upg-appweb-start-01,e48414cd-f96d-4414-ae9e-da7fec844f77|BAB-SIT-DEX-UPG-SWEC-RG-01|sit|dex-upg|appweb|0800,Ready
bab-sit-dex-upg-appweb-start-01,/subscriptions/d88f0b5b-6660-4607-8c6a-395820400912/resourceGroups/bab-core-auto-weeu-rg-01/providers/Microsoft.Logic/workflows/bab-sit-dex-upg-appweb-start-01,Enabled,sit,dex-upg,ScheduledStartTrigger,Week,1,800,Arab Standard Time,DADEXIXOAPSWV01,/subscriptions/e48414cd-f96d-4414-ae9e-da7fec844f77/resourceGroups/BAB-SIT-DEX-UPG-SWEC-RG-01/providers/Microsoft.Compute/virtualMachines/DADEXIXOAPSWV01,e48414cd-f96d-4414-ae9e-da7fec844f77,BAB-SIT-DEX-UPG-SWEC-RG-01,swedencentral,AP,appweb,bab-sit-dex-upg-appweb-start-01,e48414cd-f96d-4414-ae9e-da7fec844f77|BAB-SIT-DEX-UPG-SWEC-RG-01|sit|dex-upg|appweb|0800,Ready
bab-sit-dex-upg-db-start-01,/subscriptions/d88f0b5b-6660-4607-8c6a-395820400912/resourceGroups/bab-core-auto-weeu-rg-01/providers/Microsoft.Logic/workflows/bab-sit-dex-upg-db-start-01,Enabled,sit,dex-upg,ScheduledStartTrigger,Week,1,750,Arab Standard Time,DADEXORDBSLV01,/subscriptions/e48414cd-f96d-4414-ae9e-da7fec844f77/resourceGroups/BAB-SIT-DEX-UPG-SWEC-RG-01/providers/Microsoft.Compute/virtualMachines/DADEXORDBSLV01,e48414cd-f96d-4414-ae9e-da7fec844f77,BAB-SIT-DEX-UPG-SWEC-RG-01,swedencentral,DB,db,bab-sit-dex-upg-db-start-01,e48414cd-f96d-4414-ae9e-da7fec844f77|BAB-SIT-DEX-UPG-SWEC-RG-01|sit|dex-upg|db|0750,Ready
bab-DIGIAPI-sit_vms_Scheduled_db,/subscriptions/d88f0b5b-6660-4607-8c6a-395820400912/resourceGroups/bab-core-auto-weeu-rg-01/providers/Microsoft.Logic/workflows/bab-DIGIAPI-sit_vms_Scheduled_db,Enabled,sit,digiapi,ScheduledStartTriggers,Week,1,750,Arab Standard Time,DAOBPDBSQIWV1,/subscriptions/e48414cd-f96d-4414-ae9e-da7fec844f77/resourceGroups/BAB-SIT-DIGIAPI-SWEC-RG-01/providers/Microsoft.Compute/virtualMachines/DAOBPDBSQIWV1,e48414cd-f96d-4414-ae9e-da7fec844f77,BAB-SIT-DIGIAPI-SWEC-RG-01,swedencentral,DB,db,bab-sit-digiapi-db-start-01,e48414cd-f96d-4414-ae9e-da7fec844f77|BAB-SIT-DIGIAPI-SWEC-RG-01|sit|digiapi|db|0750,Ready
bab-efat-sit_vms_Scheduled_start,/subscriptions/d88f0b5b-6660-4607-8c6a-395820400912/resourceGroups/bab-core-auto-weeu-rg-01/providers/Microsoft.Logic/workflows/bab-efat-sit_vms_Scheduled_start,Enabled,sit,efat,ScheduledStartTriggers,Week,1,800,Arab Standard Time,DAFATDBSQIWV3,/subscriptions/e48414cd-f96d-4414-ae9e-da7fec844f77/resourceGroups/bab-sit-efat-swec-rg-01/providers/Microsoft.Compute/virtualMachines/DAFATDBSQIWV3,e48414cd-f96d-4414-ae9e-da7fec844f77,bab-sit-efat-swec-rg-01,swedencentral,DB,db,bab-sit-efat-db-start-01,e48414cd-f96d-4414-ae9e-da7fec844f77|bab-sit-efat-swec-rg-01|sit|efat|db|0800,Ready
bab-eips-sit_vms_Scheduled_start,/subscriptions/d88f0b5b-6660-4607-8c6a-395820400912/resourceGroups/bab-core-auto-weeu-rg-01/providers/Microsoft.Logic/workflows/bab-eips-sit_vms_Scheduled_start,Enabled,sit,eips,ScheduledStartTriggers,Week,1,800,Arab Standard Time,DAIPSAPGWILV1,/subscriptions/e48414cd-f96d-4414-ae9e-da7fec844f77/resourceGroups/BAB-SIT-EIPS-SWEC-RG-01/providers/Microsoft.Compute/virtualMachines/DAIPSAPGWILV1,e48414cd-f96d-4414-ae9e-da7fec844f77,BAB-SIT-EIPS-SWEC-RG-01,swedencentral,AP,appweb,bab-sit-eips-appweb-start-01,e48414cd-f96d-4414-ae9e-da7fec844f77|BAB-SIT-EIPS-SWEC-RG-01|sit|eips|appweb|0800,Ready
bab-etl-sit_vmstart_vms_Scheduled_appweb,/subscriptions/d88f0b5b-6660-4607-8c6a-395820400912/resourceGroups/bab-core-auto-weeu-rg-01/providers/Microsoft.Logic/workflows/bab-etl-sit_vmstart_vms_Scheduled_appweb,Enabled,sit,etl,ScheduledStartTriggers,Week,1,750,Arab Standard Time,DAETLAPDMIWV1,/subscriptions/e48414cd-f96d-4414-ae9e-da7fec844f77/resourceGroups/BAB-SIT-ETL-SWEC-RG-01/providers/Microsoft.Compute/virtualMachines/DAETLAPDMIWV1,e48414cd-f96d-4414-ae9e-da7fec844f77,BAB-SIT-ETL-SWEC-RG-01,swedencentral,AP,appweb,bab-sit-etl-appweb-start-01,e48414cd-f96d-4414-ae9e-da7fec844f77|BAB-SIT-ETL-SWEC-RG-01|sit|etl|appweb|0750,Ready
bab-etl-sit_vms_Scheduled_db,/subscriptions/d88f0b5b-6660-4607-8c6a-395820400912/resourceGroups/bab-core-auto-weeu-rg-01/providers/Microsoft.Logic/workflows/bab-etl-sit_vms_Scheduled_db,Enabled,sit,etl,ScheduledStartTriggers,Week,1,750,Arab Standard Time,DADHBDBSQIWV1-new,/subscriptions/e48414cd-f96d-4414-ae9e-da7fec844f77/resourceGroups/BAB-SIT-ETL-SWEC-RG-01/providers/Microsoft.Compute/virtualMachines/DADHBDBSQIWV1-new,e48414cd-f96d-4414-ae9e-da7fec844f77,BAB-SIT-ETL-SWEC-RG-01,swedencentral,DB,db,bab-sit-etl-db-start-01,e48414cd-f96d-4414-ae9e-da7fec844f77|BAB-SIT-ETL-SWEC-RG-01|sit|etl|db|0750,Ready
bab-incentivemanagementsystem-sit_vms_Scheduled_start,/subscriptions/d88f0b5b-6660-4607-8c6a-395820400912/resourceGroups/bab-core-auto-weeu-rg-01/providers/Microsoft.Logic/workflows/bab-incentivemanagementsystem-sit_vms_Scheduled_start,Enabled,sit,incentivemanagementsystem,ScheduledStartTriggers,Week,1,750,Arab Standard Time,DAIMSWBSWV1,/subscriptions/e48414cd-f96d-4414-ae9e-da7fec844f77/resourceGroups/bab-sit-incentivemanagementsystem-swec-rg-01/providers/Microsoft.Compute/virtualMachines/DAIMSWBSWV1,e48414cd-f96d-4414-ae9e-da7fec844f77,bab-sit-incentivemanagementsystem-swec-rg-01,swedencentral,WB,appweb,bab-sit-incentivemanagementsystem-appweb-start-01,e48414cd-f96d-4414-ae9e-da7fec844f77|bab-sit-incentivemanagementsystem-swec-rg-01|sit|incentivemanagementsystem|appweb|0750,Ready
bab-incentivemanagementsystem-sit_vms_Scheduled_start,/subscriptions/d88f0b5b-6660-4607-8c6a-395820400912/resourceGroups/bab-core-auto-weeu-rg-01/providers/Microsoft.Logic/workflows/bab-incentivemanagementsystem-sit_vms_Scheduled_start,Enabled,sit,incentivemanagementsystem,ScheduledStartTriggers,Week,1,750,Arab Standard Time,DAIMSDBSWV1,/subscriptions/e48414cd-f96d-4414-ae9e-da7fec844f77/resourceGroups/bab-sit-incentivemanagementsystem-swec-rg-01/providers/Microsoft.Compute/virtualMachines/DAIMSDBSWV1,e48414cd-f96d-4414-ae9e-da7fec844f77,bab-sit-incentivemanagementsystem-swec-rg-01,swedencentral,DB,db,bab-sit-incentivemanagementsystem-db-start-01,e48414cd-f96d-4414-ae9e-da7fec844f77|bab-sit-incentivemanagementsystem-swec-rg-01|sit|incentivemanagementsystem|db|0750,Ready
bab-ipay-sit_vms_Scheduled_start,/subscriptions/d88f0b5b-6660-4607-8c6a-395820400912/resourceGroups/bab-core-auto-weeu-rg-01/providers/Microsoft.Logic/workflows/bab-ipay-sit_vms_Scheduled_start,Enabled,sit,ipay,ScheduledStartTriggers,Week,1,800,Arab Standard Time,DAIPYAPXXIWV1,/subscriptions/e48414cd-f96d-4414-ae9e-da7fec844f77/resourceGroups/BAB-SIT-IPAY-SWEC-RG-01/providers/Microsoft.Compute/virtualMachines/DAIPYAPXXIWV1,e48414cd-f96d-4414-ae9e-da7fec844f77,BAB-SIT-IPAY-SWEC-RG-01,swedencentral,AP,appweb,bab-sit-ipay-appweb-start-01,e48414cd-f96d-4414-ae9e-da7fec844f77|BAB-SIT-IPAY-SWEC-RG-01|sit|ipay|appweb|0800,Ready
bab-ipay-sit_db_Scheduled_start,/subscriptions/d88f0b5b-6660-4607-8c6a-395820400912/resourceGroups/bab-core-auto-weeu-rg-01/providers/Microsoft.Logic/workflows/bab-ipay-sit_db_Scheduled_start,Enabled,sit,ipay,ScheduledStartTriggers,Week,1,800,Arab Standard Time,DAIPYDBSQIWV1,/subscriptions/e48414cd-f96d-4414-ae9e-da7fec844f77/resourceGroups/bab-sit-ipay-swec-rg-01/providers/Microsoft.Compute/virtualMachines/DAIPYDBSQIWV1,e48414cd-f96d-4414-ae9e-da7fec844f77,bab-sit-ipay-swec-rg-01,swedencentral,DB,db,bab-sit-ipay-db-start-01,e48414cd-f96d-4414-ae9e-da7fec844f77|bab-sit-ipay-swec-rg-01|sit|ipay|db|0800,Ready
bab-jms-sit_vms_Scheduled_start,/subscriptions/d88f0b5b-6660-4607-8c6a-395820400912/resourceGroups/bab-core-auto-weeu-rg-01/providers/Microsoft.Logic/workflows/bab-jms-sit_vms_Scheduled_start,Enabled,sit,jms,ScheduledStartTriggers,Week,1,800,Arab Standard Time,DAMFAAPAUILV1,/subscriptions/e48414cd-f96d-4414-ae9e-da7fec844f77/resourceGroups/BAB-SIT-JMS-SWEC-RG-01/providers/Microsoft.Compute/virtualMachines/DAMFAAPAUILV1,e48414cd-f96d-4414-ae9e-da7fec844f77,BAB-SIT-JMS-SWEC-RG-01,swedencentral,AP,appweb,bab-sit-jms-appweb-start-01,e48414cd-f96d-4414-ae9e-da7fec844f77|BAB-SIT-JMS-SWEC-RG-01|sit|jms|appweb|0800,Ready
bab-kmsup-sit_vms_Scheduled_start,/subscriptions/d88f0b5b-6660-4607-8c6a-395820400912/resourceGroups/bab-core-auto-weeu-rg-01/providers/Microsoft.Logic/workflows/bab-kmsup-sit_vms_Scheduled_start,Enabled,sit,kmsup,ScheduledStartTriggers,Week,1,800,Arab Standard Time,DAKMSDBORILV01,/subscriptions/e48414cd-f96d-4414-ae9e-da7fec844f77/resourceGroups/BAB-SIT-KMSUP-SWEC-RG-01/providers/Microsoft.Compute/virtualMachines/DAKMSDBORILV01,e48414cd-f96d-4414-ae9e-da7fec844f77,BAB-SIT-KMSUP-SWEC-RG-01,swedencentral,DB,db,bab-sit-kmsup-db-start-01,e48414cd-f96d-4414-ae9e-da7fec844f77|BAB-SIT-KMSUP-SWEC-RG-01|sit|kmsup|db|0800,Ready
bab-sit-mog-db-start-01,/subscriptions/d88f0b5b-6660-4607-8c6a-395820400912/resourceGroups/bab-core-auto-weeu-rg-01/providers/Microsoft.Logic/workflows/bab-sit-mog-db-start-01,Enabled,sit,mogdb,Recurrence,Week,1,700,Arab Standard Time,DAMOGDBORSLV1,/subscriptions/e48414cd-f96d-4414-ae9e-da7fec844f77/resourceGroups/BAB-SIT-MOGDB-SWEC-RG-01/providers/Microsoft.Compute/virtualMachines/DAMOGDBORSLV1,e48414cd-f96d-4414-ae9e-da7fec844f77,BAB-SIT-MOGDB-SWEC-RG-01,swedencentral,DB,db,bab-sit-mogdb-db-start-01,e48414cd-f96d-4414-ae9e-da7fec844f77|BAB-SIT-MOGDB-SWEC-RG-01|sit|mogdb|db|0700,Ready
bab-sit-mog-db-start-01,/subscriptions/d88f0b5b-6660-4607-8c6a-395820400912/resourceGroups/bab-core-auto-weeu-rg-01/providers/Microsoft.Logic/workflows/bab-sit-mog-db-start-01,Enabled,sit,mogdb,Recurrence,Week,1,700,Arab Standard Time,DAMOGDBORSLV2,/subscriptions/e48414cd-f96d-4414-ae9e-da7fec844f77/resourceGroups/BAB-SIT-MOGDB-SWEC-RG-01/providers/Microsoft.Compute/virtualMachines/DAMOGDBORSLV2,e48414cd-f96d-4414-ae9e-da7fec844f77,BAB-SIT-MOGDB-SWEC-RG-01,swedencentral,DB,db,bab-sit-mogdb-db-start-01,e48414cd-f96d-4414-ae9e-da7fec844f77|BAB-SIT-MOGDB-SWEC-RG-01|sit|mogdb|db|0700,Ready
bab-sit-mog-db-start-01,/subscriptions/d88f0b5b-6660-4607-8c6a-395820400912/resourceGroups/bab-core-auto-weeu-rg-01/providers/Microsoft.Logic/workflows/bab-sit-mog-db-start-01,Enabled,sit,mogdb,Recurrence,Week,1,700,Arab Standard Time,DAMOGDBORSLV3,/subscriptions/e48414cd-f96d-4414-ae9e-da7fec844f77/resourceGroups/BAB-SIT-MOGDB-SWEC-RG-01/providers/Microsoft.Compute/virtualMachines/DAMOGDBORSLV3,e48414cd-f96d-4414-ae9e-da7fec844f77,BAB-SIT-MOGDB-SWEC-RG-01,swedencentral,DB,db,bab-sit-mogdb-db-start-01,e48414cd-f96d-4414-ae9e-da7fec844f77|BAB-SIT-MOGDB-SWEC-RG-01|sit|mogdb|db|0700,Ready
ststv2_MUB-sit_vms_Scheduled_start,/subscriptions/d88f0b5b-6660-4607-8c6a-395820400912/resourceGroups/bab-core-auto-weeu-rg-01/providers/Microsoft.Logic/workflows/ststv2_MUB-sit_vms_Scheduled_start,Enabled,sit,mub,Recurrence,Week,1,800,Arab Standard Time,DAMUBAPJBIWV2,/subscriptions/e48414cd-f96d-4414-ae9e-da7fec844f77/resourceGroups/bab-sit-mub-swec-rg-01/providers/Microsoft.Compute/virtualMachines/DAMUBAPJBIWV2,e48414cd-f96d-4414-ae9e-da7fec844f77,bab-sit-mub-swec-rg-01,swedencentral,AP,appweb,bab-sit-mub-appweb-start-01,e48414cd-f96d-4414-ae9e-da7fec844f77|bab-sit-mub-swec-rg-01|sit|mub|appweb|0800,Ready
bab-mux-sit_vms_Scheduled_appweb,/subscriptions/d88f0b5b-6660-4607-8c6a-395820400912/resourceGroups/bab-core-auto-weeu-rg-01/providers/Microsoft.Logic/workflows/bab-mux-sit_vms_Scheduled_appweb,Enabled,sit,mux,ScheduledStartTriggers,Week,1,800,Arab Standard Time,DATMSAPMOILV1,/subscriptions/e48414cd-f96d-4414-ae9e-da7fec844f77/resourceGroups/BAB-SIT-MUX-SWEC-RG-01/providers/Microsoft.Compute/virtualMachines/DATMSAPMOILV1,e48414cd-f96d-4414-ae9e-da7fec844f77,BAB-SIT-MUX-SWEC-RG-01,swedencentral,AP,appweb,bab-sit-mux-appweb-start-01,e48414cd-f96d-4414-ae9e-da7fec844f77|BAB-SIT-MUX-SWEC-RG-01|sit|mux|appweb|0800,Ready
bab-mux-sit_db_Scheduled_appweb,/subscriptions/d88f0b5b-6660-4607-8c6a-395820400912/resourceGroups/bab-core-auto-weeu-rg-01/providers/Microsoft.Logic/workflows/bab-mux-sit_db_Scheduled_appweb,Enabled,sit,mux,ScheduledStartTriggers,Week,1,750,Arab Standard Time,DATMSDBORILV1,/subscriptions/e48414cd-f96d-4414-ae9e-da7fec844f77/resourceGroups/BAB-SIT-MUX-SWEC-RG-01/providers/Microsoft.Compute/virtualMachines/DATMSDBORILV1,e48414cd-f96d-4414-ae9e-da7fec844f77,BAB-SIT-MUX-SWEC-RG-01,swedencentral,DB,db,bab-sit-mux-db-start-01,e48414cd-f96d-4414-ae9e-da7fec844f77|BAB-SIT-MUX-SWEC-RG-01|sit|mux|db|0750,Ready
bab-new-bib-sit-db-start-01,/subscriptions/d88f0b5b-6660-4607-8c6a-395820400912/resourceGroups/bab-core-auto-weeu-rg-01/providers/Microsoft.Logic/workflows/bab-new-bib-sit-db-start-01,Enabled,sit,new-bib,ScheduledStartTriggers,Week,1,630,Arab Standard Time,DANBIBDBORSLV01,/subscriptions/e48414cd-f96d-4414-ae9e-da7fec844f77/resourceGroups/bab-sit-new-bib-swec-rg-01/providers/Microsoft.Compute/virtualMachines/DANBIBDBORSLV01,e48414cd-f96d-4414-ae9e-da7fec844f77,bab-sit-new-bib-swec-rg-01,swedencentral,DB,db,bab-sit-new-bib-db-start-01,e48414cd-f96d-4414-ae9e-da7fec844f77|bab-sit-new-bib-swec-rg-01|sit|new-bib|db|0630,Ready
bab-sit-oab_vms_Scheduled_app,/subscriptions/d88f0b5b-6660-4607-8c6a-395820400912/resourceGroups/bab-core-auto-weeu-rg-01/providers/Microsoft.Logic/workflows/bab-sit-oab_vms_Scheduled_app,Enabled,sit,oab,ScheduledStartTriggers,Week,1,800,Arab Standard Time,DAOABAPSWV01,/subscriptions/e48414cd-f96d-4414-ae9e-da7fec844f77/resourceGroups/bab-sit-oab-swec-rg-01/providers/Microsoft.Compute/virtualMachines/DAOABAPSWV01,e48414cd-f96d-4414-ae9e-da7fec844f77,bab-sit-oab-swec-rg-01,swedencentral,AP,appweb,bab-sit-oab-appweb-start-01,e48414cd-f96d-4414-ae9e-da7fec844f77|bab-sit-oab-swec-rg-01|sit|oab|appweb|0800,Ready
bab-sit-oab_vms_Scheduled_db,/subscriptions/d88f0b5b-6660-4607-8c6a-395820400912/resourceGroups/bab-core-auto-weeu-rg-01/providers/Microsoft.Logic/workflows/bab-sit-oab_vms_Scheduled_db,Enabled,sit,oab,ScheduledStartTriggers,Week,1,750,Arab Standard Time,DAOABDBSWV01,/subscriptions/e48414cd-f96d-4414-ae9e-da7fec844f77/resourceGroups/bab-sit-oab-swec-rg-01/providers/Microsoft.Compute/virtualMachines/DAOABDBSWV01,e48414cd-f96d-4414-ae9e-da7fec844f77,bab-sit-oab-swec-rg-01,swedencentral,DB,db,bab-sit-oab-db-start-01,e48414cd-f96d-4414-ae9e-da7fec844f77|bab-sit-oab-swec-rg-01|sit|oab|db|0750,Ready
bab-ods-sit_vms_Scheduled_db,/subscriptions/d88f0b5b-6660-4607-8c6a-395820400912/resourceGroups/bab-core-auto-weeu-rg-01/providers/Microsoft.Logic/workflows/bab-ods-sit_vms_Scheduled_db,Enabled,sit,ods,ScheduledStartTriggers,Week,1,750,Arab Standard Time,DAODSORDBSLV01,/subscriptions/e48414cd-f96d-4414-ae9e-da7fec844f77/resourceGroups/BAB-SIT-ODS-SWEC-RG-01/providers/Microsoft.Compute/virtualMachines/DAODSORDBSLV01,e48414cd-f96d-4414-ae9e-da7fec844f77,BAB-SIT-ODS-SWEC-RG-01,swedencentral,DB,db,bab-sit-ods-db-start-01,e48414cd-f96d-4414-ae9e-da7fec844f77|BAB-SIT-ODS-SWEC-RG-01|sit|ods|db|0750,Ready
bab-ods-sit_vms_Scheduled_db,/subscriptions/d88f0b5b-6660-4607-8c6a-395820400912/resourceGroups/bab-core-auto-weeu-rg-01/providers/Microsoft.Logic/workflows/bab-ods-sit_vms_Scheduled_db,Enabled,sit,ods,ScheduledStartTriggers,Week,1,750,Arab Standard Time,DASTLDBSQIWV1,/subscriptions/e48414cd-f96d-4414-ae9e-da7fec844f77/resourceGroups/BAB-SIT-ODS-SWEC-RG-01/providers/Microsoft.Compute/virtualMachines/DASTLDBSQIWV1,e48414cd-f96d-4414-ae9e-da7fec844f77,BAB-SIT-ODS-SWEC-RG-01,swedencentral,DB,db,bab-sit-ods-db-start-01,e48414cd-f96d-4414-ae9e-da7fec844f77|BAB-SIT-ODS-SWEC-RG-01|sit|ods|db|0750,Ready
bab-sit-orch-db-start-01,/subscriptions/d88f0b5b-6660-4607-8c6a-395820400912/resourceGroups/bab-core-auto-weeu-rg-01/providers/Microsoft.Logic/workflows/bab-sit-orch-db-start-01,Enabled,sit,orch,ScheduledStartTrigger,Week,1,800,Arab Standard Time,DAORCHDBSLV01,/subscriptions/e48414cd-f96d-4414-ae9e-da7fec844f77/resourceGroups/BAB-SIT-ORCH-SWEC-RG-01/providers/Microsoft.Compute/virtualMachines/DAORCHDBSLV01,e48414cd-f96d-4414-ae9e-da7fec844f77,BAB-SIT-ORCH-SWEC-RG-01,swedencentral,DB,db,bab-sit-orch-db-start-01,e48414cd-f96d-4414-ae9e-da7fec844f77|BAB-SIT-ORCH-SWEC-RG-01|sit|orch|db|0800,Ready
bab_pbi_sit_vms_Scheduled_appweb,/subscriptions/d88f0b5b-6660-4607-8c6a-395820400912/resourceGroups/bab-core-auto-weeu-rg-01/providers/Microsoft.Logic/workflows/bab_pbi_sit_vms_Scheduled_appweb,Enabled,sit,pbi,ScheduledStartTriggers,Week,1,800,Arab Standard Time,DAPPIAPSWV1,/subscriptions/e48414cd-f96d-4414-ae9e-da7fec844f77/resourceGroups/bab-sit-pbi-swec-rg-01/providers/Microsoft.Compute/virtualMachines/DAPPIAPSWV1,e48414cd-f96d-4414-ae9e-da7fec844f77,bab-sit-pbi-swec-rg-01,swedencentral,AP,appweb,bab-sit-pbi-appweb-start-01,e48414cd-f96d-4414-ae9e-da7fec844f77|bab-sit-pbi-swec-rg-01|sit|pbi|appweb|0800,Ready
bab_pbi_sit_vms_Scheduled_appweb,/subscriptions/d88f0b5b-6660-4607-8c6a-395820400912/resourceGroups/bab-core-auto-weeu-rg-01/providers/Microsoft.Logic/workflows/bab_pbi_sit_vms_Scheduled_appweb,Enabled,sit,pbi,ScheduledStartTriggers,Week,1,800,Arab Standard Time,DACDBPBISWV1,/subscriptions/e48414cd-f96d-4414-ae9e-da7fec844f77/resourceGroups/bab-sit-pbi-swec-rg-01/providers/Microsoft.Compute/virtualMachines/DACDBPBISWV1,e48414cd-f96d-4414-ae9e-da7fec844f77,bab-sit-pbi-swec-rg-01,swedencentral,DB,db,bab-sit-pbi-appweb-start-01,e48414cd-f96d-4414-ae9e-da7fec844f77|bab-sit-pbi-swec-rg-01|sit|pbi|db|0800,Ready
ststv2_pcc_sit_vms_Scheduled_start,/subscriptions/d88f0b5b-6660-4607-8c6a-395820400912/resourceGroups/bab-core-auto-weeu-rg-01/providers/Microsoft.Logic/workflows/ststv2_pcc_sit_vms_Scheduled_start,Enabled,sit,pcc,Recurrence,Week,1,800,Arab Standard Time,DAPCCAPSLV1,/subscriptions/e48414cd-f96d-4414-ae9e-da7fec844f77/resourceGroups/bab-sit-pcc-swec-rg-01/providers/Microsoft.Compute/virtualMachines/DAPCCAPSLV1,e48414cd-f96d-4414-ae9e-da7fec844f77,bab-sit-pcc-swec-rg-01,swedencentral,AP,appweb,bab-sit-pcc-appweb-start-01,e48414cd-f96d-4414-ae9e-da7fec844f77|bab-sit-pcc-swec-rg-01|sit|pcc|appweb|0800,Ready
ststv2_pcc_sit_vms_Scheduled_start,/subscriptions/d88f0b5b-6660-4607-8c6a-395820400912/resourceGroups/bab-core-auto-weeu-rg-01/providers/Microsoft.Logic/workflows/ststv2_pcc_sit_vms_Scheduled_start,Enabled,sit,pcc,Recurrence,Week,1,800,Arab Standard Time,DAPCCWBSLV1,/subscriptions/e48414cd-f96d-4414-ae9e-da7fec844f77/resourceGroups/bab-sit-pcc-swec-rg-01/providers/Microsoft.Compute/virtualMachines/DAPCCWBSLV1,e48414cd-f96d-4414-ae9e-da7fec844f77,bab-sit-pcc-swec-rg-01,swedencentral,AP,appweb,bab-sit-pcc-appweb-start-01,e48414cd-f96d-4414-ae9e-da7fec844f77|bab-sit-pcc-swec-rg-01|sit|pcc|appweb|0800,Ready
bab-sit-picm-appweb-start-01,/subscriptions/d88f0b5b-6660-4607-8c6a-395820400912/resourceGroups/bab-core-auto-weeu-rg-01/providers/Microsoft.Logic/workflows/bab-sit-picm-appweb-start-01,Enabled,sit,picm,ScheduledStartTrigger,Week,1,800,Arab Standard Time,DAPICMORDBSLV01,/subscriptions/e48414cd-f96d-4414-ae9e-da7fec844f77/resourceGroups/bab-sit-picm-swec-rg-01/providers/Microsoft.Compute/virtualMachines/DAPICMORDBSLV01,e48414cd-f96d-4414-ae9e-da7fec844f77,bab-sit-picm-swec-rg-01,swedencentral,AP,appweb,bab-sit-picm-appweb-start-01,e48414cd-f96d-4414-ae9e-da7fec844f77|bab-sit-picm-swec-rg-01|sit|picm|appweb|0800,Ready
bab_ppl_sit_vms_Scheduled_appweb,/subscriptions/d88f0b5b-6660-4607-8c6a-395820400912/resourceGroups/bab-core-auto-weeu-rg-01/providers/Microsoft.Logic/workflows/bab_ppl_sit_vms_Scheduled_appweb,Enabled,sit,ppl,ScheduledStartTriggers,Week,1,800,Arab Standard Time,DAPPLAPSCSWV01,/subscriptions/e48414cd-f96d-4414-ae9e-da7fec844f77/resourceGroups/bab-sit-ppl-br-rg-01/providers/Microsoft.Compute/virtualMachines/DAPPLAPSCSWV01,e48414cd-f96d-4414-ae9e-da7fec844f77,bab-sit-ppl-br-rg-01,swedencentral,AP,appweb,bab-sit-ppl-appweb-start-01,e48414cd-f96d-4414-ae9e-da7fec844f77|bab-sit-ppl-br-rg-01|sit|ppl|appweb|0800,Ready
bab_ppl_sit_vms_Scheduled_db,/subscriptions/d88f0b5b-6660-4607-8c6a-395820400912/resourceGroups/bab-core-auto-weeu-rg-01/providers/Microsoft.Logic/workflows/bab_ppl_sit_vms_Scheduled_db,Enabled,sit,ppl,ScheduledStartTriggers,Week,1,750,Arab Standard Time,DAPPLSQDBSWV01,/subscriptions/e48414cd-f96d-4414-ae9e-da7fec844f77/resourceGroups/bab-sit-ppl-br-rg-01/providers/Microsoft.Compute/virtualMachines/DAPPLSQDBSWV01,e48414cd-f96d-4414-ae9e-da7fec844f77,bab-sit-ppl-br-rg-01,swedencentral,DB,db,bab-sit-ppl-db-start-01,e48414cd-f96d-4414-ae9e-da7fec844f77|bab-sit-ppl-br-rg-01|sit|ppl|appweb|0800,Ready
bab_ppl_sit_vms_Scheduled_appweb,/subscriptions/d88f0b5b-6660-4607-8c6a-395820400912/resourceGroups/bab-core-auto-weeu-rg-01/providers/Microsoft.Logic/workflows/bab_ppl_sit_vms_Scheduled_appweb,Enabled,sit,ppl,ScheduledStartTriggers,Week,1,800,Arab Standard Time,DAPPLWBSCSWV01,/subscriptions/e48414cd-f96d-4414-ae9e-da7fec844f77/resourceGroups/BAB-SIT-PPL-BR-RG-01/providers/Microsoft.Compute/virtualMachines/DAPPLWBSCSWV01,e48414cd-f96d-4414-ae9e-da7fec844f77,BAB-SIT-PPL-BR-RG-01,swedencentral,AP,appweb,bab-sit-ppl-appweb-start-01,e48414cd-f96d-4414-ae9e-da7fec844f77|BAB-SIT-PPL-BR-RG-01|sit|ppl|appweb|0800,Ready
bab-proview-sit_vms_Scheduled_start,/subscriptions/d88f0b5b-6660-4607-8c6a-395820400912/resourceGroups/bab-core-auto-weeu-rg-01/providers/Microsoft.Logic/workflows/bab-proview-sit_vms_Scheduled_start,Enabled,sit,proview,ScheduledStartTriggers,Week,1,800,Arab Standard Time,DAPRVAPPCIWV1,/subscriptions/e48414cd-f96d-4414-ae9e-da7fec844f77/resourceGroups/BAB-SIT-PROVIEW-SWEC-RG-01/providers/Microsoft.Compute/virtualMachines/DAPRVAPPCIWV1,e48414cd-f96d-4414-ae9e-da7fec844f77,BAB-SIT-PROVIEW-SWEC-RG-01,swedencentral,AP,appweb,bab-sit-proview-appweb-start-01,e48414cd-f96d-4414-ae9e-da7fec844f77|BAB-SIT-PROVIEW-SWEC-RG-01|sit|proview|appweb|0800,Ready
bab-rcn-sit_vms_Scheduled_start,/subscriptions/d88f0b5b-6660-4607-8c6a-395820400912/resourceGroups/bab-core-auto-weeu-rg-01/providers/Microsoft.Logic/workflows/bab-rcn-sit_vms_Scheduled_start,Enabled,sit,rcn,ScheduledStartTriggers,Week,1,800,Arab Standard Time,DARECAPSWV1,/subscriptions/e48414cd-f96d-4414-ae9e-da7fec844f77/resourceGroups/bab-sit-rcn-swec-rg-01/providers/Microsoft.Compute/virtualMachines/DARECAPSWV1,e48414cd-f96d-4414-ae9e-da7fec844f77,bab-sit-rcn-swec-rg-01,swedencentral,AP,appweb,bab-sit-rcn-appweb-start-01,e48414cd-f96d-4414-ae9e-da7fec844f77|bab-sit-rcn-swec-rg-01|sit|rcn|appweb|0800,Ready
ststv2_vms_Scheduled_start_Redis_0800,/subscriptions/d88f0b5b-6660-4607-8c6a-395820400912/resourceGroups/bab-core-auto-weeu-rg-01/providers/Microsoft.Logic/workflows/ststv2_vms_Scheduled_start_Redis_0800,Enabled,sit,rmb-rds,Recurrence,Week,1,800,Arab Standard Time,DARDSDBORSLV1,/subscriptions/e48414cd-f96d-4414-ae9e-da7fec844f77/resourceGroups/BAB-SIT-RMB-RDS-SWEC-RG-01/providers/Microsoft.Compute/virtualMachines/DARDSDBORSLV1,e48414cd-f96d-4414-ae9e-da7fec844f77,BAB-SIT-RMB-RDS-SWEC-RG-01,swedencentral,DB,db,bab-sit-rmb-rds-db-start-01,e48414cd-f96d-4414-ae9e-da7fec844f77|BAB-SIT-RMB-RDS-SWEC-RG-01|sit|rmb-rds|db|0800,Ready
ststv2_vms_Scheduled_start_Redis_0800,/subscriptions/d88f0b5b-6660-4607-8c6a-395820400912/resourceGroups/bab-core-auto-weeu-rg-01/providers/Microsoft.Logic/workflows/ststv2_vms_Scheduled_start_Redis_0800,Enabled,sit,rmb-rds,Recurrence,Week,1,800,Arab Standard Time,DARDSDBORSLV2,/subscriptions/e48414cd-f96d-4414-ae9e-da7fec844f77/resourceGroups/BAB-SIT-RMB-RDS-SWEC-RG-01/providers/Microsoft.Compute/virtualMachines/DARDSDBORSLV2,e48414cd-f96d-4414-ae9e-da7fec844f77,BAB-SIT-RMB-RDS-SWEC-RG-01,swedencentral,DB,db,bab-sit-rmb-rds-db-start-01,e48414cd-f96d-4414-ae9e-da7fec844f77|BAB-SIT-RMB-RDS-SWEC-RG-01|sit|rmb-rds|db|0800,Ready
ststv2_vms_Scheduled_start_Redis_0800,/subscriptions/d88f0b5b-6660-4607-8c6a-395820400912/resourceGroups/bab-core-auto-weeu-rg-01/providers/Microsoft.Logic/workflows/ststv2_vms_Scheduled_start_Redis_0800,Enabled,sit,rmb-rds,Recurrence,Week,1,800,Arab Standard Time,DARDSDBORSLV3,/subscriptions/e48414cd-f96d-4414-ae9e-da7fec844f77/resourceGroups/BAB-SIT-RMB-RDS-SWEC-RG-01/providers/Microsoft.Compute/virtualMachines/DARDSDBORSLV3,e48414cd-f96d-4414-ae9e-da7fec844f77,BAB-SIT-RMB-RDS-SWEC-RG-01,swedencentral,DB,db,bab-sit-rmb-rds-db-start-01,e48414cd-f96d-4414-ae9e-da7fec844f77|BAB-SIT-RMB-RDS-SWEC-RG-01|sit|rmb-rds|db|0800,Ready
bab-rsp-sit_vms_Scheduled_start,/subscriptions/d88f0b5b-6660-4607-8c6a-395820400912/resourceGroups/bab-core-auto-weeu-rg-01/providers/Microsoft.Logic/workflows/bab-rsp-sit_vms_Scheduled_start,Enabled,sit,rsp,ScheduledStartTriggers,Week,1,800,Arab Standard Time,DARSPWBSLV01,/subscriptions/e48414cd-f96d-4414-ae9e-da7fec844f77/resourceGroups/BAB-SIT-RSP-SWEC-RG-01/providers/Microsoft.Compute/virtualMachines/DARSPWBSLV01,e48414cd-f96d-4414-ae9e-da7fec844f77,BAB-SIT-RSP-SWEC-RG-01,swedencentral,WB,appweb,bab-sit-rsp-appweb-start-01,e48414cd-f96d-4414-ae9e-da7fec844f77|BAB-SIT-RSP-SWEC-RG-01|sit|rsp|appweb|0800,Ready
bab-rsp-sit_vms_Scheduled_db,/subscriptions/d88f0b5b-6660-4607-8c6a-395820400912/resourceGroups/bab-core-auto-weeu-rg-01/providers/Microsoft.Logic/workflows/bab-rsp-sit_vms_Scheduled_db,Enabled,sit,rsp,ScheduledStartTriggers,Week,1,800,Arab Standard Time,DARSPDBSLV01,/subscriptions/e48414cd-f96d-4414-ae9e-da7fec844f77/resourceGroups/BAB-SIT-RSP-SWEC-RG-01/providers/Microsoft.Compute/virtualMachines/DARSPDBSLV01,e48414cd-f96d-4414-ae9e-da7fec844f77,BAB-SIT-RSP-SWEC-RG-01,swedencentral,DB,db,bab-sit-rsp-db-start-01,e48414cd-f96d-4414-ae9e-da7fec844f77|BAB-SIT-RSP-SWEC-RG-01|sit|rsp|db|0800,Ready
bab-rsp-sit_vms_Scheduled_start,/subscriptions/d88f0b5b-6660-4607-8c6a-395820400912/resourceGroups/bab-core-auto-weeu-rg-01/providers/Microsoft.Logic/workflows/bab-rsp-sit_vms_Scheduled_start,Enabled,sit,rsp,ScheduledStartTriggers,Week,1,800,Arab Standard Time,DARSPBHSLV01,/subscriptions/e48414cd-f96d-4414-ae9e-da7fec844f77/resourceGroups/BAB-SIT-RSP-SWEC-RG-01/providers/Microsoft.Compute/virtualMachines/DARSPBHSLV01,e48414cd-f96d-4414-ae9e-da7fec844f77,BAB-SIT-RSP-SWEC-RG-01,swedencentral,,appweb,bab-sit-rsp-appweb-start-01,e48414cd-f96d-4414-ae9e-da7fec844f77|BAB-SIT-RSP-SWEC-RG-01|sit|rsp|unknown|0800,Ready
ststv2_saqar-sit_vms_Scheduled_start,/subscriptions/d88f0b5b-6660-4607-8c6a-395820400912/resourceGroups/bab-core-auto-weeu-rg-01/providers/Microsoft.Logic/workflows/ststv2_saqar-sit_vms_Scheduled_start,Enabled,sit,saq,Recurrence,Week,1,800,Arab Standard Time,DASAQAPWSSWV2,/subscriptions/e48414cd-f96d-4414-ae9e-da7fec844f77/resourceGroups/BAB-SIT-saq-SWEC-RG-01/providers/Microsoft.Compute/virtualMachines/DASAQAPWSSWV2,e48414cd-f96d-4414-ae9e-da7fec844f77,BAB-SIT-saq-SWEC-RG-01,swedencentral,AP,appweb,bab-sit-saq-appweb-start-01,e48414cd-f96d-4414-ae9e-da7fec844f77|BAB-SIT-saq-SWEC-RG-01|sit|saq|appweb|0800,Ready
ststv2_saqar-sit_vms_Scheduled_start,/subscriptions/d88f0b5b-6660-4607-8c6a-395820400912/resourceGroups/bab-core-auto-weeu-rg-01/providers/Microsoft.Logic/workflows/ststv2_saqar-sit_vms_Scheduled_start,Enabled,sit,saq,Recurrence,Week,1,800,Arab Standard Time,DASAQWBWSSWV1,/subscriptions/e48414cd-f96d-4414-ae9e-da7fec844f77/resourceGroups/BAB-SIT-saq-SWEC-RG-01/providers/Microsoft.Compute/virtualMachines/DASAQWBWSSWV1,e48414cd-f96d-4414-ae9e-da7fec844f77,BAB-SIT-saq-SWEC-RG-01,swedencentral,WB,appweb,bab-sit-saq-appweb-start-01,e48414cd-f96d-4414-ae9e-da7fec844f77|BAB-SIT-saq-SWEC-RG-01|sit|saq|appweb|0800,Ready
ststv2_saqar-sit_vms_Scheduled_start,/subscriptions/d88f0b5b-6660-4607-8c6a-395820400912/resourceGroups/bab-core-auto-weeu-rg-01/providers/Microsoft.Logic/workflows/ststv2_saqar-sit_vms_Scheduled_start,Enabled,sit,saq,Recurrence,Week,1,800,Arab Standard Time,DASAQDBORSLV01,/subscriptions/e48414cd-f96d-4414-ae9e-da7fec844f77/resourceGroups/BAB-SIT-saq-SWEC-RG-01/providers/Microsoft.Compute/virtualMachines/DASAQDBORSLV01,e48414cd-f96d-4414-ae9e-da7fec844f77,BAB-SIT-saq-SWEC-RG-01,swedencentral,DB,db,bab-sit-saq-db-start-01,e48414cd-f96d-4414-ae9e-da7fec844f77|BAB-SIT-saq-SWEC-RG-01|sit|saq|db|0800,Ready
ststv2_scf_sit_vms_Scheduled_start,/subscriptions/d88f0b5b-6660-4607-8c6a-395820400912/resourceGroups/bab-core-auto-weeu-rg-01/providers/Microsoft.Logic/workflows/ststv2_scf_sit_vms_Scheduled_start,Enabled,sit,scf,Recurrence,Week,1,800,Arab Standard Time,DASCFWBISSWV01,/subscriptions/e48414cd-f96d-4414-ae9e-da7fec844f77/resourceGroups/bab-sit-scf-swec-rg-01/providers/Microsoft.Compute/virtualMachines/DASCFWBISSWV01,e48414cd-f96d-4414-ae9e-da7fec844f77,bab-sit-scf-swec-rg-01,swedencentral,WB,appweb,bab-sit-scf-appweb-start-01,e48414cd-f96d-4414-ae9e-da7fec844f77|bab-sit-scf-swec-rg-01|sit|scf|appweb|0800,Ready
ststv2_scf_sit_vms_Scheduled_start,/subscriptions/d88f0b5b-6660-4607-8c6a-395820400912/resourceGroups/bab-core-auto-weeu-rg-01/providers/Microsoft.Logic/workflows/ststv2_scf_sit_vms_Scheduled_start,Enabled,sit,scf,Recurrence,Week,1,800,Arab Standard Time,DASCFDBSQSWV01,/subscriptions/e48414cd-f96d-4414-ae9e-da7fec844f77/resourceGroups/bab-sit-scf-swec-rg-01/providers/Microsoft.Compute/virtualMachines/DASCFDBSQSWV01,e48414cd-f96d-4414-ae9e-da7fec844f77,bab-sit-scf-swec-rg-01,swedencentral,DB,db,bab-sit-scf-db-start-01,e48414cd-f96d-4414-ae9e-da7fec844f77|bab-sit-scf-swec-rg-01|sit|scf|db|0800,Ready
bab-sde-sit_vms_Scheduled_start,/subscriptions/d88f0b5b-6660-4607-8c6a-395820400912/resourceGroups/bab-core-auto-weeu-rg-01/providers/Microsoft.Logic/workflows/bab-sde-sit_vms_Scheduled_start,Enabled,sit,sde,ScheduledStartTriggers,Week,1,800,Arab Standard Time,DASDEAPPSWV1,/subscriptions/e48414cd-f96d-4414-ae9e-da7fec844f77/resourceGroups/SIT-SDE-SWEC-RG-01/providers/Microsoft.Compute/virtualMachines/DASDEAPPSWV1,e48414cd-f96d-4414-ae9e-da7fec844f77,SIT-SDE-SWEC-RG-01,swedencentral,AP,appweb,bab-sit-sde-appweb-start-01,e48414cd-f96d-4414-ae9e-da7fec844f77|SIT-SDE-SWEC-RG-01|sit|sde|appweb|0800,Ready
bab-sde-sit_db_Scheduled_start,/subscriptions/d88f0b5b-6660-4607-8c6a-395820400912/resourceGroups/bab-core-auto-weeu-rg-01/providers/Microsoft.Logic/workflows/bab-sde-sit_db_Scheduled_start,Enabled,sit,sde,ScheduledStartTriggers,Week,1,750,Arab Standard Time,DASDESDBSQSWV1,/subscriptions/e48414cd-f96d-4414-ae9e-da7fec844f77/resourceGroups/sit-sde-swec-rg-01/providers/Microsoft.Compute/virtualMachines/DASDESDBSQSWV1,e48414cd-f96d-4414-ae9e-da7fec844f77,sit-sde-swec-rg-01,swedencentral,DB,db,bab-sit-sde-db-start-01,e48414cd-f96d-4414-ae9e-da7fec844f77|sit-sde-swec-rg-01|sit|sde|db|0750,Ready
ststv2_shared-db_sit_vms_Scheduled_start,/subscriptions/d88f0b5b-6660-4607-8c6a-395820400912/resourceGroups/bab-core-auto-weeu-rg-01/providers/Microsoft.Logic/workflows/ststv2_shared-db_sit_vms_Scheduled_start,Enabled,sit,shareddb,Recurrence,Week,1,715,Arab Standard Time,DAENTDBSQSWV1,/subscriptions/e48414cd-f96d-4414-ae9e-da7fec844f77/resourceGroups/bab-sit-shareddb-swec-rg-01/providers/Microsoft.Compute/virtualMachines/DAENTDBSQSWV1,e48414cd-f96d-4414-ae9e-da7fec844f77,bab-sit-shareddb-swec-rg-01,swedencentral,DB,db,bab-sit-shareddb-db-start-01,e48414cd-f96d-4414-ae9e-da7fec844f77|bab-sit-shareddb-swec-rg-01|sit|shareddb|db|0715,Ready
ststv2_sit_shp_vms_Scheduled_start,/subscriptions/d88f0b5b-6660-4607-8c6a-395820400912/resourceGroups/bab-core-auto-weeu-rg-01/providers/Microsoft.Logic/workflows/ststv2_sit_shp_vms_Scheduled_start,Enabled,sit,shp,Recurrence,Week,1,800,Arab Standard Time,DABABAPSPSWV1,/subscriptions/e48414cd-f96d-4414-ae9e-da7fec844f77/resourceGroups/BAB-SIT-SHP-SWEC-RG-01/providers/Microsoft.Compute/virtualMachines/DABABAPSPSWV1,e48414cd-f96d-4414-ae9e-da7fec844f77,BAB-SIT-SHP-SWEC-RG-01,swedencentral,AP,appweb,bab-sit-shp-appweb-start-01,e48414cd-f96d-4414-ae9e-da7fec844f77|BAB-SIT-SHP-SWEC-RG-01|sit|shp|appweb|0800,Ready
ststv2_sit_shp_vms_Scheduled_start,/subscriptions/d88f0b5b-6660-4607-8c6a-395820400912/resourceGroups/bab-core-auto-weeu-rg-01/providers/Microsoft.Logic/workflows/ststv2_sit_shp_vms_Scheduled_start,Enabled,sit,shp,Recurrence,Week,1,800,Arab Standard Time,DABABWBSPSWV1,/subscriptions/e48414cd-f96d-4414-ae9e-da7fec844f77/resourceGroups/bab-sit-shp-swec-rg-01/providers/Microsoft.Compute/virtualMachines/DABABWBSPSWV1,e48414cd-f96d-4414-ae9e-da7fec844f77,bab-sit-shp-swec-rg-01,swedencentral,WB,appweb,bab-sit-shp-appweb-start-01,e48414cd-f96d-4414-ae9e-da7fec844f77|bab-sit-shp-swec-rg-01|sit|shp|appweb|0800,Ready
ststv2_vms_Scheduled_start_sme,/subscriptions/d88f0b5b-6660-4607-8c6a-395820400912/resourceGroups/bab-core-auto-weeu-rg-01/providers/Microsoft.Logic/workflows/ststv2_vms_Scheduled_start_sme,Enabled,sit,sme,Recurrence,Week,1,800,Arab Standard Time,DASMEWBSLV1,/subscriptions/e48414cd-f96d-4414-ae9e-da7fec844f77/resourceGroups/BAB-SIT-SME-SWEC-RG-01/providers/Microsoft.Compute/virtualMachines/DASMEWBSLV1,e48414cd-f96d-4414-ae9e-da7fec844f77,BAB-SIT-SME-SWEC-RG-01,swedencentral,WB,appweb,bab-sit-sme-appweb-start-01,e48414cd-f96d-4414-ae9e-da7fec844f77|BAB-SIT-SME-SWEC-RG-01|sit|sme|appweb|0800,Ready
ststv2_vms_Scheduled_start_sme,/subscriptions/d88f0b5b-6660-4607-8c6a-395820400912/resourceGroups/bab-core-auto-weeu-rg-01/providers/Microsoft.Logic/workflows/ststv2_vms_Scheduled_start_sme,Enabled,sit,sme-loan,Recurrence,Week,1,800,Arab Standard Time,DASMEWBMSSLV1,/subscriptions/e48414cd-f96d-4414-ae9e-da7fec844f77/resourceGroups/BAB-SIT-SME-LOAN-RG-01/providers/Microsoft.Compute/virtualMachines/DASMEWBMSSLV1,e48414cd-f96d-4414-ae9e-da7fec844f77,BAB-SIT-SME-LOAN-RG-01,swedencentral,WB,appweb,bab-sit-sme-loan-appweb-start-01,e48414cd-f96d-4414-ae9e-da7fec844f77|BAB-SIT-SME-LOAN-RG-01|sit|sme-loan|appweb|0800,Ready
bab-smsgw-sit_vms_Scheduled_db,/subscriptions/d88f0b5b-6660-4607-8c6a-395820400912/resourceGroups/bab-core-auto-weeu-rg-01/providers/Microsoft.Logic/workflows/bab-smsgw-sit_vms_Scheduled_db,Enabled,sit,smsgw,ScheduledStartTriggers,Week,1,750,Arab Standard Time,DASMSGWDBIWV1,/subscriptions/e48414cd-f96d-4414-ae9e-da7fec844f77/resourceGroups/BAB-SIT-SMSGW-SWEC-RG-01/providers/Microsoft.Compute/virtualMachines/DASMSGWDBIWV1,e48414cd-f96d-4414-ae9e-da7fec844f77,BAB-SIT-SMSGW-SWEC-RG-01,swedencentral,DB,DB,bab-sit-smsgw-db-start-01,e48414cd-f96d-4414-ae9e-da7fec844f77|BAB-SIT-SMSGW-SWEC-RG-01|sit|smsgw|db|0750,Ready
bab-smsgw-sit_vms_Scheduled_app,/subscriptions/d88f0b5b-6660-4607-8c6a-395820400912/resourceGroups/bab-core-auto-weeu-rg-01/providers/Microsoft.Logic/workflows/bab-smsgw-sit_vms_Scheduled_app,Enabled,sit,smsgw,ScheduledStartTriggers,Week,1,,Arab Standard Time,DASMSGWCOIWV2,/subscriptions/e48414cd-f96d-4414-ae9e-da7fec844f77/resourceGroups/BAB-SIT-SMSGW-SWEC-RG-01/providers/Microsoft.Compute/virtualMachines/DASMSGWCOIWV2,e48414cd-f96d-4414-ae9e-da7fec844f77,BAB-SIT-SMSGW-SWEC-RG-01,swedencentral,,DB,bab-sit-smsgw-appweb-start-01,e48414cd-f96d-4414-ae9e-da7fec844f77|BAB-SIT-SMSGW-SWEC-RG-01|sit|smsgw|unknown|0750,Ready
bab-sss-sit_vms_Scheduled_start,/subscriptions/d88f0b5b-6660-4607-8c6a-395820400912/resourceGroups/bab-core-auto-weeu-rg-01/providers/Microsoft.Logic/workflows/bab-sss-sit_vms_Scheduled_start,Enabled,sit,sss,ScheduledStartTriggers,Week,1,800,Arab Standard Time,DASOSDBSQTWV1,/subscriptions/e48414cd-f96d-4414-ae9e-da7fec844f77/resourceGroups/BAB-SIT-SSS-SWEC-RG-01/providers/Microsoft.Compute/virtualMachines/DASOSDBSQTWV1,e48414cd-f96d-4414-ae9e-da7fec844f77,BAB-SIT-SSS-SWEC-RG-01,swedencentral,DB,db,bab-sit-sss-db-start-01,e48414cd-f96d-4414-ae9e-da7fec844f77|BAB-SIT-SSS-SWEC-RG-01|sit|sss|db|0800,Ready
bab-tos-sit_vms_Scheduled_start,/subscriptions/d88f0b5b-6660-4607-8c6a-395820400912/resourceGroups/bab-core-auto-weeu-rg-01/providers/Microsoft.Logic/workflows/bab-tos-sit_vms_Scheduled_start,Enabled,sit,tos,ScheduledStartTriggers,Week,1,800,Arab Standard Time,DATOSAPSWV1,/subscriptions/e48414cd-f96d-4414-ae9e-da7fec844f77/resourceGroups/BAB-SIT-TOS-SWEC-RG-01/providers/Microsoft.Compute/virtualMachines/DATOSAPSWV1,e48414cd-f96d-4414-ae9e-da7fec844f77,BAB-SIT-TOS-SWEC-RG-01,swedencentral,AP,appweb,bab-sit-tos-appweb-start-01,e48414cd-f96d-4414-ae9e-da7fec844f77|BAB-SIT-TOS-SWEC-RG-01|sit|tos|appweb|0800,Ready
bab-tos-sit_vms_Scheduled_start,/subscriptions/d88f0b5b-6660-4607-8c6a-395820400912/resourceGroups/bab-core-auto-weeu-rg-01/providers/Microsoft.Logic/workflows/bab-tos-sit_vms_Scheduled_start,Enabled,sit,tos,ScheduledStartTriggers,Week,1,800,Arab Standard Time,DATOSAPSWV2,/subscriptions/e48414cd-f96d-4414-ae9e-da7fec844f77/resourceGroups/BAB-SIT-TOS-SWEC-RG-01/providers/Microsoft.Compute/virtualMachines/DATOSAPSWV2,e48414cd-f96d-4414-ae9e-da7fec844f77,BAB-SIT-TOS-SWEC-RG-01,swedencentral,AP,appweb,bab-sit-tos-appweb-start-01,e48414cd-f96d-4414-ae9e-da7fec844f77|BAB-SIT-TOS-SWEC-RG-01|sit|tos|appweb|0800,Ready
bab-tos-sit_vms_Scheduled_start,/subscriptions/d88f0b5b-6660-4607-8c6a-395820400912/resourceGroups/bab-core-auto-weeu-rg-01/providers/Microsoft.Logic/workflows/bab-tos-sit_vms_Scheduled_start,Enabled,sit,tos,ScheduledStartTriggers,Week,1,800,Arab Standard Time,DATOSAPSWV3,/subscriptions/e48414cd-f96d-4414-ae9e-da7fec844f77/resourceGroups/BAB-SIT-TOS-SWEC-RG-01/providers/Microsoft.Compute/virtualMachines/DATOSAPSWV3,e48414cd-f96d-4414-ae9e-da7fec844f77,BAB-SIT-TOS-SWEC-RG-01,swedencentral,AP,appweb,bab-sit-tos-appweb-start-01,e48414cd-f96d-4414-ae9e-da7fec844f77|BAB-SIT-TOS-SWEC-RG-01|sit|tos|appweb|0800,Ready
bab-tos-sit_vms_Scheduled_start,/subscriptions/d88f0b5b-6660-4607-8c6a-395820400912/resourceGroups/bab-core-auto-weeu-rg-01/providers/Microsoft.Logic/workflows/bab-tos-sit_vms_Scheduled_start,Enabled,sit,tos,ScheduledStartTriggers,Week,1,800,Arab Standard Time,DATOSAPSWV4,/subscriptions/e48414cd-f96d-4414-ae9e-da7fec844f77/resourceGroups/BAB-SIT-TOS-SWEC-RG-01/providers/Microsoft.Compute/virtualMachines/DATOSAPSWV4,e48414cd-f96d-4414-ae9e-da7fec844f77,BAB-SIT-TOS-SWEC-RG-01,swedencentral,AP,appweb,bab-sit-tos-appweb-start-01,e48414cd-f96d-4414-ae9e-da7fec844f77|BAB-SIT-TOS-SWEC-RG-01|sit|tos|appweb|0800,Ready
ststv2_upba_vms_Scheduled_start,/subscriptions/d88f0b5b-6660-4607-8c6a-395820400912/resourceGroups/bab-core-auto-weeu-rg-01/providers/Microsoft.Logic/workflows/ststv2_upba_vms_Scheduled_start,Enabled,sit,upba,Recurrence,Week,1,800,Arab Standard Time,DAUPBAOFOASWV01,/subscriptions/e48414cd-f96d-4414-ae9e-da7fec844f77/resourceGroups/bab-sit-upba-swec-rg-01/providers/Microsoft.Compute/virtualMachines/DAUPBAOFOASWV01,e48414cd-f96d-4414-ae9e-da7fec844f77,bab-sit-upba-swec-rg-01,swedencentral,,appweb,bab-dev-upba-appweb-start-01,e48414cd-f96d-4414-ae9e-da7fec844f77|bab-sit-upba-swec-rg-01|sit|upba|unknown|0800,Ready
bab_vnv_sit_vms_Scheduled_appweb,/subscriptions/d88f0b5b-6660-4607-8c6a-395820400912/resourceGroups/bab-core-auto-weeu-rg-01/providers/Microsoft.Logic/workflows/bab_vnv_sit_vms_Scheduled_appweb,Enabled,sit,vnv,ScheduledStartTriggers,Week,1,800,Arab Standard Time,DAVNVAPSWV1,/subscriptions/e48414cd-f96d-4414-ae9e-da7fec844f77/resourceGroups/bab-sit-vnv-swec-rg-01/providers/Microsoft.Compute/virtualMachines/DAVNVAPSWV1,e48414cd-f96d-4414-ae9e-da7fec844f77,bab-sit-vnv-swec-rg-01,swedencentral,AP,appweb,bab-sit-vnv-appweb-start-01,e48414cd-f96d-4414-ae9e-da7fec844f77|bab-sit-vnv-swec-rg-01|sit|vnv|appweb|0800,Ready
bab_vnv_sit_vms_Scheduled_db,/subscriptions/d88f0b5b-6660-4607-8c6a-395820400912/resourceGroups/bab-core-auto-weeu-rg-01/providers/Microsoft.Logic/workflows/bab_vnv_sit_vms_Scheduled_db,Enabled,sit,vnv,ScheduledStartTriggers,Week,1,750,Arab Standard Time,DAVNVDBSQSWV1,/subscriptions/e48414cd-f96d-4414-ae9e-da7fec844f77/resourceGroups/bab-sit-vnv-swec-rg-01/providers/Microsoft.Compute/virtualMachines/DAVNVDBSQSWV1,e48414cd-f96d-4414-ae9e-da7fec844f77,bab-sit-vnv-swec-rg-01,swedencentral,DB,db,bab-sit-vnv-db-start-01,e48414cd-f96d-4414-ae9e-da7fec844f77|bab-sit-vnv-swec-rg-01|sit|vnv|db|0750,Ready
bab-was-sit_vms_Scheduled_start,/subscriptions/d88f0b5b-6660-4607-8c6a-395820400912/resourceGroups/bab-core-auto-weeu-rg-01/providers/Microsoft.Logic/workflows/bab-was-sit_vms_Scheduled_start,Enabled,sit,was,ScheduledStartTriggers,Week,1,800,Arab Standard Time,DAIBGAPDMILV1,/subscriptions/e48414cd-f96d-4414-ae9e-da7fec844f77/resourceGroups/BAB-SIT-WAS-SWEC-RG-01/providers/Microsoft.Compute/virtualMachines/DAIBGAPDMILV1,e48414cd-f96d-4414-ae9e-da7fec844f77,BAB-SIT-WAS-SWEC-RG-01,swedencentral,AP,appweb,bab-sit-was-appweb-start-01,e48414cd-f96d-4414-ae9e-da7fec844f77|BAB-SIT-WAS-SWEC-RG-01|sit|was|appweb|0800,Ready
bab-was-sit_vms_Scheduled_start,/subscriptions/d88f0b5b-6660-4607-8c6a-395820400912/resourceGroups/bab-core-auto-weeu-rg-01/providers/Microsoft.Logic/workflows/bab-was-sit_vms_Scheduled_start,Enabled,sit,was,ScheduledStartTriggers,Week,1,800,Arab Standard Time,DAIBGAPWSILV1,/subscriptions/e48414cd-f96d-4414-ae9e-da7fec844f77/resourceGroups/BAB-SIT-WAS-SWEC-RG-01/providers/Microsoft.Compute/virtualMachines/DAIBGAPWSILV1,e48414cd-f96d-4414-ae9e-da7fec844f77,BAB-SIT-WAS-SWEC-RG-01,swedencentral,AP,appweb,bab-sit-was-appweb-start-01,e48414cd-f96d-4414-ae9e-da7fec844f77|BAB-SIT-WAS-SWEC-RG-01|sit|was|appweb|0800,Ready
bab-was-sit_vms_Scheduled_start,/subscriptions/d88f0b5b-6660-4607-8c6a-395820400912/resourceGroups/bab-core-auto-weeu-rg-01/providers/Microsoft.Logic/workflows/bab-was-sit_vms_Scheduled_start,Enabled,sit,was,ScheduledStartTriggers,Week,1,800,Arab Standard Time,DAIBGAPWSILV2,/subscriptions/e48414cd-f96d-4414-ae9e-da7fec844f77/resourceGroups/BAB-SIT-WAS-SWEC-RG-01/providers/Microsoft.Compute/virtualMachines/DAIBGAPWSILV2,e48414cd-f96d-4414-ae9e-da7fec844f77,BAB-SIT-WAS-SWEC-RG-01,swedencentral,AP,appweb,bab-sit-was-appweb-start-01,e48414cd-f96d-4414-ae9e-da7fec844f77|BAB-SIT-WAS-SWEC-RG-01|sit|was|appweb|0800,Ready
bab-was-sit_vms_Scheduled_start,/subscriptions/d88f0b5b-6660-4607-8c6a-395820400912/resourceGroups/bab-core-auto-weeu-rg-01/providers/Microsoft.Logic/workflows/bab-was-sit_vms_Scheduled_start,Enabled,sit,was,ScheduledStartTriggers,Week,1,800,Arab Standard Time,DAIBGWBWSIWV1,/subscriptions/e48414cd-f96d-4414-ae9e-da7fec844f77/resourceGroups/BAB-SIT-WAS-SWEC-RG-01/providers/Microsoft.Compute/virtualMachines/DAIBGWBWSIWV1,e48414cd-f96d-4414-ae9e-da7fec844f77,BAB-SIT-WAS-SWEC-RG-01,swedencentral,WB,appweb,bab-sit-was-appweb-start-01,e48414cd-f96d-4414-ae9e-da7fec844f77|BAB-SIT-WAS-SWEC-RG-01|sit|was|appweb|0800,Ready
bab-was-sit_vms_Scheduled_start,/subscriptions/d88f0b5b-6660-4607-8c6a-395820400912/resourceGroups/bab-core-auto-weeu-rg-01/providers/Microsoft.Logic/workflows/bab-was-sit_vms_Scheduled_start,Enabled,sit,was,ScheduledStartTriggers,Week,1,800,Arab Standard Time,DABIBADLDSWV1,/subscriptions/e48414cd-f96d-4414-ae9e-da7fec844f77/resourceGroups/BAB-SIT-WAS-SWEC-RG-01/providers/Microsoft.Compute/virtualMachines/DABIBADLDSWV1,e48414cd-f96d-4414-ae9e-da7fec844f77,BAB-SIT-WAS-SWEC-RG-01,swedencentral,,appweb,bab-sit-was-appweb-start-01,e48414cd-f96d-4414-ae9e-da7fec844f77|BAB-SIT-WAS-SWEC-RG-01|sit|was|unknown|0800,Ready
bab-was-sit_vms_Scheduled_start,/subscriptions/d88f0b5b-6660-4607-8c6a-395820400912/resourceGroups/bab-core-auto-weeu-rg-01/providers/Microsoft.Logic/workflows/bab-was-sit_vms_Scheduled_start,Enabled,sit,was,ScheduledStartTriggers,Week,1,800,Arab Standard Time,DAIBGADLDSWV1,/subscriptions/e48414cd-f96d-4414-ae9e-da7fec844f77/resourceGroups/BAB-SIT-WAS-SWEC-RG-01/providers/Microsoft.Compute/virtualMachines/DAIBGADLDSWV1,e48414cd-f96d-4414-ae9e-da7fec844f77,BAB-SIT-WAS-SWEC-RG-01,swedencentral,,appweb,bab-sit-was-appweb-start-01,e48414cd-f96d-4414-ae9e-da7fec844f77|BAB-SIT-WAS-SWEC-RG-01|sit|was|unknown|0800,Ready
bab-was-sit_vms_Scheduled_start,/subscriptions/d88f0b5b-6660-4607-8c6a-395820400912/resourceGroups/bab-core-auto-weeu-rg-01/providers/Microsoft.Logic/workflows/bab-was-sit_vms_Scheduled_start,Enabled,sit,was,ScheduledStartTriggers,Week,1,800,Arab Standard Time,DAIBGADLDTWV1,/subscriptions/e48414cd-f96d-4414-ae9e-da7fec844f77/resourceGroups/BAB-SIT-WAS-SWEC-RG-01/providers/Microsoft.Compute/virtualMachines/DAIBGADLDTWV1,e48414cd-f96d-4414-ae9e-da7fec844f77,BAB-SIT-WAS-SWEC-RG-01,swedencentral,,appweb,bab-sit-was-appweb-start-01,e48414cd-f96d-4414-ae9e-da7fec844f77|BAB-SIT-WAS-SWEC-RG-01|sit|was|unknown|0800,Ready
